  ADMINISTRATIVE CODE,AIRPORT TERMINAL, 1 
  ADMINISTRATIVE CODE,ATM, 1 
  ADMINISTRATIVE CODE,BANK, 9 
  ADMINISTRATIVE CODE,BAR/NIGHT CLUB, 9 
  ADMINISTRATIVE CODE,BEAUTY & NAIL SALON, 11 
  ADMINISTRATIVE CODE,BRIDGE, 1 
  ADMINISTRATIVE CODE,BUS TERMINAL, 3 
  ADMINISTRATIVE CODE,CANDY STORE, 5 
  ADMINISTRATIVE CODE,CEMETERY, 1 
  ADMINISTRATIVE CODE,CHAIN STORE, 3 
  ADMINISTRATIVE CODE,CHECK CASHING BUSINESS, 26 
  ADMINISTRATIVE CODE,CHURCH, 12 
  ADMINISTRATIVE CODE,CLOTHING/BOUTIQUE, 3 
  ADMINISTRATIVE CODE,COMMERCIAL BUILDING, 53 
  ADMINISTRATIVE CODE,CONSTRUCTION SITE, 2 
  ADMINISTRATIVE CODE,DEPARTMENT STORE, 1 
  ADMINISTRATIVE CODE,DOCTOR/DENTIST OFFICE, 4 
  ADMINISTRATIVE CODE,DRUG STORE, 1 
  ADMINISTRATIVE CODE,DRY CLEANER/LAUNDRY, 3 
  ADMINISTRATIVE CODE,FACTORY/WAREHOUSE, 3 
  ADMINISTRATIVE CODE,FAST FOOD, 23 
  ADMINISTRATIVE CODE,GAS STATION, 2 
  ADMINISTRATIVE CODE,GROCERY/BODEGA, 31 
  ADMINISTRATIVE CODE,HOTEL/MOTEL, 2 
  ADMINISTRATIVE CODE,JEWELRY, 2 
  ADMINISTRATIVE CODE,LIQUOR STORE, 4 
  ADMINISTRATIVE CODE,OPEN AREAS  OPEN LOTS , 1 
  ADMINISTRATIVE CODE,OTHER, 53 
  ADMINISTRATIVE CODE,PARK/PLAYGROUND, 8 
  ADMINISTRATIVE CODE,PARKING LOT/GARAGE  PRIVATE , 6 
  ADMINISTRATIVE CODE,PARKING LOT/GARAGE  PUBLIC , 2 
  ADMINISTRATIVE CODE,PHOTO/COPY, 1 
  ADMINISTRATIVE CODE,PRIVATE/PAROCHIAL SCHOOL, 1 
  ADMINISTRATIVE CODE,PUBLIC BUILDING, 8 
  ADMINISTRATIVE CODE,PUBLIC SCHOOL, 12 
  ADMINISTRATIVE CODE,RESIDENCE - APT. HOUSE, 4058 
  ADMINISTRATIVE CODE,RESIDENCE - PUBLIC HOUSING, 135 
  ADMINISTRATIVE CODE,RESIDENCE-HOUSE, 2710 
  ADMINISTRATIVE CODE,RESTAURANT/DINER, 22 
  ADMINISTRATIVE CODE,SMALL MERCHANT, 11 
  ADMINISTRATIVE CODE,SOCIAL CLUB/POLICY, 3 
  ADMINISTRATIVE CODE,STORAGE FACILITY, 1 
  ADMINISTRATIVE CODE,STORE UNCLASSIFIED, 11 
  ADMINISTRATIVE CODE,STREET, 154 
  ADMINISTRATIVE CODE,SYNAGOGUE, 1 
  ADMINISTRATIVE CODE,TRANSIT - NYC SUBWAY, 1 
  ADMINISTRATIVE CODE,TUNNEL, 1 
  ADMINISTRATIVE CODE,VARIETY STORE, 3 
  AGRICULTURE & MRKTS LAW-UNCLASSIFIED,ABANDONED BUILDING, 1 
  AGRICULTURE & MRKTS LAW-UNCLASSIFIED,COMMERCIAL BUILDING, 4 
  AGRICULTURE & MRKTS LAW-UNCLASSIFIED,CONSTRUCTION SITE, 1 
  AGRICULTURE & MRKTS LAW-UNCLASSIFIED,DOCTOR/DENTIST OFFICE, 2 
  AGRICULTURE & MRKTS LAW-UNCLASSIFIED,GROCERY/BODEGA, 1 
  AGRICULTURE & MRKTS LAW-UNCLASSIFIED,OTHER, 2 
  AGRICULTURE & MRKTS LAW-UNCLASSIFIED,PARK/PLAYGROUND, 4 
  AGRICULTURE & MRKTS LAW-UNCLASSIFIED,PUBLIC BUILDING, 2 
  AGRICULTURE & MRKTS LAW-UNCLASSIFIED,RESIDENCE - APT. HOUSE, 45 
  AGRICULTURE & MRKTS LAW-UNCLASSIFIED,RESIDENCE - PUBLIC HOUSING, 23 
  AGRICULTURE & MRKTS LAW-UNCLASSIFIED,RESIDENCE-HOUSE, 28 
  AGRICULTURE & MRKTS LAW-UNCLASSIFIED,RESTAURANT/DINER, 2 
  AGRICULTURE & MRKTS LAW-UNCLASSIFIED,STORAGE FACILITY, 1 
  AGRICULTURE & MRKTS LAW-UNCLASSIFIED,STREET, 21 
  ALCOHOLIC BEVERAGE CONTROL LAW,BAR/NIGHT CLUB, 130 
  ALCOHOLIC BEVERAGE CONTROL LAW,BEAUTY & NAIL SALON, 6 
  ALCOHOLIC BEVERAGE CONTROL LAW,CANDY STORE, 4 
  ALCOHOLIC BEVERAGE CONTROL LAW,CHAIN STORE, 2 
  ALCOHOLIC BEVERAGE CONTROL LAW,CHURCH, 1 
  ALCOHOLIC BEVERAGE CONTROL LAW,CLOTHING/BOUTIQUE, 1 
  ALCOHOLIC BEVERAGE CONTROL LAW,COMMERCIAL BUILDING, 28 
  ALCOHOLIC BEVERAGE CONTROL LAW,FACTORY/WAREHOUSE, 1 
  ALCOHOLIC BEVERAGE CONTROL LAW,FAST FOOD, 1 
  ALCOHOLIC BEVERAGE CONTROL LAW,FOOD SUPERMARKET, 3 
  ALCOHOLIC BEVERAGE CONTROL LAW,GAS STATION, 1 
  ALCOHOLIC BEVERAGE CONTROL LAW,GROCERY/BODEGA, 182 
  ALCOHOLIC BEVERAGE CONTROL LAW,GYM/FITNESS FACILITY, 1 
  ALCOHOLIC BEVERAGE CONTROL LAW,LIQUOR STORE, 18 
  ALCOHOLIC BEVERAGE CONTROL LAW,OTHER, 5 
  ALCOHOLIC BEVERAGE CONTROL LAW,PARK/PLAYGROUND, 3 
  ALCOHOLIC BEVERAGE CONTROL LAW,PARKING LOT/GARAGE  PRIVATE , 2 
  ALCOHOLIC BEVERAGE CONTROL LAW,PRIVATE/PAROCHIAL SCHOOL, 1 
  ALCOHOLIC BEVERAGE CONTROL LAW,PUBLIC BUILDING, 2 
  ALCOHOLIC BEVERAGE CONTROL LAW,RESIDENCE - APT. HOUSE, 17 
  ALCOHOLIC BEVERAGE CONTROL LAW,RESIDENCE - PUBLIC HOUSING, 8 
  ALCOHOLIC BEVERAGE CONTROL LAW,RESIDENCE-HOUSE, 23 
  ALCOHOLIC BEVERAGE CONTROL LAW,RESTAURANT/DINER, 30 
  ALCOHOLIC BEVERAGE CONTROL LAW,SMALL MERCHANT, 3 
  ALCOHOLIC BEVERAGE CONTROL LAW,SOCIAL CLUB/POLICY, 35 
  ALCOHOLIC BEVERAGE CONTROL LAW,STORE UNCLASSIFIED, 11 
  ALCOHOLIC BEVERAGE CONTROL LAW,STREET, 14 
  ALCOHOLIC BEVERAGE CONTROL LAW,VIDEO STORE, 1 
  ANTICIPATORY OFFENSES,ATM, 1 
  ANTICIPATORY OFFENSES,BANK, 1 
  ANTICIPATORY OFFENSES,CHAIN STORE, 1 
  ANTICIPATORY OFFENSES,CLOTHING/BOUTIQUE, 1 
  ANTICIPATORY OFFENSES,COMMERCIAL BUILDING, 2 
  ANTICIPATORY OFFENSES,DEPARTMENT STORE, 1 
  ANTICIPATORY OFFENSES,DOCTOR/DENTIST OFFICE, 1 
  ANTICIPATORY OFFENSES,GROCERY/BODEGA, 2 
  ANTICIPATORY OFFENSES,HOTEL/MOTEL, 2 
  ANTICIPATORY OFFENSES,OTHER, 2 
  ANTICIPATORY OFFENSES,PUBLIC BUILDING, 1 
  ANTICIPATORY OFFENSES,PUBLIC SCHOOL, 7 
  ANTICIPATORY OFFENSES,RESIDENCE - APT. HOUSE, 8 
  ANTICIPATORY OFFENSES,RESIDENCE-HOUSE, 2 
  ANTICIPATORY OFFENSES,STREET, 12 
  ANTICIPATORY OFFENSES,TAXI  LIVERY LICENSED , 1 
  ASSAULT 3 & RELATED OFFENSES,ABANDONED BUILDING, 23 
  ASSAULT 3 & RELATED OFFENSES,AIRPORT TERMINAL, 69 
  ASSAULT 3 & RELATED OFFENSES,ATM, 13 
  ASSAULT 3 & RELATED OFFENSES,BANK, 147 
  ASSAULT 3 & RELATED OFFENSES,BAR/NIGHT CLUB, 6835 
  ASSAULT 3 & RELATED OFFENSES,BEAUTY & NAIL SALON, 1003 
  ASSAULT 3 & RELATED OFFENSES,BOOK/CARD, 30 
  ASSAULT 3 & RELATED OFFENSES,BRIDGE, 20 
  ASSAULT 3 & RELATED OFFENSES,BUS  NYC TRANSIT , 188 
  ASSAULT 3 & RELATED OFFENSES,BUS  OTHER , 84 
  ASSAULT 3 & RELATED OFFENSES,BUS STOP, 104 
  ASSAULT 3 & RELATED OFFENSES,BUS TERMINAL, 392 
  ASSAULT 3 & RELATED OFFENSES,CANDY STORE, 594 
  ASSAULT 3 & RELATED OFFENSES,CEMETERY, 13 
  ASSAULT 3 & RELATED OFFENSES,CHAIN STORE, 1411 
  ASSAULT 3 & RELATED OFFENSES,CHECK CASHING BUSINESS, 77 
  ASSAULT 3 & RELATED OFFENSES,CHURCH, 323 
  ASSAULT 3 & RELATED OFFENSES,CLOTHING/BOUTIQUE, 488 
  ASSAULT 3 & RELATED OFFENSES,COMMERCIAL BUILDING, 3684 
  ASSAULT 3 & RELATED OFFENSES,CONSTRUCTION SITE, 197 
  ASSAULT 3 & RELATED OFFENSES,DEPARTMENT STORE, 804 
  ASSAULT 3 & RELATED OFFENSES,DOCTOR/DENTIST OFFICE, 359 
  ASSAULT 3 & RELATED OFFENSES,DRUG STORE, 460 
  ASSAULT 3 & RELATED OFFENSES,DRY CLEANER/LAUNDRY, 773 
  ASSAULT 3 & RELATED OFFENSES,FACTORY/WAREHOUSE, 306 
  ASSAULT 3 & RELATED OFFENSES,FAST FOOD, 1953 
  ASSAULT 3 & RELATED OFFENSES,FERRY/FERRY TERMINAL, 135 
  ASSAULT 3 & RELATED OFFENSES,FOOD SUPERMARKET, 822 
  ASSAULT 3 & RELATED OFFENSES,GAS STATION, 581 
  ASSAULT 3 & RELATED OFFENSES,GROCERY/BODEGA, 5061 
  ASSAULT 3 & RELATED OFFENSES,GYM/FITNESS FACILITY, 323 
  ASSAULT 3 & RELATED OFFENSES,HIGHWAY/PARKWAY, 21 
  ASSAULT 3 & RELATED OFFENSES,HOSPITAL, 2270 
  ASSAULT 3 & RELATED OFFENSES,HOTEL/MOTEL, 1379 
  ASSAULT 3 & RELATED OFFENSES,JEWELRY, 76 
  ASSAULT 3 & RELATED OFFENSES,LIQUOR STORE, 163 
  ASSAULT 3 & RELATED OFFENSES,LOAN COMPANY, 5 
  ASSAULT 3 & RELATED OFFENSES,MARINA/PIER, 53 
  ASSAULT 3 & RELATED OFFENSES,MOSQUE, 39 
  ASSAULT 3 & RELATED OFFENSES,OPEN AREAS  OPEN LOTS , 270 
  ASSAULT 3 & RELATED OFFENSES,OTHER, 6306 
  ASSAULT 3 & RELATED OFFENSES,OTHER HOUSE OF WORSHIP, 39 
  ASSAULT 3 & RELATED OFFENSES,PARK/PLAYGROUND, 1203 
  ASSAULT 3 & RELATED OFFENSES,PARKING LOT/GARAGE  PRIVATE , 605 
  ASSAULT 3 & RELATED OFFENSES,PARKING LOT/GARAGE  PUBLIC , 769 
  ASSAULT 3 & RELATED OFFENSES,PHOTO/COPY, 21 
  ASSAULT 3 & RELATED OFFENSES,PRIVATE/PAROCHIAL SCHOOL, 262 
  ASSAULT 3 & RELATED OFFENSES,PUBLIC BUILDING, 1579 
  ASSAULT 3 & RELATED OFFENSES,PUBLIC SCHOOL, 6618 
  ASSAULT 3 & RELATED OFFENSES,RESIDENCE - APT. HOUSE, 120455 
  ASSAULT 3 & RELATED OFFENSES,RESIDENCE - PUBLIC HOUSING, 39452 
  ASSAULT 3 & RELATED OFFENSES,RESIDENCE-HOUSE, 46241 
  ASSAULT 3 & RELATED OFFENSES,RESTAURANT/DINER, 3814 
  ASSAULT 3 & RELATED OFFENSES,SHOE, 77 
  ASSAULT 3 & RELATED OFFENSES,SMALL MERCHANT, 696 
  ASSAULT 3 & RELATED OFFENSES,SOCIAL CLUB/POLICY, 369 
  ASSAULT 3 & RELATED OFFENSES,STORAGE FACILITY, 108 
  ASSAULT 3 & RELATED OFFENSES,STORE UNCLASSIFIED, 870 
  ASSAULT 3 & RELATED OFFENSES,STREET, 52946 
  ASSAULT 3 & RELATED OFFENSES,SYNAGOGUE, 87 
  ASSAULT 3 & RELATED OFFENSES,TAXI  LIVERY LICENSED , 99 
  ASSAULT 3 & RELATED OFFENSES,TAXI  YELLOW LICENSED , 113 
  ASSAULT 3 & RELATED OFFENSES,TAXI/LIVERY  UNLICENSED , 18 
  ASSAULT 3 & RELATED OFFENSES,TELECOMM. STORE, 154 
  ASSAULT 3 & RELATED OFFENSES,TRAMWAY, 2 
  ASSAULT 3 & RELATED OFFENSES,TRANSIT - NYC SUBWAY, 49 
  ASSAULT 3 & RELATED OFFENSES,TRANSIT FACILITY  OTHER , 47 
  ASSAULT 3 & RELATED OFFENSES,TUNNEL, 56 
  ASSAULT 3 & RELATED OFFENSES,VARIETY STORE, 293 
  ASSAULT 3 & RELATED OFFENSES,VIDEO STORE, 69 
   BURGLARS TOOLS  ABANDONED BUILDING, 6 
   BURGLARS TOOLS  BANK, 4 
   BURGLARS TOOLS  BAR/NIGHT CLUB, 2 
   BURGLARS TOOLS  BUS TERMINAL, 1 
   BURGLARS TOOLS  CHAIN STORE, 46 
   BURGLARS TOOLS  CHURCH, 4 
   BURGLARS TOOLS  CLOTHING/BOUTIQUE, 26 
   BURGLARS TOOLS  COMMERCIAL BUILDING, 33 
   BURGLARS TOOLS  CONSTRUCTION SITE, 6 
   BURGLARS TOOLS  DEPARTMENT STORE, 63 
   BURGLARS TOOLS  DRUG STORE, 7 
   BURGLARS TOOLS  DRY CLEANER/LAUNDRY, 2 
   BURGLARS TOOLS  FACTORY/WAREHOUSE, 5 
   BURGLARS TOOLS  FAST FOOD, 1 
   BURGLARS TOOLS  FERRY/FERRY TERMINAL, 1 
   BURGLARS TOOLS  FOOD SUPERMARKET, 5 
   BURGLARS TOOLS  GAS STATION, 1 
   BURGLARS TOOLS  GROCERY/BODEGA, 6 
   BURGLARS TOOLS  GYM/FITNESS FACILITY, 4 
   BURGLARS TOOLS  HOSPITAL, 1 
   BURGLARS TOOLS  HOTEL/MOTEL, 2 
   BURGLARS TOOLS  JEWELRY, 1 
   BURGLARS TOOLS  OPEN AREAS  OPEN LOTS , 1 
   BURGLARS TOOLS  OTHER, 24 
   BURGLARS TOOLS  PARK/PLAYGROUND, 7 
   BURGLARS TOOLS  PARKING LOT/GARAGE  PRIVATE , 19 
   BURGLARS TOOLS  PARKING LOT/GARAGE  PUBLIC , 7 
   BURGLARS TOOLS  PUBLIC BUILDING, 5 
   BURGLARS TOOLS  PUBLIC SCHOOL, 5 
   BURGLARS TOOLS  RESIDENCE - APT. HOUSE, 96 
   BURGLARS TOOLS  RESIDENCE - PUBLIC HOUSING, 55 
   BURGLARS TOOLS  RESIDENCE-HOUSE, 131 
   BURGLARS TOOLS  RESTAURANT/DINER, 6 
   BURGLARS TOOLS  SHOE, 1 
   BURGLARS TOOLS  STORAGE FACILITY, 1 
   BURGLARS TOOLS  STORE UNCLASSIFIED, 10 
   BURGLARS TOOLS  STREET, 452 
   BURGLARS TOOLS  SYNAGOGUE, 2 
   BURGLARS TOOLS  TAXI  YELLOW LICENSED , 1 
   BURGLARS TOOLS  TELECOMM. STORE, 5 
   BURGLARS TOOLS  TRANSIT - NYC SUBWAY, 2 
   BURGLARS TOOLS  TRANSIT FACILITY  OTHER , 2 
   BURGLARS TOOLS  TUNNEL, 1 
   BURGLARS TOOLS  VARIETY STORE, 2 
  CRIMINAL MISCHIEF & RELATED OF,ABANDONED BUILDING, 619 
  CRIMINAL MISCHIEF & RELATED OF,AIRPORT TERMINAL, 27 
  CRIMINAL MISCHIEF & RELATED OF,ATM, 109 
  CRIMINAL MISCHIEF & RELATED OF,BANK, 636 
  CRIMINAL MISCHIEF & RELATED OF,BAR/NIGHT CLUB, 1162 
  CRIMINAL MISCHIEF & RELATED OF,BEAUTY & NAIL SALON, 1117 
  CRIMINAL MISCHIEF & RELATED OF,BOOK/CARD, 55 
  CRIMINAL MISCHIEF & RELATED OF,BRIDGE, 145 
  CRIMINAL MISCHIEF & RELATED OF,BUS  NYC TRANSIT , 112 
  CRIMINAL MISCHIEF & RELATED OF,BUS  OTHER , 75 
  CRIMINAL MISCHIEF & RELATED OF,BUS STOP, 101 
  CRIMINAL MISCHIEF & RELATED OF,BUS TERMINAL, 112 
  CRIMINAL MISCHIEF & RELATED OF,CANDY STORE, 435 
  CRIMINAL MISCHIEF & RELATED OF,CEMETERY, 127 
  CRIMINAL MISCHIEF & RELATED OF,CHAIN STORE, 1483 
  CRIMINAL MISCHIEF & RELATED OF,CHECK CASHING BUSINESS, 175 
  CRIMINAL MISCHIEF & RELATED OF,CHURCH, 1072 
  CRIMINAL MISCHIEF & RELATED OF,CLOTHING/BOUTIQUE, 661 
  CRIMINAL MISCHIEF & RELATED OF,COMMERCIAL BUILDING, 8794 
  CRIMINAL MISCHIEF & RELATED OF,CONSTRUCTION SITE, 731 
  CRIMINAL MISCHIEF & RELATED OF,DEPARTMENT STORE, 610 
  CRIMINAL MISCHIEF & RELATED OF,DOCTOR/DENTIST OFFICE, 906 
  CRIMINAL MISCHIEF & RELATED OF,DRUG STORE, 669 
  CRIMINAL MISCHIEF & RELATED OF,DRY CLEANER/LAUNDRY, 975 
  CRIMINAL MISCHIEF & RELATED OF,FACTORY/WAREHOUSE, 779 
  CRIMINAL MISCHIEF & RELATED OF,FAST FOOD, 1683 
  CRIMINAL MISCHIEF & RELATED OF,FERRY/FERRY TERMINAL, 38 
  CRIMINAL MISCHIEF & RELATED OF,FOOD SUPERMARKET, 565 
  CRIMINAL MISCHIEF & RELATED OF,GAS STATION, 781 
  CRIMINAL MISCHIEF & RELATED OF,GROCERY/BODEGA, 4301 
  CRIMINAL MISCHIEF & RELATED OF,GYM/FITNESS FACILITY, 286 
  CRIMINAL MISCHIEF & RELATED OF,HIGHWAY/PARKWAY, 122 
  CRIMINAL MISCHIEF & RELATED OF,HOSPITAL, 556 
  CRIMINAL MISCHIEF & RELATED OF,HOTEL/MOTEL, 491 
  CRIMINAL MISCHIEF & RELATED OF,JEWELRY, 148 
  CRIMINAL MISCHIEF & RELATED OF,LIQUOR STORE, 323 
  CRIMINAL MISCHIEF & RELATED OF,LOAN COMPANY, 31 
  CRIMINAL MISCHIEF & RELATED OF,MARINA/PIER, 60 
  CRIMINAL MISCHIEF & RELATED OF,MOSQUE, 59 
  CRIMINAL MISCHIEF & RELATED OF,OPEN AREAS  OPEN LOTS , 724 
  CRIMINAL MISCHIEF & RELATED OF,OTHER, 8375 
  CRIMINAL MISCHIEF & RELATED OF,OTHER HOUSE OF WORSHIP, 121 
  CRIMINAL MISCHIEF & RELATED OF,PARK/PLAYGROUND, 726 
  CRIMINAL MISCHIEF & RELATED OF,PARKING LOT/GARAGE  PRIVATE , 5272 
  CRIMINAL MISCHIEF & RELATED OF,PARKING LOT/GARAGE  PUBLIC , 4626 
  CRIMINAL MISCHIEF & RELATED OF,PHOTO/COPY, 57 
  CRIMINAL MISCHIEF & RELATED OF,PRIVATE/PAROCHIAL SCHOOL, 456 
  CRIMINAL MISCHIEF & RELATED OF,PUBLIC BUILDING, 1474 
  CRIMINAL MISCHIEF & RELATED OF,PUBLIC SCHOOL, 2944 
  CRIMINAL MISCHIEF & RELATED OF,RESIDENCE - APT. HOUSE, 51104 
  CRIMINAL MISCHIEF & RELATED OF,RESIDENCE - PUBLIC HOUSING, 21907 
  CRIMINAL MISCHIEF & RELATED OF,RESIDENCE-HOUSE, 37000 
  CRIMINAL MISCHIEF & RELATED OF,RESTAURANT/DINER, 3118 
  CRIMINAL MISCHIEF & RELATED OF,SHOE, 120 
  CRIMINAL MISCHIEF & RELATED OF,SMALL MERCHANT, 1985 
  CRIMINAL MISCHIEF & RELATED OF,SOCIAL CLUB/POLICY, 138 
  CRIMINAL MISCHIEF & RELATED OF,STORAGE FACILITY, 367 
  CRIMINAL MISCHIEF & RELATED OF,STORE UNCLASSIFIED, 1766 
  CRIMINAL MISCHIEF & RELATED OF,STREET, 111846 
  CRIMINAL MISCHIEF & RELATED OF,SYNAGOGUE, 289 
  CRIMINAL MISCHIEF & RELATED OF,TAXI  LIVERY LICENSED , 76 
  CRIMINAL MISCHIEF & RELATED OF,TAXI  YELLOW LICENSED , 133 
  CRIMINAL MISCHIEF & RELATED OF,TAXI/LIVERY  UNLICENSED , 4 
  CRIMINAL MISCHIEF & RELATED OF,TELECOMM. STORE, 251 
  CRIMINAL MISCHIEF & RELATED OF,TRAMWAY, 1 
  CRIMINAL MISCHIEF & RELATED OF,TRANSIT - NYC SUBWAY, 50 
  CRIMINAL MISCHIEF & RELATED OF,TRANSIT FACILITY  OTHER , 282 
  CRIMINAL MISCHIEF & RELATED OF,TUNNEL, 141 
  CRIMINAL MISCHIEF & RELATED OF,VARIETY STORE, 373 
  CRIMINAL MISCHIEF & RELATED OF,VIDEO STORE, 75 
  CRIMINAL TRESPASS,ABANDONED BUILDING, 97 
  CRIMINAL TRESPASS,AIRPORT TERMINAL, 524 
  CRIMINAL TRESPASS,ATM, 20 
  CRIMINAL TRESPASS,BANK, 94 
  CRIMINAL TRESPASS,BAR/NIGHT CLUB, 103 
  CRIMINAL TRESPASS,BEAUTY & NAIL SALON, 18 
  CRIMINAL TRESPASS,BOOK/CARD, 6 
  CRIMINAL TRESPASS,BRIDGE, 4 
  CRIMINAL TRESPASS,BUS  NYC TRANSIT , 1 
  CRIMINAL TRESPASS,BUS  OTHER , 2 
  CRIMINAL TRESPASS,BUS TERMINAL, 21 
  CRIMINAL TRESPASS,CANDY STORE, 19 
  CRIMINAL TRESPASS,CEMETERY, 4 
  CRIMINAL TRESPASS,CHAIN STORE, 196 
  CRIMINAL TRESPASS,CHECK CASHING BUSINESS, 21 
  CRIMINAL TRESPASS,CHURCH, 135 
  CRIMINAL TRESPASS,CLOTHING/BOUTIQUE, 39 
  CRIMINAL TRESPASS,COMMERCIAL BUILDING, 874 
  CRIMINAL TRESPASS,CONSTRUCTION SITE, 142 
  CRIMINAL TRESPASS,DEPARTMENT STORE, 90 
  CRIMINAL TRESPASS,DOCTOR/DENTIST OFFICE, 37 
  CRIMINAL TRESPASS,DRUG STORE, 91 
  CRIMINAL TRESPASS,DRY CLEANER/LAUNDRY, 42 
  CRIMINAL TRESPASS,FACTORY/WAREHOUSE, 38 
  CRIMINAL TRESPASS,FAST FOOD, 149 
  CRIMINAL TRESPASS,FERRY/FERRY TERMINAL, 4 
  CRIMINAL TRESPASS,FOOD SUPERMARKET, 66 
  CRIMINAL TRESPASS,GAS STATION, 42 
  CRIMINAL TRESPASS,GROCERY/BODEGA, 221 
  CRIMINAL TRESPASS,GYM/FITNESS FACILITY, 34 
  CRIMINAL TRESPASS,HIGHWAY/PARKWAY, 2 
  CRIMINAL TRESPASS,HOSPITAL, 161 
  CRIMINAL TRESPASS,HOTEL/MOTEL, 230 
  CRIMINAL TRESPASS,JEWELRY, 4 
  CRIMINAL TRESPASS,LIQUOR STORE, 5 
  CRIMINAL TRESPASS,LOAN COMPANY, 1 
  CRIMINAL TRESPASS,MARINA/PIER, 9 
  CRIMINAL TRESPASS,MOSQUE, 20 
  CRIMINAL TRESPASS,OPEN AREAS  OPEN LOTS , 46 
  CRIMINAL TRESPASS,OTHER, 758 
  CRIMINAL TRESPASS,OTHER HOUSE OF WORSHIP, 14 
  CRIMINAL TRESPASS,PARK/PLAYGROUND, 170 
  CRIMINAL TRESPASS,PARKING LOT/GARAGE  PRIVATE , 284 
  CRIMINAL TRESPASS,PARKING LOT/GARAGE  PUBLIC , 56 
  CRIMINAL TRESPASS,PHOTO/COPY, 1 
  CRIMINAL TRESPASS,PRIVATE/PAROCHIAL SCHOOL, 74 
  CRIMINAL TRESPASS,PUBLIC BUILDING, 700 
  CRIMINAL TRESPASS,PUBLIC SCHOOL, 350 
  CRIMINAL TRESPASS,RESIDENCE - APT. HOUSE, 16914 
  CRIMINAL TRESPASS,RESIDENCE - PUBLIC HOUSING, 15401 
  CRIMINAL TRESPASS,RESIDENCE-HOUSE, 4749 
  CRIMINAL TRESPASS,RESTAURANT/DINER, 185 
  CRIMINAL TRESPASS,SHOE, 2 
  CRIMINAL TRESPASS,SMALL MERCHANT, 35 
  CRIMINAL TRESPASS,SOCIAL CLUB/POLICY, 16 
  CRIMINAL TRESPASS,STORAGE FACILITY, 59 
  CRIMINAL TRESPASS,STORE UNCLASSIFIED, 91 
  CRIMINAL TRESPASS,STREET, 519 
  CRIMINAL TRESPASS,SYNAGOGUE, 37 
  CRIMINAL TRESPASS,TAXI  LIVERY LICENSED , 2 
  CRIMINAL TRESPASS,TELECOMM. STORE, 12 
  CRIMINAL TRESPASS,TRANSIT FACILITY  OTHER , 27 
  CRIMINAL TRESPASS,VARIETY STORE, 15 
  CRIMINAL TRESPASS,VIDEO STORE, 7 
  DANGEROUS DRUGS,ABANDONED BUILDING, 87 
  DANGEROUS DRUGS,AIRPORT TERMINAL, 31 
  DANGEROUS DRUGS,ATM, 10 
  DANGEROUS DRUGS,BANK, 38 
  DANGEROUS DRUGS,BAR/NIGHT CLUB, 308 
  DANGEROUS DRUGS,BEAUTY & NAIL SALON, 41 
  DANGEROUS DRUGS,BOOK/CARD, 2 
  DANGEROUS DRUGS,BRIDGE, 47 
  DANGEROUS DRUGS,BUS  NYC TRANSIT , 20 
  DANGEROUS DRUGS,BUS  OTHER , 4 
  DANGEROUS DRUGS,BUS STOP, 39 
  DANGEROUS DRUGS,BUS TERMINAL, 343 
  DANGEROUS DRUGS,CANDY STORE, 80 
  DANGEROUS DRUGS,CEMETERY, 5 
  DANGEROUS DRUGS,CHAIN STORE, 126 
  DANGEROUS DRUGS,CHECK CASHING BUSINESS, 29 
  DANGEROUS DRUGS,CHURCH, 28 
  DANGEROUS DRUGS,CLOTHING/BOUTIQUE, 14 
  DANGEROUS DRUGS,COMMERCIAL BUILDING, 198 
  DANGEROUS DRUGS,CONSTRUCTION SITE, 14 
  DANGEROUS DRUGS,DEPARTMENT STORE, 67 
  DANGEROUS DRUGS,DOCTOR/DENTIST OFFICE, 6 
  DANGEROUS DRUGS,DRUG STORE, 70 
  DANGEROUS DRUGS,DRY CLEANER/LAUNDRY, 37 
  DANGEROUS DRUGS,FACTORY/WAREHOUSE, 9 
  DANGEROUS DRUGS,FAST FOOD, 141 
  DANGEROUS DRUGS,FERRY/FERRY TERMINAL, 13 
  DANGEROUS DRUGS,FOOD SUPERMARKET, 66 
  DANGEROUS DRUGS,GAS STATION, 61 
  DANGEROUS DRUGS,GROCERY/BODEGA, 505 
  DANGEROUS DRUGS,GYM/FITNESS FACILITY, 2 
  DANGEROUS DRUGS,HIGHWAY/PARKWAY, 18 
  DANGEROUS DRUGS,HOSPITAL, 231 
  DANGEROUS DRUGS,HOTEL/MOTEL, 113 
  DANGEROUS DRUGS,LIQUOR STORE, 18 
  DANGEROUS DRUGS,LOAN COMPANY, 1 
  DANGEROUS DRUGS,MARINA/PIER, 28 
  DANGEROUS DRUGS,MOSQUE, 1 
  DANGEROUS DRUGS,OPEN AREAS  OPEN LOTS , 322 
  DANGEROUS DRUGS,OTHER, 2781 
  DANGEROUS DRUGS,OTHER HOUSE OF WORSHIP, 2 
  DANGEROUS DRUGS,PARK/PLAYGROUND, 2795 
  DANGEROUS DRUGS,PARKING LOT/GARAGE  PRIVATE , 261 
  DANGEROUS DRUGS,PARKING LOT/GARAGE  PUBLIC , 635 
  DANGEROUS DRUGS,PHOTO/COPY, 4 
  DANGEROUS DRUGS,PRIVATE/PAROCHIAL SCHOOL, 13 
  DANGEROUS DRUGS,PUBLIC BUILDING, 1893 
  DANGEROUS DRUGS,PUBLIC SCHOOL, 354 
  DANGEROUS DRUGS,RESIDENCE - APT. HOUSE, 14592 
  DANGEROUS DRUGS,RESIDENCE - PUBLIC HOUSING, 38461 
  DANGEROUS DRUGS,RESIDENCE-HOUSE, 1718 
  DANGEROUS DRUGS,RESTAURANT/DINER, 138 
  DANGEROUS DRUGS,SHOE, 2 
  DANGEROUS DRUGS,SMALL MERCHANT, 44 
  DANGEROUS DRUGS,SOCIAL CLUB/POLICY, 40 
  DANGEROUS DRUGS,STORAGE FACILITY, 10 
  DANGEROUS DRUGS,STORE UNCLASSIFIED, 63 
  DANGEROUS DRUGS,STREET, 45380 
  DANGEROUS DRUGS,SYNAGOGUE, 5 
  DANGEROUS DRUGS,TAXI  LIVERY LICENSED , 25 
  DANGEROUS DRUGS,TAXI  YELLOW LICENSED , 11 
  DANGEROUS DRUGS,TAXI/LIVERY  UNLICENSED , 2 
  DANGEROUS DRUGS,TELECOMM. STORE, 10 
  DANGEROUS DRUGS,TRANSIT - NYC SUBWAY, 41 
  DANGEROUS DRUGS,TRANSIT FACILITY  OTHER , 41 
  DANGEROUS DRUGS,TUNNEL, 49 
  DANGEROUS DRUGS,VARIETY STORE, 24 
  DANGEROUS DRUGS,VIDEO STORE, 9 
  DANGEROUS WEAPONS,ABANDONED BUILDING, 5 
  DANGEROUS WEAPONS,AIRPORT TERMINAL, 417 
  DANGEROUS WEAPONS,BANK, 17 
  DANGEROUS WEAPONS,BAR/NIGHT CLUB, 174 
  DANGEROUS WEAPONS,BEAUTY & NAIL SALON, 27 
  DANGEROUS WEAPONS,BOOK/CARD, 1 
  DANGEROUS WEAPONS,BRIDGE, 11 
  DANGEROUS WEAPONS,BUS  NYC TRANSIT , 23 
  DANGEROUS WEAPONS,BUS  OTHER , 5 
  DANGEROUS WEAPONS,BUS STOP, 9 
  DANGEROUS WEAPONS,BUS TERMINAL, 80 
  DANGEROUS WEAPONS,CANDY STORE, 39 
  DANGEROUS WEAPONS,CHAIN STORE, 75 
  DANGEROUS WEAPONS,CHECK CASHING BUSINESS, 3 
  DANGEROUS WEAPONS,CHURCH, 13 
  DANGEROUS WEAPONS,CLOTHING/BOUTIQUE, 17 
  DANGEROUS WEAPONS,COMMERCIAL BUILDING, 139 
  DANGEROUS WEAPONS,CONSTRUCTION SITE, 7 
  DANGEROUS WEAPONS,DEPARTMENT STORE, 66 
  DANGEROUS WEAPONS,DOCTOR/DENTIST OFFICE, 5 
  DANGEROUS WEAPONS,DRUG STORE, 30 
  DANGEROUS WEAPONS,DRY CLEANER/LAUNDRY, 21 
  DANGEROUS WEAPONS,FACTORY/WAREHOUSE, 10 
  DANGEROUS WEAPONS,FAST FOOD, 93 
  DANGEROUS WEAPONS,FERRY/FERRY TERMINAL, 6 
  DANGEROUS WEAPONS,FOOD SUPERMARKET, 36 
  DANGEROUS WEAPONS,GAS STATION, 26 
  DANGEROUS WEAPONS,GROCERY/BODEGA, 330 
  DANGEROUS WEAPONS,GYM/FITNESS FACILITY, 5 
  DANGEROUS WEAPONS,HIGHWAY/PARKWAY, 5 
  DANGEROUS WEAPONS,HOSPITAL, 44 
  DANGEROUS WEAPONS,HOTEL/MOTEL, 42 
  DANGEROUS WEAPONS,JEWELRY, 5 
  DANGEROUS WEAPONS,LIQUOR STORE, 8 
  DANGEROUS WEAPONS,MARINA/PIER, 5 
  DANGEROUS WEAPONS,OPEN AREAS  OPEN LOTS , 40 
  DANGEROUS WEAPONS,OTHER, 548 
  DANGEROUS WEAPONS,OTHER HOUSE OF WORSHIP, 1 
  DANGEROUS WEAPONS,PARK/PLAYGROUND, 290 
  DANGEROUS WEAPONS,PARKING LOT/GARAGE  PRIVATE , 61 
  DANGEROUS WEAPONS,PARKING LOT/GARAGE  PUBLIC , 99 
  DANGEROUS WEAPONS,PRIVATE/PAROCHIAL SCHOOL, 24 
  DANGEROUS WEAPONS,PUBLIC BUILDING, 299 
  DANGEROUS WEAPONS,PUBLIC SCHOOL, 1141 
  DANGEROUS WEAPONS,RESIDENCE - APT. HOUSE, 3555 
  DANGEROUS WEAPONS,RESIDENCE - PUBLIC HOUSING, 5445 
  DANGEROUS WEAPONS,RESIDENCE-HOUSE, 1209 
  DANGEROUS WEAPONS,RESTAURANT/DINER, 90 
  DANGEROUS WEAPONS,SHOE, 4 
  DANGEROUS WEAPONS,SMALL MERCHANT, 40 
  DANGEROUS WEAPONS,SOCIAL CLUB/POLICY, 18 
  DANGEROUS WEAPONS,STORAGE FACILITY, 5 
  DANGEROUS WEAPONS,STORE UNCLASSIFIED, 55 
  DANGEROUS WEAPONS,STREET, 10085 
  DANGEROUS WEAPONS,TAXI  LIVERY LICENSED , 6 
  DANGEROUS WEAPONS,TAXI  YELLOW LICENSED , 2 
  DANGEROUS WEAPONS,TELECOMM. STORE, 4 
  DANGEROUS WEAPONS,TRANSIT - NYC SUBWAY, 42 
  DANGEROUS WEAPONS,TRANSIT FACILITY  OTHER , 19 
  DANGEROUS WEAPONS,TUNNEL, 17 
  DANGEROUS WEAPONS,VARIETY STORE, 17 
  DANGEROUS WEAPONS,VIDEO STORE, 1 
  DISRUPTION OF A RELIGIOUS SERV,CHURCH, 19 
  DISRUPTION OF A RELIGIOUS SERV,MOSQUE, 10 
  DISRUPTION OF A RELIGIOUS SERV,OTHER, 2 
  DISRUPTION OF A RELIGIOUS SERV,OTHER HOUSE OF WORSHIP, 1 
  DISRUPTION OF A RELIGIOUS SERV,RESIDENCE - APT. HOUSE, 1 
  DISRUPTION OF A RELIGIOUS SERV,SYNAGOGUE, 4 
  ENDAN WELFARE INCOMP,BUS  OTHER , 1 
  ENDAN WELFARE INCOMP,BUS STOP, 1 
  ENDAN WELFARE INCOMP,CHAIN STORE, 1 
  ENDAN WELFARE INCOMP,COMMERCIAL BUILDING, 1 
  ENDAN WELFARE INCOMP,DOCTOR/DENTIST OFFICE, 1 
  ENDAN WELFARE INCOMP,GAS STATION, 1 
  ENDAN WELFARE INCOMP,HOSPITAL, 2 
  ENDAN WELFARE INCOMP,OTHER, 4 
  ENDAN WELFARE INCOMP,PARKING LOT/GARAGE  PRIVATE , 1 
  ENDAN WELFARE INCOMP,PARKING LOT/GARAGE  PUBLIC , 1 
  ENDAN WELFARE INCOMP,PRIVATE/PAROCHIAL SCHOOL, 1 
  ENDAN WELFARE INCOMP,PUBLIC BUILDING, 3 
  ENDAN WELFARE INCOMP,PUBLIC SCHOOL, 2 
  ENDAN WELFARE INCOMP,RESIDENCE - APT. HOUSE, 37 
  ENDAN WELFARE INCOMP,RESIDENCE - PUBLIC HOUSING, 9 
  ENDAN WELFARE INCOMP,RESIDENCE-HOUSE, 15 
  ENDAN WELFARE INCOMP,RESTAURANT/DINER, 1 
  ENDAN WELFARE INCOMP,STREET, 9 
  ESCAPE 3,AIRPORT TERMINAL, 1 
  ESCAPE 3,CHAIN STORE, 1 
  ESCAPE 3,COMMERCIAL BUILDING, 2 
  ESCAPE 3,HOSPITAL, 6 
  ESCAPE 3,OTHER, 30 
  ESCAPE 3,PARK/PLAYGROUND, 1 
  ESCAPE 3,PARKING LOT/GARAGE  PRIVATE , 1 
  ESCAPE 3,PUBLIC BUILDING, 7 
  ESCAPE 3,RESIDENCE - APT. HOUSE, 9 
  ESCAPE 3,RESIDENCE - PUBLIC HOUSING, 2 
  ESCAPE 3,RESIDENCE-HOUSE, 6 
  ESCAPE 3,RESTAURANT/DINER, 1 
  ESCAPE 3,STREET, 17 
  FORTUNE TELLING,RESIDENCE - APT. HOUSE, 2 
  FORTUNE TELLING,STREET, 1 
  FRAUDS,ABANDONED BUILDING, 6 
  FRAUDS,AIRPORT TERMINAL, 23 
  FRAUDS,ATM, 45 
  FRAUDS,BANK, 257 
  FRAUDS,BAR/NIGHT CLUB, 91 
  FRAUDS,BEAUTY & NAIL SALON, 15 
  FRAUDS,BOOK/CARD, 3 
  FRAUDS,BRIDGE, 37 
  FRAUDS,BUS  NYC TRANSIT , 11 
  FRAUDS,BUS STOP, 6 
  FRAUDS,BUS TERMINAL, 41 
  FRAUDS,CANDY STORE, 12 
  FRAUDS,CHAIN STORE, 101 
  FRAUDS,CHECK CASHING BUSINESS, 32 
  FRAUDS,CHURCH, 10 
  FRAUDS,CLOTHING/BOUTIQUE, 17 
  FRAUDS,COMMERCIAL BUILDING, 324 
  FRAUDS,DEPARTMENT STORE, 54 
  FRAUDS,DOCTOR/DENTIST OFFICE, 50 
  FRAUDS,DRUG STORE, 51 
  FRAUDS,DRY CLEANER/LAUNDRY, 5 
  FRAUDS,FACTORY/WAREHOUSE, 8 
  FRAUDS,FAST FOOD, 26 
  FRAUDS,FERRY/FERRY TERMINAL, 2 
  FRAUDS,FOOD SUPERMARKET, 23 
  FRAUDS,GAS STATION, 24 
  FRAUDS,GROCERY/BODEGA, 96 
  FRAUDS,GYM/FITNESS FACILITY, 9 
  FRAUDS,HIGHWAY/PARKWAY, 6 
  FRAUDS,HOSPITAL, 56 
  FRAUDS,HOTEL/MOTEL, 35 
  FRAUDS,JEWELRY, 12 
  FRAUDS,LIQUOR STORE, 2 
  FRAUDS,LOAN COMPANY, 6 
  FRAUDS,MARINA/PIER, 2 
  FRAUDS,OPEN AREAS  OPEN LOTS , 6 
  FRAUDS,OTHER, 886 
  FRAUDS,PARK/PLAYGROUND, 63 
  FRAUDS,PARKING LOT/GARAGE  PRIVATE , 25 
  FRAUDS,PARKING LOT/GARAGE  PUBLIC , 17 
  FRAUDS,PHOTO/COPY, 1 
  FRAUDS,PRIVATE/PAROCHIAL SCHOOL, 9 
  FRAUDS,PUBLIC BUILDING, 260 
  FRAUDS,PUBLIC SCHOOL, 32 
  FRAUDS,RESIDENCE - APT. HOUSE, 6229 
  FRAUDS,RESIDENCE - PUBLIC HOUSING, 1704 
  FRAUDS,RESIDENCE-HOUSE, 3415 
  FRAUDS,RESTAURANT/DINER, 63 
  FRAUDS,SHOE, 5 
  FRAUDS,SMALL MERCHANT, 41 
  FRAUDS,SOCIAL CLUB/POLICY, 6 
  FRAUDS,STORAGE FACILITY, 5 
  FRAUDS,STORE UNCLASSIFIED, 40 
  FRAUDS,STREET, 1746 
  FRAUDS,SYNAGOGUE, 1 
  FRAUDS,TAXI  LIVERY LICENSED , 4 
  FRAUDS,TAXI  YELLOW LICENSED , 2 
  FRAUDS,TAXI/LIVERY  UNLICENSED , 1 
  FRAUDS,TELECOMM. STORE, 18 
  FRAUDS,TRANSIT - NYC SUBWAY, 3 
  FRAUDS,TRANSIT FACILITY  OTHER , 13 
  FRAUDS,TUNNEL, 25 
  FRAUDS,VARIETY STORE, 5 
  FRAUDS,VIDEO STORE, 2 
  FRAUDULENT ACCOSTING,AIRPORT TERMINAL, 21 
  FRAUDULENT ACCOSTING,ATM, 5 
  FRAUDULENT ACCOSTING,BANK, 23 
  FRAUDULENT ACCOSTING,BAR/NIGHT CLUB, 3 
  FRAUDULENT ACCOSTING,BEAUTY & NAIL SALON, 2 
  FRAUDULENT ACCOSTING,BUS STOP, 1 
  FRAUDULENT ACCOSTING,BUS TERMINAL, 43 
  FRAUDULENT ACCOSTING,CANDY STORE, 2 
  FRAUDULENT ACCOSTING,CHAIN STORE, 26 
  FRAUDULENT ACCOSTING,CHECK CASHING BUSINESS, 3 
  FRAUDULENT ACCOSTING,CLOTHING/BOUTIQUE, 8 
  FRAUDULENT ACCOSTING,COMMERCIAL BUILDING, 60 
  FRAUDULENT ACCOSTING,DEPARTMENT STORE, 14 
  FRAUDULENT ACCOSTING,DOCTOR/DENTIST OFFICE, 1 
  FRAUDULENT ACCOSTING,DRUG STORE, 7 
  FRAUDULENT ACCOSTING,FACTORY/WAREHOUSE, 1 
  FRAUDULENT ACCOSTING,FAST FOOD, 24 
  FRAUDULENT ACCOSTING,FOOD SUPERMARKET, 2 
  FRAUDULENT ACCOSTING,GAS STATION, 4 
  FRAUDULENT ACCOSTING,GROCERY/BODEGA, 9 
  FRAUDULENT ACCOSTING,GYM/FITNESS FACILITY, 2 
  FRAUDULENT ACCOSTING,HOSPITAL, 2 
  FRAUDULENT ACCOSTING,HOTEL/MOTEL, 15 
  FRAUDULENT ACCOSTING,OPEN AREAS  OPEN LOTS , 1 
  FRAUDULENT ACCOSTING,OTHER, 14 
  FRAUDULENT ACCOSTING,PARK/PLAYGROUND, 7 
  FRAUDULENT ACCOSTING,PARKING LOT/GARAGE  PRIVATE , 2 
  FRAUDULENT ACCOSTING,PARKING LOT/GARAGE  PUBLIC , 4 
  FRAUDULENT ACCOSTING,PUBLIC BUILDING, 8 
  FRAUDULENT ACCOSTING,RESIDENCE - APT. HOUSE, 46 
  FRAUDULENT ACCOSTING,RESIDENCE - PUBLIC HOUSING, 6 
  FRAUDULENT ACCOSTING,RESIDENCE-HOUSE, 10 
  FRAUDULENT ACCOSTING,RESTAURANT/DINER, 28 
  FRAUDULENT ACCOSTING,SMALL MERCHANT, 4 
  FRAUDULENT ACCOSTING,STORE UNCLASSIFIED, 4 
  FRAUDULENT ACCOSTING,STREET, 566 
  FRAUDULENT ACCOSTING,TAXI  LIVERY LICENSED , 1 
  FRAUDULENT ACCOSTING,TAXI  YELLOW LICENSED , 1 
  FRAUDULENT ACCOSTING,TAXI/LIVERY  UNLICENSED , 1 
  FRAUDULENT ACCOSTING,TELECOMM. STORE, 4 
  FRAUDULENT ACCOSTING,TRANSIT FACILITY  OTHER , 10 
  FRAUDULENT ACCOSTING,VIDEO STORE, 2 
  GAMBLING,BAR/NIGHT CLUB, 32 
  GAMBLING,BEAUTY & NAIL SALON, 17 
  GAMBLING,CANDY STORE, 4 
  GAMBLING,CHAIN STORE, 1 
  GAMBLING,CLOTHING/BOUTIQUE, 4 
  GAMBLING,COMMERCIAL BUILDING, 15 
  GAMBLING,DRY CLEANER/LAUNDRY, 1 
  GAMBLING,FAST FOOD, 1 
  GAMBLING,FOOD SUPERMARKET, 2 
  GAMBLING,GAS STATION, 2 
  GAMBLING,GROCERY/BODEGA, 46 
  GAMBLING,LIQUOR STORE, 2 
  GAMBLING,OPEN AREAS  OPEN LOTS , 5 
  GAMBLING,OTHER, 25 
  GAMBLING,PARK/PLAYGROUND, 20 
  GAMBLING,PARKING LOT/GARAGE  PRIVATE , 3 
  GAMBLING,PARKING LOT/GARAGE  PUBLIC , 6 
  GAMBLING,PUBLIC BUILDING, 15 
  GAMBLING,PUBLIC SCHOOL, 1 
  GAMBLING,RESIDENCE - APT. HOUSE, 103 
  GAMBLING,RESIDENCE - PUBLIC HOUSING, 507 
  GAMBLING,RESIDENCE-HOUSE, 5 
  GAMBLING,RESTAURANT/DINER, 7 
  GAMBLING,SMALL MERCHANT, 6 
  GAMBLING,SOCIAL CLUB/POLICY, 13 
  GAMBLING,STORE UNCLASSIFIED, 14 
  GAMBLING,STREET, 411 
  GAMBLING,TAXI/LIVERY  UNLICENSED , 2 
  GAMBLING,TELECOMM. STORE, 1 
  GAMBLING,TUNNEL, 1 
  GAMBLING,VARIETY STORE, 4 
  GAMBLING,VIDEO STORE, 1 
  INTOXICATED & IMPAIRED DRIVING,ABANDONED BUILDING, 1 
  INTOXICATED & IMPAIRED DRIVING,AIRPORT TERMINAL, 3 
  INTOXICATED & IMPAIRED DRIVING,BANK, 3 
  INTOXICATED & IMPAIRED DRIVING,BAR/NIGHT CLUB, 14 
  INTOXICATED & IMPAIRED DRIVING,BRIDGE, 1342 
  INTOXICATED & IMPAIRED DRIVING,BUS STOP, 5 
  INTOXICATED & IMPAIRED DRIVING,BUS TERMINAL, 12 
  INTOXICATED & IMPAIRED DRIVING,CANDY STORE, 2 
  INTOXICATED & IMPAIRED DRIVING,CEMETERY, 1 
  INTOXICATED & IMPAIRED DRIVING,CHAIN STORE, 6 
  INTOXICATED & IMPAIRED DRIVING,CHURCH, 3 
  INTOXICATED & IMPAIRED DRIVING,CLOTHING/BOUTIQUE, 2 
  INTOXICATED & IMPAIRED DRIVING,COMMERCIAL BUILDING, 15 
  INTOXICATED & IMPAIRED DRIVING,CONSTRUCTION SITE, 1 
  INTOXICATED & IMPAIRED DRIVING,DEPARTMENT STORE, 1 
  INTOXICATED & IMPAIRED DRIVING,DRY CLEANER/LAUNDRY, 2 
  INTOXICATED & IMPAIRED DRIVING,FAST FOOD, 29 
  INTOXICATED & IMPAIRED DRIVING,FERRY/FERRY TERMINAL, 1 
  INTOXICATED & IMPAIRED DRIVING,FOOD SUPERMARKET, 2 
  INTOXICATED & IMPAIRED DRIVING,GAS STATION, 23 
  INTOXICATED & IMPAIRED DRIVING,GROCERY/BODEGA, 6 
  INTOXICATED & IMPAIRED DRIVING,GYM/FITNESS FACILITY, 1 
  INTOXICATED & IMPAIRED DRIVING,HIGHWAY/PARKWAY, 159 
  INTOXICATED & IMPAIRED DRIVING,HOSPITAL, 12 
  INTOXICATED & IMPAIRED DRIVING,HOTEL/MOTEL, 5 
  INTOXICATED & IMPAIRED DRIVING,LIQUOR STORE, 1 
  INTOXICATED & IMPAIRED DRIVING,LOAN COMPANY, 1 
  INTOXICATED & IMPAIRED DRIVING,MARINA/PIER, 1 
  INTOXICATED & IMPAIRED DRIVING,OPEN AREAS  OPEN LOTS , 7 
  INTOXICATED & IMPAIRED DRIVING,OTHER, 101 
  INTOXICATED & IMPAIRED DRIVING,OTHER HOUSE OF WORSHIP, 1 
  INTOXICATED & IMPAIRED DRIVING,PARK/PLAYGROUND, 22 
  INTOXICATED & IMPAIRED DRIVING,PARKING LOT/GARAGE  PRIVATE , 63 
  INTOXICATED & IMPAIRED DRIVING,PARKING LOT/GARAGE  PUBLIC , 94 
  INTOXICATED & IMPAIRED DRIVING,PUBLIC BUILDING, 19 
  INTOXICATED & IMPAIRED DRIVING,PUBLIC SCHOOL, 2 
  INTOXICATED & IMPAIRED DRIVING,RESIDENCE - APT. HOUSE, 84 
  INTOXICATED & IMPAIRED DRIVING,RESIDENCE - PUBLIC HOUSING, 381 
  INTOXICATED & IMPAIRED DRIVING,RESIDENCE-HOUSE, 106 
  INTOXICATED & IMPAIRED DRIVING,RESTAURANT/DINER, 7 
  INTOXICATED & IMPAIRED DRIVING,SMALL MERCHANT, 1 
  INTOXICATED & IMPAIRED DRIVING,SOCIAL CLUB/POLICY, 2 
  INTOXICATED & IMPAIRED DRIVING,STORAGE FACILITY, 3 
  INTOXICATED & IMPAIRED DRIVING,STREET, 10040 
  INTOXICATED & IMPAIRED DRIVING,TAXI  LIVERY LICENSED , 3 
  INTOXICATED & IMPAIRED DRIVING,TAXI  YELLOW LICENSED , 1 
  INTOXICATED & IMPAIRED DRIVING,TRANSIT FACILITY  OTHER , 21 
  INTOXICATED & IMPAIRED DRIVING,TUNNEL, 302 
  JOSTLING,BAR/NIGHT CLUB, 7 
  JOSTLING,BUS  OTHER , 1 
  JOSTLING,BUS STOP, 1 
  JOSTLING,BUS TERMINAL, 2 
  JOSTLING,CANDY STORE, 1 
  JOSTLING,CHAIN STORE, 2 
  JOSTLING,CLOTHING/BOUTIQUE, 9 
  JOSTLING,DEPARTMENT STORE, 1 
  JOSTLING,FAST FOOD, 2 
  JOSTLING,FOOD SUPERMARKET, 2 
  JOSTLING,GROCERY/BODEGA, 1 
  JOSTLING,HOSPITAL, 1 
  JOSTLING,HOTEL/MOTEL, 1 
  JOSTLING,OTHER, 1 
  JOSTLING,PARK/PLAYGROUND, 1 
  JOSTLING,PUBLIC BUILDING, 1 
  JOSTLING,RESIDENCE - APT. HOUSE, 2 
  JOSTLING,RESIDENCE - PUBLIC HOUSING, 1 
  JOSTLING,RESTAURANT/DINER, 4 
  JOSTLING,SHOE, 1 
  JOSTLING,STREET, 33 
  JOSTLING,TRANSIT FACILITY  OTHER , 2 
  LOITERING FOR DRUG PURPOSES,RESIDENCE - APT. HOUSE, 6 
  LOITERING FOR DRUG PURPOSES,RESIDENCE - PUBLIC HOUSING, 3 
  LOITERING FOR DRUG PURPOSES,RESIDENCE-HOUSE, 3 
  LOITERING FOR DRUG PURPOSES,STREET, 3 
  NEW YORK CITY HEALTH CODE,FACTORY/WAREHOUSE, 1 
  NEW YORK CITY HEALTH CODE,GROCERY/BODEGA, 1 
  NEW YORK CITY HEALTH CODE,OTHER, 1 
  NEW YORK CITY HEALTH CODE,RESIDENCE - PUBLIC HOUSING, 4 
  NEW YORK CITY HEALTH CODE,STREET, 15 
  OFF. AGNST PUB ORD SENSBLTY &,ABANDONED BUILDING, 13 
  OFF. AGNST PUB ORD SENSBLTY &,AIRPORT TERMINAL, 47 
  OFF. AGNST PUB ORD SENSBLTY &,ATM, 3 
  OFF. AGNST PUB ORD SENSBLTY &,BANK, 397 
  OFF. AGNST PUB ORD SENSBLTY &,BAR/NIGHT CLUB, 386 
  OFF. AGNST PUB ORD SENSBLTY &,BEAUTY & NAIL SALON, 643 
  OFF. AGNST PUB ORD SENSBLTY &,BOOK/CARD, 28 
  OFF. AGNST PUB ORD SENSBLTY &,BRIDGE, 1 
  OFF. AGNST PUB ORD SENSBLTY &,BUS  NYC TRANSIT , 13 
  OFF. AGNST PUB ORD SENSBLTY &,BUS  OTHER , 11 
  OFF. AGNST PUB ORD SENSBLTY &,BUS STOP, 13 
  OFF. AGNST PUB ORD SENSBLTY &,BUS TERMINAL, 39 
  OFF. AGNST PUB ORD SENSBLTY &,CANDY STORE, 66 
  OFF. AGNST PUB ORD SENSBLTY &,CEMETERY, 10 
  OFF. AGNST PUB ORD SENSBLTY &,CHAIN STORE, 661 
  OFF. AGNST PUB ORD SENSBLTY &,CHECK CASHING BUSINESS, 59 
  OFF. AGNST PUB ORD SENSBLTY &,CHURCH, 300 
  OFF. AGNST PUB ORD SENSBLTY &,CLOTHING/BOUTIQUE, 328 
  OFF. AGNST PUB ORD SENSBLTY &,COMMERCIAL BUILDING, 6994 
  OFF. AGNST PUB ORD SENSBLTY &,CONSTRUCTION SITE, 67 
  OFF. AGNST PUB ORD SENSBLTY &,DEPARTMENT STORE, 425 
  OFF. AGNST PUB ORD SENSBLTY &,DOCTOR/DENTIST OFFICE, 1105 
  OFF. AGNST PUB ORD SENSBLTY &,DRUG STORE, 228 
  OFF. AGNST PUB ORD SENSBLTY &,DRY CLEANER/LAUNDRY, 140 
  OFF. AGNST PUB ORD SENSBLTY &,FACTORY/WAREHOUSE, 165 
  OFF. AGNST PUB ORD SENSBLTY &,FAST FOOD, 384 
  OFF. AGNST PUB ORD SENSBLTY &,FERRY/FERRY TERMINAL, 22 
  OFF. AGNST PUB ORD SENSBLTY &,FOOD SUPERMARKET, 194 
  OFF. AGNST PUB ORD SENSBLTY &,GAS STATION, 81 
  OFF. AGNST PUB ORD SENSBLTY &,GROCERY/BODEGA, 445 
  OFF. AGNST PUB ORD SENSBLTY &,GYM/FITNESS FACILITY, 226 
  OFF. AGNST PUB ORD SENSBLTY &,HIGHWAY/PARKWAY, 9 
  OFF. AGNST PUB ORD SENSBLTY &,HOSPITAL, 1702 
  OFF. AGNST PUB ORD SENSBLTY &,HOTEL/MOTEL, 593 
  OFF. AGNST PUB ORD SENSBLTY &,JEWELRY, 92 
  OFF. AGNST PUB ORD SENSBLTY &,LIQUOR STORE, 33 
  OFF. AGNST PUB ORD SENSBLTY &,LOAN COMPANY, 25 
  OFF. AGNST PUB ORD SENSBLTY &,MARINA/PIER, 10 
  OFF. AGNST PUB ORD SENSBLTY &,MOSQUE, 17 
  OFF. AGNST PUB ORD SENSBLTY &,OPEN AREAS  OPEN LOTS , 65 
  OFF. AGNST PUB ORD SENSBLTY &,OTHER, 4740 
  OFF. AGNST PUB ORD SENSBLTY &,OTHER HOUSE OF WORSHIP, 25 
  OFF. AGNST PUB ORD SENSBLTY &,PARK/PLAYGROUND, 121 
  OFF. AGNST PUB ORD SENSBLTY &,PARKING LOT/GARAGE  PRIVATE , 136 
  OFF. AGNST PUB ORD SENSBLTY &,PARKING LOT/GARAGE  PUBLIC , 113 
  OFF. AGNST PUB ORD SENSBLTY &,PHOTO/COPY, 20 
  OFF. AGNST PUB ORD SENSBLTY &,PRIVATE/PAROCHIAL SCHOOL, 344 
  OFF. AGNST PUB ORD SENSBLTY &,PUBLIC BUILDING, 1128 
  OFF. AGNST PUB ORD SENSBLTY &,PUBLIC SCHOOL, 2138 
  OFF. AGNST PUB ORD SENSBLTY &,RESIDENCE - APT. HOUSE, 86569 
  OFF. AGNST PUB ORD SENSBLTY &,RESIDENCE - PUBLIC HOUSING, 19004 
  OFF. AGNST PUB ORD SENSBLTY &,RESIDENCE-HOUSE, 48155 
  OFF. AGNST PUB ORD SENSBLTY &,RESTAURANT/DINER, 1372 
  OFF. AGNST PUB ORD SENSBLTY &,SHOE, 39 
  OFF. AGNST PUB ORD SENSBLTY &,SMALL MERCHANT, 496 
  OFF. AGNST PUB ORD SENSBLTY &,SOCIAL CLUB/POLICY, 58 
  OFF. AGNST PUB ORD SENSBLTY &,STORAGE FACILITY, 90 
  OFF. AGNST PUB ORD SENSBLTY &,STORE UNCLASSIFIED, 537 
  OFF. AGNST PUB ORD SENSBLTY &,STREET, 6993 
  OFF. AGNST PUB ORD SENSBLTY &,SYNAGOGUE, 88 
  OFF. AGNST PUB ORD SENSBLTY &,TAXI  LIVERY LICENSED , 30 
  OFF. AGNST PUB ORD SENSBLTY &,TAXI  YELLOW LICENSED , 5 
  OFF. AGNST PUB ORD SENSBLTY &,TAXI/LIVERY  UNLICENSED , 2 
  OFF. AGNST PUB ORD SENSBLTY &,TELECOMM. STORE, 109 
  OFF. AGNST PUB ORD SENSBLTY &,TRANSIT - NYC SUBWAY, 10 
  OFF. AGNST PUB ORD SENSBLTY &,TRANSIT FACILITY  OTHER , 40 
  OFF. AGNST PUB ORD SENSBLTY &,TUNNEL, 5 
  OFF. AGNST PUB ORD SENSBLTY &,VARIETY STORE, 68 
  OFF. AGNST PUB ORD SENSBLTY &,VIDEO STORE, 19 
  OFFENSES AGAINST MARRIAGE UNCL,RESIDENCE-HOUSE, 1 
  OFFENSES AGAINST PUBLIC ADMINI,ABANDONED BUILDING, 10 
  OFFENSES AGAINST PUBLIC ADMINI,AIRPORT TERMINAL, 71 
  OFFENSES AGAINST PUBLIC ADMINI,ATM, 4 
  OFFENSES AGAINST PUBLIC ADMINI,BANK, 43 
  OFFENSES AGAINST PUBLIC ADMINI,BAR/NIGHT CLUB, 401 
  OFFENSES AGAINST PUBLIC ADMINI,BEAUTY & NAIL SALON, 95 
  OFFENSES AGAINST PUBLIC ADMINI,BOOK/CARD, 6 
  OFFENSES AGAINST PUBLIC ADMINI,BRIDGE, 25 
  OFFENSES AGAINST PUBLIC ADMINI,BUS  NYC TRANSIT , 28 
  OFFENSES AGAINST PUBLIC ADMINI,BUS  OTHER , 8 
  OFFENSES AGAINST PUBLIC ADMINI,BUS STOP, 29 
  OFFENSES AGAINST PUBLIC ADMINI,BUS TERMINAL, 352 
  OFFENSES AGAINST PUBLIC ADMINI,CANDY STORE, 47 
  OFFENSES AGAINST PUBLIC ADMINI,CHAIN STORE, 153 
  OFFENSES AGAINST PUBLIC ADMINI,CHECK CASHING BUSINESS, 21 
  OFFENSES AGAINST PUBLIC ADMINI,CHURCH, 64 
  OFFENSES AGAINST PUBLIC ADMINI,CLOTHING/BOUTIQUE, 44 
  OFFENSES AGAINST PUBLIC ADMINI,COMMERCIAL BUILDING, 690 
  OFFENSES AGAINST PUBLIC ADMINI,CONSTRUCTION SITE, 6 
  OFFENSES AGAINST PUBLIC ADMINI,DEPARTMENT STORE, 82 
  OFFENSES AGAINST PUBLIC ADMINI,DOCTOR/DENTIST OFFICE, 83 
  OFFENSES AGAINST PUBLIC ADMINI,DRUG STORE, 41 
  OFFENSES AGAINST PUBLIC ADMINI,DRY CLEANER/LAUNDRY, 41 
  OFFENSES AGAINST PUBLIC ADMINI,FACTORY/WAREHOUSE, 12 
  OFFENSES AGAINST PUBLIC ADMINI,FAST FOOD, 175 
  OFFENSES AGAINST PUBLIC ADMINI,FERRY/FERRY TERMINAL, 58 
  OFFENSES AGAINST PUBLIC ADMINI,FOOD SUPERMARKET, 60 
  OFFENSES AGAINST PUBLIC ADMINI,GAS STATION, 51 
  OFFENSES AGAINST PUBLIC ADMINI,GROCERY/BODEGA, 331 
  OFFENSES AGAINST PUBLIC ADMINI,GYM/FITNESS FACILITY, 24 
  OFFENSES AGAINST PUBLIC ADMINI,HIGHWAY/PARKWAY, 11 
  OFFENSES AGAINST PUBLIC ADMINI,HOSPITAL, 326 
  OFFENSES AGAINST PUBLIC ADMINI,HOTEL/MOTEL, 91 
  OFFENSES AGAINST PUBLIC ADMINI,JEWELRY, 6 
  OFFENSES AGAINST PUBLIC ADMINI,LIQUOR STORE, 15 
  OFFENSES AGAINST PUBLIC ADMINI,LOAN COMPANY, 4 
  OFFENSES AGAINST PUBLIC ADMINI,MARINA/PIER, 12 
  OFFENSES AGAINST PUBLIC ADMINI,MOSQUE, 6 
  OFFENSES AGAINST PUBLIC ADMINI,OPEN AREAS  OPEN LOTS , 47 
  OFFENSES AGAINST PUBLIC ADMINI,OTHER, 5774 
  OFFENSES AGAINST PUBLIC ADMINI,OTHER HOUSE OF WORSHIP, 7 
  OFFENSES AGAINST PUBLIC ADMINI,PARK/PLAYGROUND, 229 
  OFFENSES AGAINST PUBLIC ADMINI,PARKING LOT/GARAGE  PRIVATE , 87 
  OFFENSES AGAINST PUBLIC ADMINI,PARKING LOT/GARAGE  PUBLIC , 98 
  OFFENSES AGAINST PUBLIC ADMINI,PRIVATE/PAROCHIAL SCHOOL, 48 
  OFFENSES AGAINST PUBLIC ADMINI,PUBLIC BUILDING, 804 
  OFFENSES AGAINST PUBLIC ADMINI,PUBLIC SCHOOL, 813 
  OFFENSES AGAINST PUBLIC ADMINI,RESIDENCE - APT. HOUSE, 16197 
  OFFENSES AGAINST PUBLIC ADMINI,RESIDENCE - PUBLIC HOUSING, 9093 
  OFFENSES AGAINST PUBLIC ADMINI,RESIDENCE-HOUSE, 7154 
  OFFENSES AGAINST PUBLIC ADMINI,RESTAURANT/DINER, 318 
  OFFENSES AGAINST PUBLIC ADMINI,SHOE, 7 
  OFFENSES AGAINST PUBLIC ADMINI,SMALL MERCHANT, 52 
  OFFENSES AGAINST PUBLIC ADMINI,SOCIAL CLUB/POLICY, 40 
  OFFENSES AGAINST PUBLIC ADMINI,STORAGE FACILITY, 12 
  OFFENSES AGAINST PUBLIC ADMINI,STORE UNCLASSIFIED, 88 
  OFFENSES AGAINST PUBLIC ADMINI,STREET, 10457 
  OFFENSES AGAINST PUBLIC ADMINI,SYNAGOGUE, 13 
  OFFENSES AGAINST PUBLIC ADMINI,TAXI  LIVERY LICENSED , 13 
  OFFENSES AGAINST PUBLIC ADMINI,TAXI  YELLOW LICENSED , 28 
  OFFENSES AGAINST PUBLIC ADMINI,TAXI/LIVERY  UNLICENSED , 4 
  OFFENSES AGAINST PUBLIC ADMINI,TELECOMM. STORE, 7 
  OFFENSES AGAINST PUBLIC ADMINI,TRANSIT - NYC SUBWAY, 33 
  OFFENSES AGAINST PUBLIC ADMINI,TRANSIT FACILITY  OTHER , 47 
  OFFENSES AGAINST PUBLIC ADMINI,TUNNEL, 23 
  OFFENSES AGAINST PUBLIC ADMINI,VARIETY STORE, 21 
  OFFENSES AGAINST PUBLIC ADMINI,VIDEO STORE, 4 
  OFFENSES AGAINST PUBLIC SAFETY,AIRPORT TERMINAL, 3 
  OFFENSES AGAINST PUBLIC SAFETY,BEAUTY & NAIL SALON, 1 
  OFFENSES AGAINST PUBLIC SAFETY,CLOTHING/BOUTIQUE, 4 
  OFFENSES AGAINST PUBLIC SAFETY,COMMERCIAL BUILDING, 1 
  OFFENSES AGAINST PUBLIC SAFETY,DEPARTMENT STORE, 1 
  OFFENSES AGAINST PUBLIC SAFETY,FAST FOOD, 1 
  OFFENSES AGAINST PUBLIC SAFETY,FOOD SUPERMARKET, 2 
  OFFENSES AGAINST PUBLIC SAFETY,GROCERY/BODEGA, 1 
  OFFENSES AGAINST PUBLIC SAFETY,OTHER, 7 
  OFFENSES AGAINST PUBLIC SAFETY,PARK/PLAYGROUND, 1 
  OFFENSES AGAINST PUBLIC SAFETY,PARKING LOT/GARAGE  PRIVATE , 1 
  OFFENSES AGAINST PUBLIC SAFETY,PARKING LOT/GARAGE  PUBLIC , 6 
  OFFENSES AGAINST PUBLIC SAFETY,PRIVATE/PAROCHIAL SCHOOL, 1 
  OFFENSES AGAINST PUBLIC SAFETY,PUBLIC BUILDING, 2 
  OFFENSES AGAINST PUBLIC SAFETY,PUBLIC SCHOOL, 6 
  OFFENSES AGAINST PUBLIC SAFETY,RESIDENCE - APT. HOUSE, 20 
  OFFENSES AGAINST PUBLIC SAFETY,RESIDENCE - PUBLIC HOUSING, 39 
  OFFENSES AGAINST PUBLIC SAFETY,RESIDENCE-HOUSE, 19 
  OFFENSES AGAINST PUBLIC SAFETY,SMALL MERCHANT, 2 
  OFFENSES AGAINST PUBLIC SAFETY,STREET, 178 
  OFFENSES AGAINST PUBLIC SAFETY,VARIETY STORE, 1 
  OFFENSES AGAINST THE PERSON,AIRPORT TERMINAL, 8 
  OFFENSES AGAINST THE PERSON,ATM, 1 
  OFFENSES AGAINST THE PERSON,BANK, 5 
  OFFENSES AGAINST THE PERSON,BAR/NIGHT CLUB, 75 
  OFFENSES AGAINST THE PERSON,BEAUTY & NAIL SALON, 8 
  OFFENSES AGAINST THE PERSON,BOOK/CARD, 2 
  OFFENSES AGAINST THE PERSON,BRIDGE, 2 
  OFFENSES AGAINST THE PERSON,BUS  NYC TRANSIT , 2 
  OFFENSES AGAINST THE PERSON,BUS  OTHER , 5 
  OFFENSES AGAINST THE PERSON,BUS STOP, 2 
  OFFENSES AGAINST THE PERSON,BUS TERMINAL, 11 
  OFFENSES AGAINST THE PERSON,CANDY STORE, 5 
  OFFENSES AGAINST THE PERSON,CHAIN STORE, 17 
  OFFENSES AGAINST THE PERSON,CHECK CASHING BUSINESS, 2 
  OFFENSES AGAINST THE PERSON,CHURCH, 7 
  OFFENSES AGAINST THE PERSON,CLOTHING/BOUTIQUE, 8 
  OFFENSES AGAINST THE PERSON,COMMERCIAL BUILDING, 61 
  OFFENSES AGAINST THE PERSON,CONSTRUCTION SITE, 2 
  OFFENSES AGAINST THE PERSON,DEPARTMENT STORE, 6 
  OFFENSES AGAINST THE PERSON,DOCTOR/DENTIST OFFICE, 6 
  OFFENSES AGAINST THE PERSON,DRUG STORE, 3 
  OFFENSES AGAINST THE PERSON,DRY CLEANER/LAUNDRY, 7 
  OFFENSES AGAINST THE PERSON,FACTORY/WAREHOUSE, 2 
  OFFENSES AGAINST THE PERSON,FAST FOOD, 18 
  OFFENSES AGAINST THE PERSON,FERRY/FERRY TERMINAL, 5 
  OFFENSES AGAINST THE PERSON,FOOD SUPERMARKET, 8 
  OFFENSES AGAINST THE PERSON,GAS STATION, 14 
  OFFENSES AGAINST THE PERSON,GROCERY/BODEGA, 50 
  OFFENSES AGAINST THE PERSON,GYM/FITNESS FACILITY, 3 
  OFFENSES AGAINST THE PERSON,HIGHWAY/PARKWAY, 6 
  OFFENSES AGAINST THE PERSON,HOSPITAL, 23 
  OFFENSES AGAINST THE PERSON,HOTEL/MOTEL, 29 
  OFFENSES AGAINST THE PERSON,JEWELRY, 2 
  OFFENSES AGAINST THE PERSON,LIQUOR STORE, 1 
  OFFENSES AGAINST THE PERSON,MARINA/PIER, 3 
  OFFENSES AGAINST THE PERSON,OPEN AREAS  OPEN LOTS , 8 
  OFFENSES AGAINST THE PERSON,OTHER, 184 
  OFFENSES AGAINST THE PERSON,OTHER HOUSE OF WORSHIP, 1 
  OFFENSES AGAINST THE PERSON,PARK/PLAYGROUND, 41 
  OFFENSES AGAINST THE PERSON,PARKING LOT/GARAGE  PRIVATE , 18 
  OFFENSES AGAINST THE PERSON,PARKING LOT/GARAGE  PUBLIC , 31 
  OFFENSES AGAINST THE PERSON,PRIVATE/PAROCHIAL SCHOOL, 11 
  OFFENSES AGAINST THE PERSON,PUBLIC BUILDING, 51 
  OFFENSES AGAINST THE PERSON,PUBLIC SCHOOL, 160 
  OFFENSES AGAINST THE PERSON,RESIDENCE - APT. HOUSE, 1425 
  OFFENSES AGAINST THE PERSON,RESIDENCE - PUBLIC HOUSING, 823 
  OFFENSES AGAINST THE PERSON,RESIDENCE-HOUSE, 563 
  OFFENSES AGAINST THE PERSON,RESTAURANT/DINER, 55 
  OFFENSES AGAINST THE PERSON,SHOE, 1 
  OFFENSES AGAINST THE PERSON,SMALL MERCHANT, 8 
  OFFENSES AGAINST THE PERSON,SOCIAL CLUB/POLICY, 6 
  OFFENSES AGAINST THE PERSON,STORAGE FACILITY, 2 
  OFFENSES AGAINST THE PERSON,STORE UNCLASSIFIED, 11 
  OFFENSES AGAINST THE PERSON,STREET, 1396 
  OFFENSES AGAINST THE PERSON,SYNAGOGUE, 3 
  OFFENSES AGAINST THE PERSON,TAXI  LIVERY LICENSED , 6 
  OFFENSES AGAINST THE PERSON,TAXI  YELLOW LICENSED , 5 
  OFFENSES AGAINST THE PERSON,TAXI/LIVERY  UNLICENSED , 1 
  OFFENSES AGAINST THE PERSON,TELECOMM. STORE, 2 
  OFFENSES AGAINST THE PERSON,TRANSIT - NYC SUBWAY, 3 
  OFFENSES AGAINST THE PERSON,TRANSIT FACILITY  OTHER , 5 
  OFFENSES INVOLVING FRAUD,AIRPORT TERMINAL, 6 
  OFFENSES INVOLVING FRAUD,ATM, 2 
  OFFENSES INVOLVING FRAUD,BANK, 89 
  OFFENSES INVOLVING FRAUD,BAR/NIGHT CLUB, 88 
  OFFENSES INVOLVING FRAUD,BEAUTY & NAIL SALON, 44 
  OFFENSES INVOLVING FRAUD,BOOK/CARD, 1 
  OFFENSES INVOLVING FRAUD,BRIDGE, 3 
  OFFENSES INVOLVING FRAUD,BUS TERMINAL, 19 
  OFFENSES INVOLVING FRAUD,CANDY STORE, 11 
  OFFENSES INVOLVING FRAUD,CHAIN STORE, 37 
  OFFENSES INVOLVING FRAUD,CHECK CASHING BUSINESS, 77 
  OFFENSES INVOLVING FRAUD,CHURCH, 2 
  OFFENSES INVOLVING FRAUD,CLOTHING/BOUTIQUE, 119 
  OFFENSES INVOLVING FRAUD,COMMERCIAL BUILDING, 289 
  OFFENSES INVOLVING FRAUD,DEPARTMENT STORE, 39 
  OFFENSES INVOLVING FRAUD,DOCTOR/DENTIST OFFICE, 11 
  OFFENSES INVOLVING FRAUD,DRUG STORE, 26 
  OFFENSES INVOLVING FRAUD,DRY CLEANER/LAUNDRY, 23 
  OFFENSES INVOLVING FRAUD,FACTORY/WAREHOUSE, 2 
  OFFENSES INVOLVING FRAUD,FAST FOOD, 71 
  OFFENSES INVOLVING FRAUD,FERRY/FERRY TERMINAL, 1 
  OFFENSES INVOLVING FRAUD,FOOD SUPERMARKET, 22 
  OFFENSES INVOLVING FRAUD,GAS STATION, 4 
  OFFENSES INVOLVING FRAUD,GROCERY/BODEGA, 101 
  OFFENSES INVOLVING FRAUD,GYM/FITNESS FACILITY, 1 
  OFFENSES INVOLVING FRAUD,HIGHWAY/PARKWAY, 4 
  OFFENSES INVOLVING FRAUD,HOSPITAL, 3 
  OFFENSES INVOLVING FRAUD,HOTEL/MOTEL, 4 
  OFFENSES INVOLVING FRAUD,JEWELRY, 29 
  OFFENSES INVOLVING FRAUD,LIQUOR STORE, 5 
  OFFENSES INVOLVING FRAUD,LOAN COMPANY, 1 
  OFFENSES INVOLVING FRAUD,OPEN AREAS  OPEN LOTS , 6 
  OFFENSES INVOLVING FRAUD,OTHER, 129 
  OFFENSES INVOLVING FRAUD,PARK/PLAYGROUND, 33 
  OFFENSES INVOLVING FRAUD,PARKING LOT/GARAGE  PRIVATE , 23 
  OFFENSES INVOLVING FRAUD,PARKING LOT/GARAGE  PUBLIC , 50 
  OFFENSES INVOLVING FRAUD,PHOTO/COPY, 1 
  OFFENSES INVOLVING FRAUD,PUBLIC BUILDING, 35 
  OFFENSES INVOLVING FRAUD,PUBLIC SCHOOL, 12 
  OFFENSES INVOLVING FRAUD,RESIDENCE - APT. HOUSE, 173 
  OFFENSES INVOLVING FRAUD,RESIDENCE - PUBLIC HOUSING, 196 
  OFFENSES INVOLVING FRAUD,RESIDENCE-HOUSE, 74 
  OFFENSES INVOLVING FRAUD,RESTAURANT/DINER, 69 
  OFFENSES INVOLVING FRAUD,SHOE, 3 
  OFFENSES INVOLVING FRAUD,SMALL MERCHANT, 421 
  OFFENSES INVOLVING FRAUD,STORAGE FACILITY, 1 
  OFFENSES INVOLVING FRAUD,STORE UNCLASSIFIED, 58 
  OFFENSES INVOLVING FRAUD,STREET, 2046 
  OFFENSES INVOLVING FRAUD,TELECOMM. STORE, 13 
  OFFENSES INVOLVING FRAUD,TRANSIT - NYC SUBWAY, 3 
  OFFENSES INVOLVING FRAUD,TRANSIT FACILITY  OTHER , 4 
  OFFENSES INVOLVING FRAUD,TUNNEL, 4 
  OFFENSES INVOLVING FRAUD,VARIETY STORE, 63 
  OFFENSES INVOLVING FRAUD,VIDEO STORE, 5 
  OFFENSES RELATED TO CHILDREN,AIRPORT TERMINAL, 1 
  OFFENSES RELATED TO CHILDREN,BAR/NIGHT CLUB, 97 
  OFFENSES RELATED TO CHILDREN,BEAUTY & NAIL SALON, 4 
  OFFENSES RELATED TO CHILDREN,BUS TERMINAL, 1 
  OFFENSES RELATED TO CHILDREN,CANDY STORE, 12 
  OFFENSES RELATED TO CHILDREN,CHAIN STORE, 1 
  OFFENSES RELATED TO CHILDREN,CHECK CASHING BUSINESS, 1 
  OFFENSES RELATED TO CHILDREN,CLOTHING/BOUTIQUE, 1 
  OFFENSES RELATED TO CHILDREN,COMMERCIAL BUILDING, 12 
  OFFENSES RELATED TO CHILDREN,DRUG STORE, 1 
  OFFENSES RELATED TO CHILDREN,DRY CLEANER/LAUNDRY, 1 
  OFFENSES RELATED TO CHILDREN,FOOD SUPERMARKET, 5 
  OFFENSES RELATED TO CHILDREN,GAS STATION, 1 
  OFFENSES RELATED TO CHILDREN,GROCERY/BODEGA, 621 
  OFFENSES RELATED TO CHILDREN,HOSPITAL, 1 
  OFFENSES RELATED TO CHILDREN,HOTEL/MOTEL, 3 
  OFFENSES RELATED TO CHILDREN,JEWELRY, 1 
  OFFENSES RELATED TO CHILDREN,LIQUOR STORE, 42 
  OFFENSES RELATED TO CHILDREN,OTHER, 13 
  OFFENSES RELATED TO CHILDREN,PARK/PLAYGROUND, 5 
  OFFENSES RELATED TO CHILDREN,PARKING LOT/GARAGE  PRIVATE , 1 
  OFFENSES RELATED TO CHILDREN,PARKING LOT/GARAGE  PUBLIC , 2 
  OFFENSES RELATED TO CHILDREN,RESIDENCE - APT. HOUSE, 45 
  OFFENSES RELATED TO CHILDREN,RESIDENCE - PUBLIC HOUSING, 14 
  OFFENSES RELATED TO CHILDREN,RESIDENCE-HOUSE, 25 
  OFFENSES RELATED TO CHILDREN,RESTAURANT/DINER, 12 
  OFFENSES RELATED TO CHILDREN,SMALL MERCHANT, 11 
  OFFENSES RELATED TO CHILDREN,SOCIAL CLUB/POLICY, 3 
  OFFENSES RELATED TO CHILDREN,STORE UNCLASSIFIED, 6 
  OFFENSES RELATED TO CHILDREN,STREET, 24 
  OTHER OFFENSES RELATED TO THEF,ABANDONED BUILDING, 3 
  OTHER OFFENSES RELATED TO THEF,AIRPORT TERMINAL, 31 
  OTHER OFFENSES RELATED TO THEF,ATM, 2 
  OTHER OFFENSES RELATED TO THEF,BANK, 5 
  OTHER OFFENSES RELATED TO THEF,BAR/NIGHT CLUB, 271 
  OTHER OFFENSES RELATED TO THEF,BEAUTY & NAIL SALON, 185 
  OTHER OFFENSES RELATED TO THEF,BUS  NYC TRANSIT , 50 
  OTHER OFFENSES RELATED TO THEF,BUS  OTHER , 7 
  OTHER OFFENSES RELATED TO THEF,BUS STOP, 11 
  OTHER OFFENSES RELATED TO THEF,BUS TERMINAL, 4 
  OTHER OFFENSES RELATED TO THEF,CANDY STORE, 2 
  OTHER OFFENSES RELATED TO THEF,CHAIN STORE, 35 
  OTHER OFFENSES RELATED TO THEF,CHECK CASHING BUSINESS, 8 
  OTHER OFFENSES RELATED TO THEF,CLOTHING/BOUTIQUE, 5 
  OTHER OFFENSES RELATED TO THEF,COMMERCIAL BUILDING, 161 
  OTHER OFFENSES RELATED TO THEF,CONSTRUCTION SITE, 1 
  OTHER OFFENSES RELATED TO THEF,DEPARTMENT STORE, 6 
  OTHER OFFENSES RELATED TO THEF,DOCTOR/DENTIST OFFICE, 12 
  OTHER OFFENSES RELATED TO THEF,DRUG STORE, 4 
  OTHER OFFENSES RELATED TO THEF,DRY CLEANER/LAUNDRY, 53 
  OTHER OFFENSES RELATED TO THEF,FACTORY/WAREHOUSE, 5 
  OTHER OFFENSES RELATED TO THEF,FAST FOOD, 38 
  OTHER OFFENSES RELATED TO THEF,FERRY/FERRY TERMINAL, 2 
  OTHER OFFENSES RELATED TO THEF,FOOD SUPERMARKET, 1 
  OTHER OFFENSES RELATED TO THEF,GAS STATION, 343 
  OTHER OFFENSES RELATED TO THEF,GROCERY/BODEGA, 18 
  OTHER OFFENSES RELATED TO THEF,GYM/FITNESS FACILITY, 4 
  OTHER OFFENSES RELATED TO THEF,HOSPITAL, 7 
  OTHER OFFENSES RELATED TO THEF,HOTEL/MOTEL, 80 
  OTHER OFFENSES RELATED TO THEF,JEWELRY, 3 
  OTHER OFFENSES RELATED TO THEF,LIQUOR STORE, 1 
  OTHER OFFENSES RELATED TO THEF,OPEN AREAS  OPEN LOTS , 7 
  OTHER OFFENSES RELATED TO THEF,OTHER, 127 
  OTHER OFFENSES RELATED TO THEF,PARK/PLAYGROUND, 3 
  OTHER OFFENSES RELATED TO THEF,PARKING LOT/GARAGE  PRIVATE , 55 
  OTHER OFFENSES RELATED TO THEF,PARKING LOT/GARAGE  PUBLIC , 46 
  OTHER OFFENSES RELATED TO THEF,PHOTO/COPY, 2 
  OTHER OFFENSES RELATED TO THEF,PUBLIC BUILDING, 11 
  OTHER OFFENSES RELATED TO THEF,PUBLIC SCHOOL, 2 
  OTHER OFFENSES RELATED TO THEF,RESIDENCE - APT. HOUSE, 269 
  OTHER OFFENSES RELATED TO THEF,RESIDENCE - PUBLIC HOUSING, 398 
  OTHER OFFENSES RELATED TO THEF,RESIDENCE-HOUSE, 134 
  OTHER OFFENSES RELATED TO THEF,RESTAURANT/DINER, 690 
  OTHER OFFENSES RELATED TO THEF,SHOE, 1 
  OTHER OFFENSES RELATED TO THEF,SMALL MERCHANT, 60 
  OTHER OFFENSES RELATED TO THEF,SOCIAL CLUB/POLICY, 3 
  OTHER OFFENSES RELATED TO THEF,STORAGE FACILITY, 10 
  OTHER OFFENSES RELATED TO THEF,STORE UNCLASSIFIED, 54 
  OTHER OFFENSES RELATED TO THEF,STREET, 1453 
  OTHER OFFENSES RELATED TO THEF,SYNAGOGUE, 2 
  OTHER OFFENSES RELATED TO THEF,TAXI  LIVERY LICENSED , 338 
  OTHER OFFENSES RELATED TO THEF,TAXI  YELLOW LICENSED , 449 
  OTHER OFFENSES RELATED TO THEF,TAXI/LIVERY  UNLICENSED , 26 
  OTHER OFFENSES RELATED TO THEF,TELECOMM. STORE, 11 
  OTHER OFFENSES RELATED TO THEF,TRANSIT - NYC SUBWAY, 6 
  OTHER OFFENSES RELATED TO THEF,TRANSIT FACILITY  OTHER , 6 
  OTHER OFFENSES RELATED TO THEF,TUNNEL, 1 
  OTHER OFFENSES RELATED TO THEF,VARIETY STORE, 2 
  OTHER OFFENSES RELATED TO THEF,VIDEO STORE, 4 
  OTHER STATE LAWS  NON PENAL LA,AIRPORT TERMINAL, 1 
  OTHER STATE LAWS  NON PENAL LA,ATM, 2 
  OTHER STATE LAWS  NON PENAL LA,BANK, 4 
  OTHER STATE LAWS  NON PENAL LA,BAR/NIGHT CLUB, 22 
  OTHER STATE LAWS  NON PENAL LA,BEAUTY & NAIL SALON, 5 
  OTHER STATE LAWS  NON PENAL LA,BOOK/CARD, 1 
  OTHER STATE LAWS  NON PENAL LA,BRIDGE, 45 
  OTHER STATE LAWS  NON PENAL LA,BUS  NYC TRANSIT , 1 
  OTHER STATE LAWS  NON PENAL LA,BUS STOP, 1 
  OTHER STATE LAWS  NON PENAL LA,BUS TERMINAL, 4 
  OTHER STATE LAWS  NON PENAL LA,CANDY STORE, 46 
  OTHER STATE LAWS  NON PENAL LA,CHAIN STORE, 10 
  OTHER STATE LAWS  NON PENAL LA,CHECK CASHING BUSINESS, 11 
  OTHER STATE LAWS  NON PENAL LA,COMMERCIAL BUILDING, 28 
  OTHER STATE LAWS  NON PENAL LA,CONSTRUCTION SITE, 2 
  OTHER STATE LAWS  NON PENAL LA,DEPARTMENT STORE, 1 
  OTHER STATE LAWS  NON PENAL LA,DOCTOR/DENTIST OFFICE, 1 
  OTHER STATE LAWS  NON PENAL LA,DRY CLEANER/LAUNDRY, 3 
  OTHER STATE LAWS  NON PENAL LA,FACTORY/WAREHOUSE, 2 
  OTHER STATE LAWS  NON PENAL LA,FAST FOOD, 14 
  OTHER STATE LAWS  NON PENAL LA,FERRY/FERRY TERMINAL, 3 
  OTHER STATE LAWS  NON PENAL LA,FOOD SUPERMARKET, 15 
  OTHER STATE LAWS  NON PENAL LA,GAS STATION, 1 
  OTHER STATE LAWS  NON PENAL LA,GROCERY/BODEGA, 401 
  OTHER STATE LAWS  NON PENAL LA,GYM/FITNESS FACILITY, 1 
  OTHER STATE LAWS  NON PENAL LA,HOSPITAL, 6 
  OTHER STATE LAWS  NON PENAL LA,LIQUOR STORE, 3 
  OTHER STATE LAWS  NON PENAL LA,OPEN AREAS  OPEN LOTS , 6 
  OTHER STATE LAWS  NON PENAL LA,OTHER, 74 
  OTHER STATE LAWS  NON PENAL LA,PARK/PLAYGROUND, 17 
  OTHER STATE LAWS  NON PENAL LA,PARKING LOT/GARAGE  PRIVATE , 3 
  OTHER STATE LAWS  NON PENAL LA,PARKING LOT/GARAGE  PUBLIC , 12 
  OTHER STATE LAWS  NON PENAL LA,PRIVATE/PAROCHIAL SCHOOL, 1 
  OTHER STATE LAWS  NON PENAL LA,PUBLIC BUILDING, 45 
  OTHER STATE LAWS  NON PENAL LA,PUBLIC SCHOOL, 4 
  OTHER STATE LAWS  NON PENAL LA,RESIDENCE - APT. HOUSE, 128 
  OTHER STATE LAWS  NON PENAL LA,RESIDENCE - PUBLIC HOUSING, 163 
  OTHER STATE LAWS  NON PENAL LA,RESIDENCE-HOUSE, 80 
  OTHER STATE LAWS  NON PENAL LA,RESTAURANT/DINER, 24 
  OTHER STATE LAWS  NON PENAL LA,SMALL MERCHANT, 17 
  OTHER STATE LAWS  NON PENAL LA,SOCIAL CLUB/POLICY, 1 
  OTHER STATE LAWS  NON PENAL LA,STORAGE FACILITY, 1 
  OTHER STATE LAWS  NON PENAL LA,STORE UNCLASSIFIED, 19 
  OTHER STATE LAWS  NON PENAL LA,STREET, 842 
  OTHER STATE LAWS  NON PENAL LA,TAXI  YELLOW LICENSED , 1 
  OTHER STATE LAWS  NON PENAL LA,TRANSIT FACILITY  OTHER , 2 
  OTHER STATE LAWS  NON PENAL LA,TUNNEL, 1 
  OTHER STATE LAWS  NON PENAL LA,VARIETY STORE, 9 
  OTHER STATE LAWS  NON PENAL LA,VIDEO STORE, 3 
  OTHER STATE LAWS  NON PENAL LAW ,BAR/NIGHT CLUB, 3 
  OTHER STATE LAWS  NON PENAL LAW ,RESIDENCE - APT. HOUSE, 1 
  OTHER STATE LAWS  NON PENAL LAW ,RESIDENCE-HOUSE, 1 
  OTHER STATE LAWS  NON PENAL LAW ,STREET, 1 
  PETIT LARCENY,ABANDONED BUILDING, 67 
  PETIT LARCENY,AIRPORT TERMINAL, 1041 
  PETIT LARCENY,ATM, 527 
  PETIT LARCENY,BANK, 1969 
  PETIT LARCENY,BAR/NIGHT CLUB, 5165 
  PETIT LARCENY,BEAUTY & NAIL SALON, 1827 
  PETIT LARCENY,BOOK/CARD, 486 
  PETIT LARCENY,BRIDGE, 13 
  PETIT LARCENY,BUS  NYC TRANSIT , 75 
  PETIT LARCENY,BUS  OTHER , 70 
  PETIT LARCENY,BUS STOP, 37 
  PETIT LARCENY,BUS TERMINAL, 507 
  PETIT LARCENY,CANDY STORE, 1274 
  PETIT LARCENY,CEMETERY, 68 
  PETIT LARCENY,CHAIN STORE, 50184 
  PETIT LARCENY,CHECK CASHING BUSINESS, 972 
  PETIT LARCENY,CHURCH, 1311 
  PETIT LARCENY,CLOTHING/BOUTIQUE, 15445 
  PETIT LARCENY,COMMERCIAL BUILDING, 22629 
  PETIT LARCENY,CONSTRUCTION SITE, 809 
  PETIT LARCENY,DEPARTMENT STORE, 51867 
  PETIT LARCENY,DOCTOR/DENTIST OFFICE, 2046 
  PETIT LARCENY,DRUG STORE, 21953 
  PETIT LARCENY,DRY CLEANER/LAUNDRY, 2284 
  PETIT LARCENY,FACTORY/WAREHOUSE, 755 
  PETIT LARCENY,FAST FOOD, 3676 
  PETIT LARCENY,FERRY/FERRY TERMINAL, 151 
  PETIT LARCENY,FOOD SUPERMARKET, 13240 
  PETIT LARCENY,GAS STATION, 2759 
  PETIT LARCENY,GROCERY/BODEGA, 11849 
  PETIT LARCENY,GYM/FITNESS FACILITY, 4570 
  PETIT LARCENY,HIGHWAY/PARKWAY, 29 
  PETIT LARCENY,HOSPITAL, 3867 
  PETIT LARCENY,HOTEL/MOTEL, 3720 
  PETIT LARCENY,JEWELRY, 429 
  PETIT LARCENY,LIQUOR STORE, 1046 
  PETIT LARCENY,LOAN COMPANY, 32 
  PETIT LARCENY,MARINA/PIER, 149 
  PETIT LARCENY,MOSQUE, 113 
  PETIT LARCENY,OPEN AREAS  OPEN LOTS , 1168 
  PETIT LARCENY,OTHER, 14044 
  PETIT LARCENY,OTHER HOUSE OF WORSHIP, 84 
  PETIT LARCENY,PARK/PLAYGROUND, 1629 
  PETIT LARCENY,PARKING LOT/GARAGE  PRIVATE , 6245 
  PETIT LARCENY,PARKING LOT/GARAGE  PUBLIC , 6183 
  PETIT LARCENY,PHOTO/COPY, 146 
  PETIT LARCENY,PRIVATE/PAROCHIAL SCHOOL, 1042 
  PETIT LARCENY,PUBLIC BUILDING, 2955 
  PETIT LARCENY,PUBLIC SCHOOL, 9400 
  PETIT LARCENY,RESIDENCE - APT. HOUSE, 54059 
  PETIT LARCENY,RESIDENCE - PUBLIC HOUSING, 13846 
  PETIT LARCENY,RESIDENCE-HOUSE, 31661 
  PETIT LARCENY,RESTAURANT/DINER, 8089 
  PETIT LARCENY,SHOE, 1158 
  PETIT LARCENY,SMALL MERCHANT, 3643 
  PETIT LARCENY,SOCIAL CLUB/POLICY, 385 
  PETIT LARCENY,STORAGE FACILITY, 967 
  PETIT LARCENY,STORE UNCLASSIFIED, 5708 
  PETIT LARCENY,STREET, 145996 
  PETIT LARCENY,SYNAGOGUE, 285 
  PETIT LARCENY,TAXI  LIVERY LICENSED , 298 
  PETIT LARCENY,TAXI  YELLOW LICENSED , 297 
  PETIT LARCENY,TAXI/LIVERY  UNLICENSED , 37 
  PETIT LARCENY,TELECOMM. STORE, 2699 
  PETIT LARCENY,TRAMWAY, 2 
  PETIT LARCENY,TRANSIT - NYC SUBWAY, 64 
  PETIT LARCENY,TRANSIT FACILITY  OTHER , 211 
  PETIT LARCENY,TUNNEL, 148 
  PETIT LARCENY,VARIETY STORE, 2385 
  PETIT LARCENY,VIDEO STORE, 506 
  PETIT LARCENY OF MOTOR VEHICLE,BAR/NIGHT CLUB, 1 
  PETIT LARCENY OF MOTOR VEHICLE,CHURCH, 2 
  PETIT LARCENY OF MOTOR VEHICLE,COMMERCIAL BUILDING, 6 
  PETIT LARCENY OF MOTOR VEHICLE,GAS STATION, 1 
  PETIT LARCENY OF MOTOR VEHICLE,GROCERY/BODEGA, 1 
  PETIT LARCENY OF MOTOR VEHICLE,OPEN AREAS  OPEN LOTS , 5 
  PETIT LARCENY OF MOTOR VEHICLE,OTHER, 18 
  PETIT LARCENY OF MOTOR VEHICLE,PARK/PLAYGROUND, 1 
  PETIT LARCENY OF MOTOR VEHICLE,PARKING LOT/GARAGE  PRIVATE , 18 
  PETIT LARCENY OF MOTOR VEHICLE,PARKING LOT/GARAGE  PUBLIC , 10 
  PETIT LARCENY OF MOTOR VEHICLE,PUBLIC BUILDING, 5 
  PETIT LARCENY OF MOTOR VEHICLE,RESIDENCE - APT. HOUSE, 32 
  PETIT LARCENY OF MOTOR VEHICLE,RESIDENCE - PUBLIC HOUSING, 25 
  PETIT LARCENY OF MOTOR VEHICLE,RESIDENCE-HOUSE, 56 
  PETIT LARCENY OF MOTOR VEHICLE,RESTAURANT/DINER, 5 
  PETIT LARCENY OF MOTOR VEHICLE,STORAGE FACILITY, 2 
  PETIT LARCENY OF MOTOR VEHICLE,STORE UNCLASSIFIED, 1 
  PETIT LARCENY OF MOTOR VEHICLE,STREET, 433 
  PETIT LARCENY OF MOTOR VEHICLE,TUNNEL, 2 
  POSSESSION OF STOLEN PROPERTY,ABANDONED BUILDING, 1 
  POSSESSION OF STOLEN PROPERTY,AIRPORT TERMINAL, 7 
  POSSESSION OF STOLEN PROPERTY,ATM, 1 
  POSSESSION OF STOLEN PROPERTY,BANK, 16 
  POSSESSION OF STOLEN PROPERTY,BAR/NIGHT CLUB, 73 
  POSSESSION OF STOLEN PROPERTY,BEAUTY & NAIL SALON, 71 
  POSSESSION OF STOLEN PROPERTY,BOOK/CARD, 9 
  POSSESSION OF STOLEN PROPERTY,BRIDGE, 23 
  POSSESSION OF STOLEN PROPERTY,BUS  OTHER , 1 
  POSSESSION OF STOLEN PROPERTY,BUS STOP, 2 
  POSSESSION OF STOLEN PROPERTY,BUS TERMINAL, 8 
  POSSESSION OF STOLEN PROPERTY,CANDY STORE, 81 
  POSSESSION OF STOLEN PROPERTY,CEMETERY, 1 
  POSSESSION OF STOLEN PROPERTY,CHAIN STORE, 1108 
  POSSESSION OF STOLEN PROPERTY,CHECK CASHING BUSINESS, 16 
  POSSESSION OF STOLEN PROPERTY,CHURCH, 9 
  POSSESSION OF STOLEN PROPERTY,CLOTHING/BOUTIQUE, 329 
  POSSESSION OF STOLEN PROPERTY,COMMERCIAL BUILDING, 394 
  POSSESSION OF STOLEN PROPERTY,CONSTRUCTION SITE, 15 
  POSSESSION OF STOLEN PROPERTY,DEPARTMENT STORE, 1082 
  POSSESSION OF STOLEN PROPERTY,DOCTOR/DENTIST OFFICE, 14 
  POSSESSION OF STOLEN PROPERTY,DRUG STORE, 576 
  POSSESSION OF STOLEN PROPERTY,DRY CLEANER/LAUNDRY, 21 
  POSSESSION OF STOLEN PROPERTY,FACTORY/WAREHOUSE, 25 
  POSSESSION OF STOLEN PROPERTY,FAST FOOD, 72 
  POSSESSION OF STOLEN PROPERTY,FERRY/FERRY TERMINAL, 2 
  POSSESSION OF STOLEN PROPERTY,FOOD SUPERMARKET, 518 
  POSSESSION OF STOLEN PROPERTY,GAS STATION, 33 
  POSSESSION OF STOLEN PROPERTY,GROCERY/BODEGA, 882 
  POSSESSION OF STOLEN PROPERTY,GYM/FITNESS FACILITY, 20 
  POSSESSION OF STOLEN PROPERTY,HIGHWAY/PARKWAY, 2 
  POSSESSION OF STOLEN PROPERTY,HOSPITAL, 47 
  POSSESSION OF STOLEN PROPERTY,HOTEL/MOTEL, 23 
  POSSESSION OF STOLEN PROPERTY,JEWELRY, 159 
  POSSESSION OF STOLEN PROPERTY,LIQUOR STORE, 21 
  POSSESSION OF STOLEN PROPERTY,LOAN COMPANY, 10 
  POSSESSION OF STOLEN PROPERTY,MARINA/PIER, 1 
  POSSESSION OF STOLEN PROPERTY,MOSQUE, 1 
  POSSESSION OF STOLEN PROPERTY,OPEN AREAS  OPEN LOTS , 10 
  POSSESSION OF STOLEN PROPERTY,OTHER, 347 
  POSSESSION OF STOLEN PROPERTY,PARK/PLAYGROUND, 42 
  POSSESSION OF STOLEN PROPERTY,PARKING LOT/GARAGE  PRIVATE , 48 
  POSSESSION OF STOLEN PROPERTY,PARKING LOT/GARAGE  PUBLIC , 23 
  POSSESSION OF STOLEN PROPERTY,PHOTO/COPY, 6 
  POSSESSION OF STOLEN PROPERTY,PRIVATE/PAROCHIAL SCHOOL, 5 
  POSSESSION OF STOLEN PROPERTY,PUBLIC BUILDING, 82 
  POSSESSION OF STOLEN PROPERTY,PUBLIC SCHOOL, 203 
  POSSESSION OF STOLEN PROPERTY,RESIDENCE - APT. HOUSE, 421 
  POSSESSION OF STOLEN PROPERTY,RESIDENCE - PUBLIC HOUSING, 249 
  POSSESSION OF STOLEN PROPERTY,RESIDENCE-HOUSE, 337 
  POSSESSION OF STOLEN PROPERTY,RESTAURANT/DINER, 84 
  POSSESSION OF STOLEN PROPERTY,SHOE, 17 
  POSSESSION OF STOLEN PROPERTY,SMALL MERCHANT, 278 
  POSSESSION OF STOLEN PROPERTY,SOCIAL CLUB/POLICY, 2 
  POSSESSION OF STOLEN PROPERTY,STORAGE FACILITY, 12 
  POSSESSION OF STOLEN PROPERTY,STORE UNCLASSIFIED, 281 
  POSSESSION OF STOLEN PROPERTY,STREET, 1927 
  POSSESSION OF STOLEN PROPERTY,SYNAGOGUE, 2 
  POSSESSION OF STOLEN PROPERTY,TAXI  LIVERY LICENSED , 4 
  POSSESSION OF STOLEN PROPERTY,TAXI/LIVERY  UNLICENSED , 1 
  POSSESSION OF STOLEN PROPERTY,TELECOMM. STORE, 139 
  POSSESSION OF STOLEN PROPERTY,TRANSIT - NYC SUBWAY, 5 
  POSSESSION OF STOLEN PROPERTY,TRANSIT FACILITY  OTHER , 23 
  POSSESSION OF STOLEN PROPERTY,TUNNEL, 3 
  POSSESSION OF STOLEN PROPERTY,VARIETY STORE, 88 
  POSSESSION OF STOLEN PROPERTY,VIDEO STORE, 34 
  PROSTITUTION & RELATED OFFENSES,ABANDONED BUILDING, 2 
  PROSTITUTION & RELATED OFFENSES,BUS TERMINAL, 11 
  PROSTITUTION & RELATED OFFENSES,CHAIN STORE, 1 
  PROSTITUTION & RELATED OFFENSES,CHURCH, 1 
  PROSTITUTION & RELATED OFFENSES,COMMERCIAL BUILDING, 3 
  PROSTITUTION & RELATED OFFENSES,HOSPITAL, 2 
  PROSTITUTION & RELATED OFFENSES,HOTEL/MOTEL, 12 
  PROSTITUTION & RELATED OFFENSES,OTHER, 6 
  PROSTITUTION & RELATED OFFENSES,PARK/PLAYGROUND, 2 
  PROSTITUTION & RELATED OFFENSES,PARKING LOT/GARAGE  PRIVATE , 3 
  PROSTITUTION & RELATED OFFENSES,PUBLIC BUILDING, 2 
  PROSTITUTION & RELATED OFFENSES,RESIDENCE - APT. HOUSE, 24 
  PROSTITUTION & RELATED OFFENSES,RESIDENCE - PUBLIC HOUSING, 19 
  PROSTITUTION & RELATED OFFENSES,RESIDENCE-HOUSE, 8 
  PROSTITUTION & RELATED OFFENSES,STREET, 86 
  SEX CRIMES,ABANDONED BUILDING, 5 
  SEX CRIMES,AIRPORT TERMINAL, 6 
  SEX CRIMES,BANK, 17 
  SEX CRIMES,BAR/NIGHT CLUB, 324 
  SEX CRIMES,BEAUTY & NAIL SALON, 70 
  SEX CRIMES,BOOK/CARD, 6 
  SEX CRIMES,BRIDGE, 2 
  SEX CRIMES,BUS  NYC TRANSIT , 25 
  SEX CRIMES,BUS  OTHER , 44 
  SEX CRIMES,BUS STOP, 7 
  SEX CRIMES,BUS TERMINAL, 82 
  SEX CRIMES,CANDY STORE, 29 
  SEX CRIMES,CHAIN STORE, 125 
  SEX CRIMES,CHECK CASHING BUSINESS, 6 
  SEX CRIMES,CHURCH, 52 
  SEX CRIMES,CLOTHING/BOUTIQUE, 65 
  SEX CRIMES,COMMERCIAL BUILDING, 412 
  SEX CRIMES,CONSTRUCTION SITE, 5 
  SEX CRIMES,DEPARTMENT STORE, 81 
  SEX CRIMES,DOCTOR/DENTIST OFFICE, 138 
  SEX CRIMES,DRUG STORE, 36 
  SEX CRIMES,DRY CLEANER/LAUNDRY, 56 
  SEX CRIMES,FACTORY/WAREHOUSE, 7 
  SEX CRIMES,FAST FOOD, 102 
  SEX CRIMES,FERRY/FERRY TERMINAL, 8 
  SEX CRIMES,FOOD SUPERMARKET, 79 
  SEX CRIMES,GAS STATION, 11 
  SEX CRIMES,GROCERY/BODEGA, 212 
  SEX CRIMES,GYM/FITNESS FACILITY, 57 
  SEX CRIMES,HIGHWAY/PARKWAY, 1 
  SEX CRIMES,HOSPITAL, 435 
  SEX CRIMES,HOTEL/MOTEL, 292 
  SEX CRIMES,JEWELRY, 11 
  SEX CRIMES,LIQUOR STORE, 2 
  SEX CRIMES,LOAN COMPANY, 1 
  SEX CRIMES,MARINA/PIER, 5 
  SEX CRIMES,MOSQUE, 4 
  SEX CRIMES,OPEN AREAS  OPEN LOTS , 17 
  SEX CRIMES,OTHER, 730 
  SEX CRIMES,OTHER HOUSE OF WORSHIP, 5 
  SEX CRIMES,PARK/PLAYGROUND, 146 
  SEX CRIMES,PARKING LOT/GARAGE  PRIVATE , 39 
  SEX CRIMES,PARKING LOT/GARAGE  PUBLIC , 52 
  SEX CRIMES,PHOTO/COPY, 6 
  SEX CRIMES,PRIVATE/PAROCHIAL SCHOOL, 87 
  SEX CRIMES,PUBLIC BUILDING, 165 
  SEX CRIMES,PUBLIC SCHOOL, 1072 
  SEX CRIMES,RESIDENCE - APT. HOUSE, 9439 
  SEX CRIMES,RESIDENCE - PUBLIC HOUSING, 2433 
  SEX CRIMES,RESIDENCE-HOUSE, 3396 
  SEX CRIMES,RESTAURANT/DINER, 226 
  SEX CRIMES,SHOE, 9 
  SEX CRIMES,SMALL MERCHANT, 60 
  SEX CRIMES,SOCIAL CLUB/POLICY, 23 
  SEX CRIMES,STORAGE FACILITY, 3 
  SEX CRIMES,STORE UNCLASSIFIED, 73 
  SEX CRIMES,STREET, 2602 
  SEX CRIMES,SYNAGOGUE, 17 
  SEX CRIMES,TAXI  LIVERY LICENSED , 21 
  SEX CRIMES,TAXI  YELLOW LICENSED , 17 
  SEX CRIMES,TAXI/LIVERY  UNLICENSED , 8 
  SEX CRIMES,TELECOMM. STORE, 8 
  SEX CRIMES,TRAMWAY, 1 
  SEX CRIMES,TRANSIT - NYC SUBWAY, 19 
  SEX CRIMES,TRANSIT FACILITY  OTHER , 15 
  SEX CRIMES,TUNNEL, 3 
  SEX CRIMES,VARIETY STORE, 26 
  SEX CRIMES,VIDEO STORE, 5 
  THEFT OF SERVICES,GAS STATION, 1 
  THEFT OF SERVICES,OTHER, 1 
  THEFT OF SERVICES,RESIDENCE - PUBLIC HOUSING, 1 
  UNAUTHORIZED USE OF A VEHICLE,AIRPORT TERMINAL, 12 
  UNAUTHORIZED USE OF A VEHICLE,BANK, 2 
  UNAUTHORIZED USE OF A VEHICLE,BAR/NIGHT CLUB, 8 
  UNAUTHORIZED USE OF A VEHICLE,BRIDGE, 4 
  UNAUTHORIZED USE OF A VEHICLE,BUS  OTHER , 1 
  UNAUTHORIZED USE OF A VEHICLE,BUS STOP, 2 
  UNAUTHORIZED USE OF A VEHICLE,CEMETERY, 3 
  UNAUTHORIZED USE OF A VEHICLE,CHAIN STORE, 157 
  UNAUTHORIZED USE OF A VEHICLE,CHECK CASHING BUSINESS, 1 
  UNAUTHORIZED USE OF A VEHICLE,COMMERCIAL BUILDING, 708 
  UNAUTHORIZED USE OF A VEHICLE,CONSTRUCTION SITE, 2 
  UNAUTHORIZED USE OF A VEHICLE,DEPARTMENT STORE, 7 
  UNAUTHORIZED USE OF A VEHICLE,DOCTOR/DENTIST OFFICE, 1 
  UNAUTHORIZED USE OF A VEHICLE,DRY CLEANER/LAUNDRY, 1 
  UNAUTHORIZED USE OF A VEHICLE,FACTORY/WAREHOUSE, 10 
  UNAUTHORIZED USE OF A VEHICLE,FAST FOOD, 3 
  UNAUTHORIZED USE OF A VEHICLE,FOOD SUPERMARKET, 1 
  UNAUTHORIZED USE OF A VEHICLE,GAS STATION, 32 
  UNAUTHORIZED USE OF A VEHICLE,GROCERY/BODEGA, 6 
  UNAUTHORIZED USE OF A VEHICLE,GYM/FITNESS FACILITY, 2 
  UNAUTHORIZED USE OF A VEHICLE,HIGHWAY/PARKWAY, 2 
  UNAUTHORIZED USE OF A VEHICLE,HOSPITAL, 9 
  UNAUTHORIZED USE OF A VEHICLE,HOTEL/MOTEL, 23 
  UNAUTHORIZED USE OF A VEHICLE,LOAN COMPANY, 16 
  UNAUTHORIZED USE OF A VEHICLE,MARINA/PIER, 3 
  UNAUTHORIZED USE OF A VEHICLE,OPEN AREAS  OPEN LOTS , 25 
  UNAUTHORIZED USE OF A VEHICLE,OTHER, 448 
  UNAUTHORIZED USE OF A VEHICLE,OTHER HOUSE OF WORSHIP, 1 
  UNAUTHORIZED USE OF A VEHICLE,PARK/PLAYGROUND, 5 
  UNAUTHORIZED USE OF A VEHICLE,PARKING LOT/GARAGE  PRIVATE , 369 
  UNAUTHORIZED USE OF A VEHICLE,PARKING LOT/GARAGE  PUBLIC , 193 
  UNAUTHORIZED USE OF A VEHICLE,PRIVATE/PAROCHIAL SCHOOL, 3 
  UNAUTHORIZED USE OF A VEHICLE,PUBLIC BUILDING, 17 
  UNAUTHORIZED USE OF A VEHICLE,PUBLIC SCHOOL, 1 
  UNAUTHORIZED USE OF A VEHICLE,RESIDENCE - APT. HOUSE, 418 
  UNAUTHORIZED USE OF A VEHICLE,RESIDENCE - PUBLIC HOUSING, 396 
  UNAUTHORIZED USE OF A VEHICLE,RESIDENCE-HOUSE, 693 
  UNAUTHORIZED USE OF A VEHICLE,RESTAURANT/DINER, 5 
  UNAUTHORIZED USE OF A VEHICLE,SHOE, 1 
  UNAUTHORIZED USE OF A VEHICLE,SMALL MERCHANT, 52 
  UNAUTHORIZED USE OF A VEHICLE,SOCIAL CLUB/POLICY, 1 
  UNAUTHORIZED USE OF A VEHICLE,STORAGE FACILITY, 50 
  UNAUTHORIZED USE OF A VEHICLE,STORE UNCLASSIFIED, 121 
  UNAUTHORIZED USE OF A VEHICLE,STREET, 4568 
  UNAUTHORIZED USE OF A VEHICLE,SYNAGOGUE, 3 
  UNAUTHORIZED USE OF A VEHICLE,TAXI  LIVERY LICENSED , 20 
  UNAUTHORIZED USE OF A VEHICLE,TAXI  YELLOW LICENSED , 1 
  UNAUTHORIZED USE OF A VEHICLE,TAXI/LIVERY  UNLICENSED , 4 
  UNAUTHORIZED USE OF A VEHICLE,TRANSIT FACILITY  OTHER , 1 
  UNAUTHORIZED USE OF A VEHICLE,TUNNEL, 3 
  VEHICLE AND TRAFFIC LAWS,AIRPORT TERMINAL, 799 
  VEHICLE AND TRAFFIC LAWS,BANK, 3 
  VEHICLE AND TRAFFIC LAWS,BAR/NIGHT CLUB, 6 
  VEHICLE AND TRAFFIC LAWS,BEAUTY & NAIL SALON, 1 
  VEHICLE AND TRAFFIC LAWS,BRIDGE, 340 
  VEHICLE AND TRAFFIC LAWS,BUS  NYC TRANSIT , 3 
  VEHICLE AND TRAFFIC LAWS,BUS  OTHER , 1 
  VEHICLE AND TRAFFIC LAWS,BUS STOP, 11 
  VEHICLE AND TRAFFIC LAWS,BUS TERMINAL, 2 
  VEHICLE AND TRAFFIC LAWS,CANDY STORE, 2 
  VEHICLE AND TRAFFIC LAWS,CHAIN STORE, 14 
  VEHICLE AND TRAFFIC LAWS,CHECK CASHING BUSINESS, 1 
  VEHICLE AND TRAFFIC LAWS,CHURCH, 2 
  VEHICLE AND TRAFFIC LAWS,CLOTHING/BOUTIQUE, 1 
  VEHICLE AND TRAFFIC LAWS,COMMERCIAL BUILDING, 29 
  VEHICLE AND TRAFFIC LAWS,CONSTRUCTION SITE, 3 
  VEHICLE AND TRAFFIC LAWS,DEPARTMENT STORE, 5 
  VEHICLE AND TRAFFIC LAWS,DOCTOR/DENTIST OFFICE, 1 
  VEHICLE AND TRAFFIC LAWS,DRUG STORE, 3 
  VEHICLE AND TRAFFIC LAWS,DRY CLEANER/LAUNDRY, 1 
  VEHICLE AND TRAFFIC LAWS,FACTORY/WAREHOUSE, 2 
  VEHICLE AND TRAFFIC LAWS,FAST FOOD, 11 
  VEHICLE AND TRAFFIC LAWS,FOOD SUPERMARKET, 13 
  VEHICLE AND TRAFFIC LAWS,GAS STATION, 38 
  VEHICLE AND TRAFFIC LAWS,GROCERY/BODEGA, 11 
  VEHICLE AND TRAFFIC LAWS,HIGHWAY/PARKWAY, 62 
  VEHICLE AND TRAFFIC LAWS,HOSPITAL, 8 
  VEHICLE AND TRAFFIC LAWS,HOTEL/MOTEL, 4 
  VEHICLE AND TRAFFIC LAWS,LIQUOR STORE, 1 
  VEHICLE AND TRAFFIC LAWS,MARINA/PIER, 1 
  VEHICLE AND TRAFFIC LAWS,MOSQUE, 1 
  VEHICLE AND TRAFFIC LAWS,OPEN AREAS  OPEN LOTS , 10 
  VEHICLE AND TRAFFIC LAWS,OTHER, 401 
  VEHICLE AND TRAFFIC LAWS,OTHER HOUSE OF WORSHIP, 2 
  VEHICLE AND TRAFFIC LAWS,PARK/PLAYGROUND, 12 
  VEHICLE AND TRAFFIC LAWS,PARKING LOT/GARAGE  PRIVATE , 78 
  VEHICLE AND TRAFFIC LAWS,PARKING LOT/GARAGE  PUBLIC , 136 
  VEHICLE AND TRAFFIC LAWS,PUBLIC BUILDING, 23 
  VEHICLE AND TRAFFIC LAWS,RESIDENCE - APT. HOUSE, 59 
  VEHICLE AND TRAFFIC LAWS,RESIDENCE - PUBLIC HOUSING, 524 
  VEHICLE AND TRAFFIC LAWS,RESIDENCE-HOUSE, 42 
  VEHICLE AND TRAFFIC LAWS,RESTAURANT/DINER, 7 
  VEHICLE AND TRAFFIC LAWS,SMALL MERCHANT, 1 
  VEHICLE AND TRAFFIC LAWS,STORAGE FACILITY, 1 
  VEHICLE AND TRAFFIC LAWS,STORE UNCLASSIFIED, 5 
  VEHICLE AND TRAFFIC LAWS,STREET, 8022 
  VEHICLE AND TRAFFIC LAWS,TAXI  LIVERY LICENSED , 8 
  VEHICLE AND TRAFFIC LAWS,TAXI  YELLOW LICENSED , 13 
  VEHICLE AND TRAFFIC LAWS,TAXI/LIVERY  UNLICENSED , 3 
  VEHICLE AND TRAFFIC LAWS,TRANSIT FACILITY  OTHER , 4 
  VEHICLE AND TRAFFIC LAWS,TUNNEL, 42 
  VEHICLE AND TRAFFIC LAWS,VARIETY STORE, 1 
