  01,ADMINISTRATIVE CODE, 189 
  01,AGRICULTURE & MRKTS LAW-UNCLASSIFIED, 5 
  01,ALCOHOLIC BEVERAGE CONTROL LAW, 7 
  01,ASSAULT 3 & RELATED OFFENSES, 5725 
  01, BURGLARS TOOLS   18 
  01,CRIMINAL MISCHIEF & RELATED OF, 5908 
  01,CRIMINAL TRESPASS, 662 
  01,DANGEROUS DRUGS, 401 
  01,DANGEROUS WEAPONS, 411 
  01,ENDAN WELFARE INCOMP, 1 
  01,FORTUNE TELLING, 1 
  01,FRAUDS, 326 
  01,FRAUDULENT ACCOSTING, 9 
  01,GAMBLING, 12 
  01,INTOXICATED & IMPAIRED DRIVING, 236 
  01,JOSTLING, 1 
  01,OFF. AGNST PUB ORD SENSBLTY &, 4003 
  01,OFFENSES AGAINST PUBLIC ADMINI, 699 
  01,OFFENSES AGAINST PUBLIC SAFETY, 3 
  01,OFFENSES AGAINST THE PERSON, 63 
  01,OFFENSES INVOLVING FRAUD, 47 
  01,OFFENSES RELATED TO CHILDREN, 33 
  01,OTHER OFFENSES RELATED TO THEF, 95 
  01,OTHER STATE LAWS  NON PENAL LA, 18 
  01,PETIT LARCENY, 9849 
  01,PETIT LARCENY OF MOTOR VEHICLE, 13 
  01,POSSESSION OF STOLEN PROPERTY, 179 
  01,PROSTITUTION & RELATED OFFENSES, 1 
  01,SEX CRIMES, 469 
  01,THEFT OF SERVICES, 1 
  01,UNAUTHORIZED USE OF A VEHICLE, 204 
  01,VEHICLE AND TRAFFIC LAWS, 229 
  02,ADMINISTRATIVE CODE, 169 
  02,ALCOHOLIC BEVERAGE CONTROL LAW, 13 
  02,ANTICIPATORY OFFENSES, 1 
  02,ASSAULT 3 & RELATED OFFENSES, 5195 
  02, BURGLARS TOOLS   16 
  02,CRIMINAL MISCHIEF & RELATED OF, 4915 
  02,CRIMINAL TRESPASS, 675 
  02,DANGEROUS DRUGS, 366 
  02,DANGEROUS WEAPONS, 368 
  02,ENDAN WELFARE INCOMP, 2 
  02,ESCAPE 3, 1 
  02,FRAUDS, 289 
  02,FRAUDULENT ACCOSTING, 18 
  02,GAMBLING, 6 
  02,INTOXICATED & IMPAIRED DRIVING, 256 
  02,JOSTLING, 1 
  02,NEW YORK CITY HEALTH CODE, 1 
  02,OFF. AGNST PUB ORD SENSBLTY &, 3662 
  02,OFFENSES AGAINST PUBLIC ADMINI, 643 
  02,OFFENSES AGAINST PUBLIC SAFETY, 1 
  02,OFFENSES AGAINST THE PERSON, 41 
  02,OFFENSES INVOLVING FRAUD, 49 
  02,OFFENSES RELATED TO CHILDREN, 57 
  02,OTHER OFFENSES RELATED TO THEF, 113 
  02,OTHER STATE LAWS  NON PENAL LA, 10 
  02,PETIT LARCENY, 8461 
  02,PETIT LARCENY OF MOTOR VEHICLE, 10 
  02,POSSESSION OF STOLEN PROPERTY, 167 
  02,PROSTITUTION & RELATED OFFENSES, 2 
  02,SEX CRIMES, 419 
  02,UNAUTHORIZED USE OF A VEHICLE, 228 
  02,VEHICLE AND TRAFFIC LAWS, 244 
  03,ADMINISTRATIVE CODE, 176 
  03,AGRICULTURE & MRKTS LAW-UNCLASSIFIED, 2 
  03,ALCOHOLIC BEVERAGE CONTROL LAW, 4 
  03,ASSAULT 3 & RELATED OFFENSES, 6018 
  03, BURGLARS TOOLS   27 
  03,CRIMINAL MISCHIEF & RELATED OF, 5915 
  03,CRIMINAL TRESPASS, 700 
  03,DANGEROUS DRUGS, 397 
  03,DANGEROUS WEAPONS, 401 
  03,ENDAN WELFARE INCOMP, 1 
  03,ESCAPE 3, 1 
  03,FRAUDS, 301 
  03,FRAUDULENT ACCOSTING, 2 
  03,GAMBLING, 7 
  03,INTOXICATED & IMPAIRED DRIVING, 290 
  03,JOSTLING, 2 
  03,OFF. AGNST PUB ORD SENSBLTY &, 3945 
  03,OFFENSES AGAINST PUBLIC ADMINI, 816 
  03,OFFENSES AGAINST PUBLIC SAFETY, 1 
  03,OFFENSES AGAINST THE PERSON, 77 
  03,OFFENSES INVOLVING FRAUD, 55 
  03,OFFENSES RELATED TO CHILDREN, 89 
  03,OTHER OFFENSES RELATED TO THEF, 122 
  03,OTHER STATE LAWS  NON PENAL LA, 16 
  03,PETIT LARCENY, 10066 
  03,PETIT LARCENY OF MOTOR VEHICLE, 13 
  03,POSSESSION OF STOLEN PROPERTY, 187 
  03,PROSTITUTION & RELATED OFFENSES, 5 
  03,SEX CRIMES, 481 
  03,UNAUTHORIZED USE OF A VEHICLE, 225 
  03,VEHICLE AND TRAFFIC LAWS, 272 
  04,ADMINISTRATIVE CODE, 186 
  04,AGRICULTURE & MRKTS LAW-UNCLASSIFIED, 5 
  04,ALCOHOLIC BEVERAGE CONTROL LAW, 5 
  04,ASSAULT 3 & RELATED OFFENSES, 5897 
  04, BURGLARS TOOLS   19 
  04,CRIMINAL MISCHIEF & RELATED OF, 6135 
  04,CRIMINAL TRESPASS, 666 
  04,DANGEROUS DRUGS, 422 
  04,DANGEROUS WEAPONS, 382 
  04,DISRUPTION OF A RELIGIOUS SERV, 2 
  04,ENDAN WELFARE INCOMP, 2 
  04,ESCAPE 3, 2 
  04,FRAUDS, 280 
  04,FRAUDULENT ACCOSTING, 2 
  04,GAMBLING, 6 
  04,INTOXICATED & IMPAIRED DRIVING, 287 
  04,JOSTLING, 1 
  04,OFF. AGNST PUB ORD SENSBLTY &, 3829 
  04,OFFENSES AGAINST PUBLIC ADMINI, 838 
  04,OFFENSES AGAINST PUBLIC SAFETY, 1 
  04,OFFENSES AGAINST THE PERSON, 80 
  04,OFFENSES INVOLVING FRAUD, 52 
  04,OFFENSES RELATED TO CHILDREN, 19 
  04,OTHER OFFENSES RELATED TO THEF, 122 
  04,OTHER STATE LAWS  NON PENAL LA, 14 
  04,PETIT LARCENY, 10052 
  04,PETIT LARCENY OF MOTOR VEHICLE, 11 
  04,POSSESSION OF STOLEN PROPERTY, 195 
  04,SEX CRIMES, 458 
  04,UNAUTHORIZED USE OF A VEHICLE, 197 
  04,VEHICLE AND TRAFFIC LAWS, 288 
  05,ADMINISTRATIVE CODE, 202 
  05,AGRICULTURE & MRKTS LAW-UNCLASSIFIED, 1 
  05,ALCOHOLIC BEVERAGE CONTROL LAW, 3 
  05,ASSAULT 3 & RELATED OFFENSES, 6660 
  05, BURGLARS TOOLS   18 
  05,CRIMINAL MISCHIEF & RELATED OF, 6171 
  05,CRIMINAL TRESPASS, 703 
  05,DANGEROUS DRUGS, 426 
  05,DANGEROUS WEAPONS, 359 
  05,DISRUPTION OF A RELIGIOUS SERV, 1 
  05,ENDAN WELFARE INCOMP, 6 
  05,ESCAPE 3, 1 
  05,FRAUDS, 259 
  05,FRAUDULENT ACCOSTING, 6 
  05,GAMBLING, 8 
  05,INTOXICATED & IMPAIRED DRIVING, 240 
  05,OFF. AGNST PUB ORD SENSBLTY &, 3778 
  05,OFFENSES AGAINST PUBLIC ADMINI, 902 
  05,OFFENSES AGAINST PUBLIC SAFETY, 4 
  05,OFFENSES AGAINST THE PERSON, 92 
  05,OFFENSES INVOLVING FRAUD, 73 
  05,OFFENSES RELATED TO CHILDREN, 41 
  05,OTHER OFFENSES RELATED TO THEF, 103 
  05,OTHER STATE LAWS  NON PENAL LA, 14 
  05,PETIT LARCENY, 10991 
  05,PETIT LARCENY OF MOTOR VEHICLE, 14 
  05,POSSESSION OF STOLEN PROPERTY, 193 
  05,PROSTITUTION & RELATED OFFENSES, 2 
  05,SEX CRIMES, 537 
  05,UNAUTHORIZED USE OF A VEHICLE, 257 
  05,VEHICLE AND TRAFFIC LAWS, 275 
  06,ADMINISTRATIVE CODE, 187 
  06,AGRICULTURE & MRKTS LAW-UNCLASSIFIED, 5 
  06,ALCOHOLIC BEVERAGE CONTROL LAW, 5 
  06,ANTICIPATORY OFFENSES, 1 
  06,ASSAULT 3 & RELATED OFFENSES, 6483 
  06, BURGLARS TOOLS   17 
  06,CRIMINAL MISCHIEF & RELATED OF, 6205 
  06,CRIMINAL TRESPASS, 658 
  06,DANGEROUS DRUGS, 362 
  06,DANGEROUS WEAPONS, 389 
  06,DISRUPTION OF A RELIGIOUS SERV, 1 
  06,ENDAN WELFARE INCOMP, 4 
  06,ESCAPE 3, 2 
  06,FRAUDS, 287 
  06,FRAUDULENT ACCOSTING, 7 
  06,GAMBLING, 6 
  06,INTOXICATED & IMPAIRED DRIVING, 212 
  06,OFF. AGNST PUB ORD SENSBLTY &, 3865 
  06,OFFENSES AGAINST PUBLIC ADMINI, 923 
  06,OFFENSES AGAINST PUBLIC SAFETY, 5 
  06,OFFENSES AGAINST THE PERSON, 85 
  06,OFFENSES INVOLVING FRAUD, 58 
  06,OFFENSES RELATED TO CHILDREN, 61 
  06,OTHER OFFENSES RELATED TO THEF, 113 
  06,OTHER STATE LAWS  NON PENAL LA, 14 
  06,PETIT LARCENY, 10578 
  06,PETIT LARCENY OF MOTOR VEHICLE, 12 
  06,POSSESSION OF STOLEN PROPERTY, 245 
  06,PROSTITUTION & RELATED OFFENSES, 2 
  06,SEX CRIMES, 538 
  06,UNAUTHORIZED USE OF A VEHICLE, 257 
  06,VEHICLE AND TRAFFIC LAWS, 280 
  07,ADMINISTRATIVE CODE, 213 
  07,AGRICULTURE & MRKTS LAW-UNCLASSIFIED, 3 
  07,ALCOHOLIC BEVERAGE CONTROL LAW, 4 
  07,ANTICIPATORY OFFENSES, 1 
  07,ASSAULT 3 & RELATED OFFENSES, 6864 
  07, BURGLARS TOOLS   13 
  07,CRIMINAL MISCHIEF & RELATED OF, 6367 
  07,CRIMINAL TRESPASS, 634 
  07,DANGEROUS DRUGS, 384 
  07,DANGEROUS WEAPONS, 367 
  07,DISRUPTION OF A RELIGIOUS SERV, 1 
  07,ENDAN WELFARE INCOMP, 1 
  07,ESCAPE 3, 3 
  07,FRAUDS, 282 
  07,FRAUDULENT ACCOSTING, 6 
  07,GAMBLING, 8 
  07,INTOXICATED & IMPAIRED DRIVING, 252 
  07,LOITERING FOR DRUG PURPOSES, 1 
  07,OFF. AGNST PUB ORD SENSBLTY &, 3802 
  07,OFFENSES AGAINST PUBLIC ADMINI, 876 
  07,OFFENSES AGAINST PUBLIC SAFETY, 16 
  07,OFFENSES AGAINST THE PERSON, 99 
  07,OFFENSES INVOLVING FRAUD, 50 
  07,OFFENSES RELATED TO CHILDREN, 38 
  07,OTHER OFFENSES RELATED TO THEF, 82 
  07,OTHER STATE LAWS  NON PENAL LA, 9 
  07,PETIT LARCENY, 11308 
  07,PETIT LARCENY OF MOTOR VEHICLE, 19 
  07,POSSESSION OF STOLEN PROPERTY, 210 
  07,PROSTITUTION & RELATED OFFENSES, 1 
  07,SEX CRIMES, 514 
  07,THEFT OF SERVICES, 1 
  07,UNAUTHORIZED USE OF A VEHICLE, 293 
  07,VEHICLE AND TRAFFIC LAWS, 223 
  08,ADMINISTRATIVE CODE, 210 
  08,AGRICULTURE & MRKTS LAW-UNCLASSIFIED, 3 
  08,ALCOHOLIC BEVERAGE CONTROL LAW, 2 
  08,ASSAULT 3 & RELATED OFFENSES, 6665 
  08, BURGLARS TOOLS   28 
  08,CRIMINAL MISCHIEF & RELATED OF, 6191 
  08,CRIMINAL TRESPASS, 683 
  08,DANGEROUS DRUGS, 410 
  08,DANGEROUS WEAPONS, 382 
  08,ENDAN WELFARE INCOMP, 2 
  08,ESCAPE 3, 1 
  08,FRAUDS, 240 
  08,FRAUDULENT ACCOSTING, 9 
  08,GAMBLING, 5 
  08,INTOXICATED & IMPAIRED DRIVING, 259 
  08,OFF. AGNST PUB ORD SENSBLTY &, 3882 
  08,OFFENSES AGAINST PUBLIC ADMINI, 875 
  08,OFFENSES AGAINST PUBLIC SAFETY, 2 
  08,OFFENSES AGAINST THE PERSON, 89 
  08,OFFENSES INVOLVING FRAUD, 51 
  08,OFFENSES RELATED TO CHILDREN, 32 
  08,OTHER OFFENSES RELATED TO THEF, 123 
  08,OTHER STATE LAWS  NON PENAL LA, 22 
  08,PETIT LARCENY, 11184 
  08,PETIT LARCENY OF MOTOR VEHICLE, 20 
  08,POSSESSION OF STOLEN PROPERTY, 173 
  08,PROSTITUTION & RELATED OFFENSES, 3 
  08,SEX CRIMES, 491 
  08,UNAUTHORIZED USE OF A VEHICLE, 280 
  08,VEHICLE AND TRAFFIC LAWS, 292 
  09,ADMINISTRATIVE CODE, 196 
  09,AGRICULTURE & MRKTS LAW-UNCLASSIFIED, 2 
  09,ALCOHOLIC BEVERAGE CONTROL LAW, 2 
  09,ANTICIPATORY OFFENSES, 1 
  09,ASSAULT 3 & RELATED OFFENSES, 6126 
  09, BURGLARS TOOLS   22 
  09,CRIMINAL MISCHIEF & RELATED OF, 5559 
  09,CRIMINAL TRESPASS, 595 
  09,DANGEROUS DRUGS, 379 
  09,DANGEROUS WEAPONS, 366 
  09,DISRUPTION OF A RELIGIOUS SERV, 2 
  09,FORTUNE TELLING, 1 
  09,FRAUDS, 272 
  09,FRAUDULENT ACCOSTING, 5 
  09,GAMBLING, 4 
  09,INTOXICATED & IMPAIRED DRIVING, 242 
  09,JOSTLING, 1 
  09,OFF. AGNST PUB ORD SENSBLTY &, 3776 
  09,OFFENSES AGAINST PUBLIC ADMINI, 843 
  09,OFFENSES AGAINST PUBLIC SAFETY, 6 
  09,OFFENSES AGAINST THE PERSON, 99 
  09,OFFENSES INVOLVING FRAUD, 50 
  09,OFFENSES RELATED TO CHILDREN, 29 
  09,OTHER OFFENSES RELATED TO THEF, 106 
  09,OTHER STATE LAWS  NON PENAL LA, 16 
  09,PETIT LARCENY, 10555 
  09,PETIT LARCENY OF MOTOR VEHICLE, 13 
  09,POSSESSION OF STOLEN PROPERTY, 153 
  09,PROSTITUTION & RELATED OFFENSES, 7 
  09,SEX CRIMES, 437 
  09,THEFT OF SERVICES, 1 
  09,UNAUTHORIZED USE OF A VEHICLE, 272 
  09,VEHICLE AND TRAFFIC LAWS, 227 
  10,ADMINISTRATIVE CODE, 212 
  10,AGRICULTURE & MRKTS LAW-UNCLASSIFIED, 3 
  10,ALCOHOLIC BEVERAGE CONTROL LAW, 3 
  10,ANTICIPATORY OFFENSES, 2 
  10,ASSAULT 3 & RELATED OFFENSES, 6127 
  10, BURGLARS TOOLS   28 
  10,CRIMINAL MISCHIEF & RELATED OF, 5813 
  10,CRIMINAL TRESPASS, 661 
  10,DANGEROUS DRUGS, 463 
  10,DANGEROUS WEAPONS, 383 
  10,DISRUPTION OF A RELIGIOUS SERV, 2 
  10,ENDAN WELFARE INCOMP, 2 
  10,ESCAPE 3, 1 
  10,FRAUDS, 273 
  10,FRAUDULENT ACCOSTING, 5 
  10,GAMBLING, 3 
  10,INTOXICATED & IMPAIRED DRIVING, 266 
  10,JOSTLING, 3 
  10,NEW YORK CITY HEALTH CODE, 1 
  10,OFF. AGNST PUB ORD SENSBLTY &, 3790 
  10,OFFENSES AGAINST PUBLIC ADMINI, 796 
  10,OFFENSES AGAINST PUBLIC SAFETY, 1 
  10,OFFENSES AGAINST THE PERSON, 86 
  10,OFFENSES INVOLVING FRAUD, 53 
  10,OFFENSES RELATED TO CHILDREN, 39 
  10,OTHER OFFENSES RELATED TO THEF, 113 
  10,OTHER STATE LAWS  NON PENAL LA, 11 
  10,PETIT LARCENY, 11106 
  10,PETIT LARCENY OF MOTOR VEHICLE, 25 
  10,POSSESSION OF STOLEN PROPERTY, 161 
  10,SEX CRIMES, 479 
  10,UNAUTHORIZED USE OF A VEHICLE, 229 
  10,VEHICLE AND TRAFFIC LAWS, 237 
  11,ADMINISTRATIVE CODE, 184 
  11,AGRICULTURE & MRKTS LAW-UNCLASSIFIED, 2 
  11,ALCOHOLIC BEVERAGE CONTROL LAW, 8 
  11,ASSAULT 3 & RELATED OFFENSES, 5851 
  11, BURGLARS TOOLS   30 
  11,CRIMINAL MISCHIEF & RELATED OF, 5504 
  11,CRIMINAL TRESPASS, 584 
  11,DANGEROUS DRUGS, 397 
  11,DANGEROUS WEAPONS, 336 
  11,DISRUPTION OF A RELIGIOUS SERV, 2 
  11,ENDAN WELFARE INCOMP, 4 
  11,ESCAPE 3, 2 
  11,FRAUDS, 259 
  11,FRAUDULENT ACCOSTING, 3 
  11,INTOXICATED & IMPAIRED DRIVING, 252 
  11,JOSTLING, 1 
  11,OFF. AGNST PUB ORD SENSBLTY &, 3482 
  11,OFFENSES AGAINST PUBLIC ADMINI, 746 
  11,OFFENSES AGAINST PUBLIC SAFETY, 2 
  11,OFFENSES AGAINST THE PERSON, 87 
  11,OFFENSES INVOLVING FRAUD, 34 
  11,OFFENSES RELATED TO CHILDREN, 46 
  11,OTHER OFFENSES RELATED TO THEF, 98 
  11,OTHER STATE LAWS  NON PENAL LA, 23 
  11,PETIT LARCENY, 10450 
  11,PETIT LARCENY OF MOTOR VEHICLE, 15 
  11,POSSESSION OF STOLEN PROPERTY, 168 
  11,PROSTITUTION & RELATED OFFENSES, 2 
  11,SEX CRIMES, 458 
  11,UNAUTHORIZED USE OF A VEHICLE, 227 
  11,VEHICLE AND TRAFFIC LAWS, 202 
  12,ADMINISTRATIVE CODE, 169 
  12,ALCOHOLIC BEVERAGE CONTROL LAW, 9 
  12,ASSAULT 3 & RELATED OFFENSES, 5698 
  12, BURGLARS TOOLS   18 
  12,CRIMINAL MISCHIEF & RELATED OF, 5440 
  12,CRIMINAL TRESPASS, 549 
  12,DANGEROUS DRUGS, 339 
  12,DANGEROUS WEAPONS, 334 
  12,ENDAN WELFARE INCOMP, 4 
  12,ESCAPE 3, 1 
  12,FRAUDS, 251 
  12,FRAUDULENT ACCOSTING, 5 
  12,GAMBLING, 1 
  12,INTOXICATED & IMPAIRED DRIVING, 263 
  12,JOSTLING, 1 
  12,OFF. AGNST PUB ORD SENSBLTY &, 3523 
  12,OFFENSES AGAINST PUBLIC ADMINI, 720 
  12,OFFENSES AGAINST PUBLIC SAFETY, 2 
  12,OFFENSES AGAINST THE PERSON, 70 
  12,OFFENSES INVOLVING FRAUD, 69 
  12,OFFENSES RELATED TO CHILDREN, 23 
  12,OTHER OFFENSES RELATED TO THEF, 127 
  12,OTHER STATE LAWS  NON PENAL LA, 16 
  12,OTHER STATE LAWS  NON PENAL LAW , 1 
  12,PETIT LARCENY, 10640 
  12,PETIT LARCENY OF MOTOR VEHICLE, 9 
  12,POSSESSION OF STOLEN PROPERTY, 205 
  12,SEX CRIMES, 441 
  12,UNAUTHORIZED USE OF A VEHICLE, 219 
  12,VEHICLE AND TRAFFIC LAWS, 254 
