  01,ADMINISTRATIVE CODE, 236 
  01,AGRICULTURE & MRKTS LAW-UNCLASSIFIED, 3 
  01,ALCOHOLIC BEVERAGE CONTROL LAW, 5 
  01,ASSAULT 3 & RELATED OFFENSES, 8457 
  01, BURGLARS TOOLS   32 
  01,CRIMINAL MISCHIEF & RELATED OF, 7986 
  01,CRIMINAL TRESPASS, 837 
  01,DANGEROUS DRUGS, 3191 
  01,DANGEROUS WEAPONS, 557 
  01,ENDAN WELFARE INCOMP, 6 
  01,ESCAPE 3, 1 
  01,FRAUDS, 458 
  01,FRAUDULENT ACCOSTING, 5 
  01,GAMBLING, 10 
  01,INTOXICATED & IMPAIRED DRIVING, 255 
  01,OFF. AGNST PUB ORD SENSBLTY &, 5357 
  01,OFFENSES AGAINST PUBLIC ADMINI, 856 
  01,OFFENSES AGAINST PUBLIC SAFETY, 2 
  01,OFFENSES AGAINST THE PERSON, 108 
  01,OFFENSES INVOLVING FRAUD, 94 
  01,OFFENSES RELATED TO CHILDREN, 33 
  01,OTHER OFFENSES RELATED TO THEF, 120 
  01,OTHER STATE LAWS  NON PENAL LA, 38 
  01,PETIT LARCENY, 13274 
  01,PETIT LARCENY OF MOTOR VEHICLE, 16 
  01,POSSESSION OF STOLEN PROPERTY, 284 
  01,PROSTITUTION & RELATED OFFENSES, 5 
  01,SEX CRIMES, 854 
  01,UNAUTHORIZED USE OF A VEHICLE, 200 
  01,VEHICLE AND TRAFFIC LAWS, 187 
  02,ADMINISTRATIVE CODE, 247 
  02,ALCOHOLIC BEVERAGE CONTROL LAW, 6 
  02,ANTICIPATORY OFFENSES, 2 
  02,ASSAULT 3 & RELATED OFFENSES, 7788 
  02, BURGLARS TOOLS   26 
  02,CRIMINAL MISCHIEF & RELATED OF, 6828 
  02,CRIMINAL TRESPASS, 907 
  02,DANGEROUS DRUGS, 3132 
  02,DANGEROUS WEAPONS, 516 
  02,DISRUPTION OF A RELIGIOUS SERV, 1 
  02,ENDAN WELFARE INCOMP, 3 
  02,ESCAPE 3, 1 
  02,FRAUDS, 360 
  02,FRAUDULENT ACCOSTING, 5 
  02,GAMBLING, 13 
  02,INTOXICATED & IMPAIRED DRIVING, 239 
  02,OFF. AGNST PUB ORD SENSBLTY &, 4892 
  02,OFFENSES AGAINST PUBLIC ADMINI, 885 
  02,OFFENSES AGAINST PUBLIC SAFETY, 2 
  02,OFFENSES AGAINST THE PERSON, 104 
  02,OFFENSES INVOLVING FRAUD, 74 
  02,OFFENSES RELATED TO CHILDREN, 17 
  02,OTHER OFFENSES RELATED TO THEF, 127 
  02,OTHER STATE LAWS  NON PENAL LA, 50 
  02,PETIT LARCENY, 11083 
  02,PETIT LARCENY OF MOTOR VEHICLE, 6 
  02,POSSESSION OF STOLEN PROPERTY, 243 
  02,PROSTITUTION & RELATED OFFENSES, 4 
  02,SEX CRIMES, 540 
  02,UNAUTHORIZED USE OF A VEHICLE, 164 
  02,VEHICLE AND TRAFFIC LAWS, 169 
  03,ADMINISTRATIVE CODE, 226 
  03,AGRICULTURE & MRKTS LAW-UNCLASSIFIED, 6 
  03,ALCOHOLIC BEVERAGE CONTROL LAW, 14 
  03,ASSAULT 3 & RELATED OFFENSES, 9099 
  03, BURGLARS TOOLS   26 
  03,CRIMINAL MISCHIEF & RELATED OF, 8027 
  03,CRIMINAL TRESPASS, 874 
  03,DANGEROUS DRUGS, 3371 
  03,DANGEROUS WEAPONS, 638 
  03,DISRUPTION OF A RELIGIOUS SERV, 3 
  03,ENDAN WELFARE INCOMP, 4 
  03,ESCAPE 3, 5 
  03,FRAUDS, 431 
  03,FRAUDULENT ACCOSTING, 10 
  03,GAMBLING, 21 
  03,INTOXICATED & IMPAIRED DRIVING, 296 
  03,JOSTLING, 1 
  03,LOITERING FOR DRUG PURPOSES, 1 
  03,OFF. AGNST PUB ORD SENSBLTY &, 5331 
  03,OFFENSES AGAINST PUBLIC ADMINI, 1045 
  03,OFFENSES AGAINST PUBLIC SAFETY, 1 
  03,OFFENSES AGAINST THE PERSON, 117 
  03,OFFENSES INVOLVING FRAUD, 74 
  03,OFFENSES RELATED TO CHILDREN, 13 
  03,OTHER OFFENSES RELATED TO THEF, 135 
  03,OTHER STATE LAWS  NON PENAL LA, 53 
  03,PETIT LARCENY, 13380 
  03,PETIT LARCENY OF MOTOR VEHICLE, 13 
  03,POSSESSION OF STOLEN PROPERTY, 297 
  03,PROSTITUTION & RELATED OFFENSES, 7 
  03,SEX CRIMES, 712 
  03,UNAUTHORIZED USE OF A VEHICLE, 194 
  03,VEHICLE AND TRAFFIC LAWS, 193 
  04,ADMINISTRATIVE CODE, 227 
  04,AGRICULTURE & MRKTS LAW-UNCLASSIFIED, 1 
  04,ALCOHOLIC BEVERAGE CONTROL LAW, 9 
  04,ANTICIPATORY OFFENSES, 1 
  04,ASSAULT 3 & RELATED OFFENSES, 8886 
  04, BURGLARS TOOLS   26 
  04,CRIMINAL MISCHIEF & RELATED OF, 8189 
  04,CRIMINAL TRESPASS, 768 
  04,DANGEROUS DRUGS, 3239 
  04,DANGEROUS WEAPONS, 546 
  04,DISRUPTION OF A RELIGIOUS SERV, 2 
  04,ENDAN WELFARE INCOMP, 3 
  04,ESCAPE 3, 3 
  04,FRAUDS, 402 
  04,FRAUDULENT ACCOSTING, 4 
  04,GAMBLING, 21 
  04,INTOXICATED & IMPAIRED DRIVING, 292 
  04,OFF. AGNST PUB ORD SENSBLTY &, 5268 
  04,OFFENSES AGAINST PUBLIC ADMINI, 1111 
  04,OFFENSES AGAINST PUBLIC SAFETY, 1 
  04,OFFENSES AGAINST THE PERSON, 111 
  04,OFFENSES INVOLVING FRAUD, 77 
  04,OFFENSES RELATED TO CHILDREN, 19 
  04,OTHER OFFENSES RELATED TO THEF, 156 
  04,OTHER STATE LAWS  NON PENAL LA, 42 
  04,PETIT LARCENY, 13444 
  04,PETIT LARCENY OF MOTOR VEHICLE, 32 
  04,POSSESSION OF STOLEN PROPERTY, 293 
  04,PROSTITUTION & RELATED OFFENSES, 4 
  04,SEX CRIMES, 657 
  04,UNAUTHORIZED USE OF A VEHICLE, 222 
  04,VEHICLE AND TRAFFIC LAWS, 236 
  05,ADMINISTRATIVE CODE, 229 
  05,AGRICULTURE & MRKTS LAW-UNCLASSIFIED, 4 
  05,ALCOHOLIC BEVERAGE CONTROL LAW, 7 
  05,ANTICIPATORY OFFENSES, 3 
  05,ASSAULT 3 & RELATED OFFENSES, 10087 
  05, BURGLARS TOOLS   35 
  05,CRIMINAL MISCHIEF & RELATED OF, 8349 
  05,CRIMINAL TRESPASS, 740 
  05,DANGEROUS DRUGS, 3329 
  05,DANGEROUS WEAPONS, 528 
  05,ENDAN WELFARE INCOMP, 4 
  05,ESCAPE 3, 5 
  05,FRAUDS, 352 
  05,FRAUDULENT ACCOSTING, 5 
  05,GAMBLING, 40 
  05,INTOXICATED & IMPAIRED DRIVING, 257 
  05,JOSTLING, 3 
  05,OFF. AGNST PUB ORD SENSBLTY &, 5233 
  05,OFFENSES AGAINST PUBLIC ADMINI, 1159 
  05,OFFENSES AGAINST PUBLIC SAFETY, 4 
  05,OFFENSES AGAINST THE PERSON, 151 
  05,OFFENSES INVOLVING FRAUD, 74 
  05,OFFENSES RELATED TO CHILDREN, 12 
  05,OTHER OFFENSES RELATED TO THEF, 133 
  05,OTHER STATE LAWS  NON PENAL LA, 48 
  05,PETIT LARCENY, 15071 
  05,PETIT LARCENY OF MOTOR VEHICLE, 22 
  05,POSSESSION OF STOLEN PROPERTY, 294 
  05,PROSTITUTION & RELATED OFFENSES, 2 
  05,SEX CRIMES, 741 
  05,UNAUTHORIZED USE OF A VEHICLE, 230 
  05,VEHICLE AND TRAFFIC LAWS, 225 
  06,ADMINISTRATIVE CODE, 253 
  06,AGRICULTURE & MRKTS LAW-UNCLASSIFIED, 2 
  06,ALCOHOLIC BEVERAGE CONTROL LAW, 12 
  06,ASSAULT 3 & RELATED OFFENSES, 9862 
  06, BURGLARS TOOLS   30 
  06,CRIMINAL MISCHIEF & RELATED OF, 8516 
  06,CRIMINAL TRESPASS, 684 
  06,DANGEROUS DRUGS, 3048 
  06,DANGEROUS WEAPONS, 528 
  06,DISRUPTION OF A RELIGIOUS SERV, 1 
  06,ENDAN WELFARE INCOMP, 2 
  06,FRAUDS, 391 
  06,FRAUDULENT ACCOSTING, 3 
  06,GAMBLING, 52 
  06,INTOXICATED & IMPAIRED DRIVING, 243 
  06,JOSTLING, 2 
  06,OFF. AGNST PUB ORD SENSBLTY &, 4897 
  06,OFFENSES AGAINST PUBLIC ADMINI, 1092 
  06,OFFENSES AGAINST PUBLIC SAFETY, 8 
  06,OFFENSES AGAINST THE PERSON, 152 
  06,OFFENSES INVOLVING FRAUD, 66 
  06,OFFENSES RELATED TO CHILDREN, 18 
  06,OTHER OFFENSES RELATED TO THEF, 127 
  06,OTHER STATE LAWS  NON PENAL LA, 29 
  06,PETIT LARCENY, 15025 
  06,PETIT LARCENY OF MOTOR VEHICLE, 25 
  06,POSSESSION OF STOLEN PROPERTY, 295 
  06,PROSTITUTION & RELATED OFFENSES, 2 
  06,SEX CRIMES, 745 
  06,UNAUTHORIZED USE OF A VEHICLE, 218 
  06,VEHICLE AND TRAFFIC LAWS, 246 
  07,ADMINISTRATIVE CODE, 263 
  07,AGRICULTURE & MRKTS LAW-UNCLASSIFIED, 4 
  07,ALCOHOLIC BEVERAGE CONTROL LAW, 6 
  07,ANTICIPATORY OFFENSES, 3 
  07,ASSAULT 3 & RELATED OFFENSES, 10109 
  07, BURGLARS TOOLS   31 
  07,CRIMINAL MISCHIEF & RELATED OF, 8660 
  07,CRIMINAL TRESPASS, 649 
  07,DANGEROUS DRUGS, 3110 
  07,DANGEROUS WEAPONS, 525 
  07,DISRUPTION OF A RELIGIOUS SERV, 3 
  07,ENDAN WELFARE INCOMP, 4 
  07,FRAUDS, 376 
  07,FRAUDULENT ACCOSTING, 6 
  07,GAMBLING, 52 
  07,INTOXICATED & IMPAIRED DRIVING, 251 
  07,LOITERING FOR DRUG PURPOSES, 1 
  07,NEW YORK CITY HEALTH CODE, 1 
  07,OFF. AGNST PUB ORD SENSBLTY &, 5137 
  07,OFFENSES AGAINST PUBLIC ADMINI, 1128 
  07,OFFENSES AGAINST PUBLIC SAFETY, 39 
  07,OFFENSES AGAINST THE PERSON, 197 
  07,OFFENSES INVOLVING FRAUD, 55 
  07,OFFENSES RELATED TO CHILDREN, 18 
  07,OTHER OFFENSES RELATED TO THEF, 146 
  07,OTHER STATE LAWS  NON PENAL LA, 35 
  07,OTHER STATE LAWS  NON PENAL LAW , 1 
  07,PETIT LARCENY, 16041 
  07,PETIT LARCENY OF MOTOR VEHICLE, 34 
  07,POSSESSION OF STOLEN PROPERTY, 290 
  07,PROSTITUTION & RELATED OFFENSES, 2 
  07,SEX CRIMES, 756 
  07,UNAUTHORIZED USE OF A VEHICLE, 294 
  07,VEHICLE AND TRAFFIC LAWS, 251 
  08,ADMINISTRATIVE CODE, 321 
  08,AGRICULTURE & MRKTS LAW-UNCLASSIFIED, 6 
  08,ALCOHOLIC BEVERAGE CONTROL LAW, 11 
  08,ANTICIPATORY OFFENSES, 2 
  08,ASSAULT 3 & RELATED OFFENSES, 9945 
  08, BURGLARS TOOLS   38 
  08,CRIMINAL MISCHIEF & RELATED OF, 8591 
  08,CRIMINAL TRESPASS, 726 
  08,DANGEROUS DRUGS, 3313 
  08,DANGEROUS WEAPONS, 533 
  08,ENDAN WELFARE INCOMP, 5 
  08,ESCAPE 3, 5 
  08,FRAUDS, 406 
  08,FRAUDULENT ACCOSTING, 7 
  08,GAMBLING, 71 
  08,INTOXICATED & IMPAIRED DRIVING, 266 
  08,JOSTLING, 1 
  08,NEW YORK CITY HEALTH CODE, 1 
  08,OFF. AGNST PUB ORD SENSBLTY &, 5348 
  08,OFFENSES AGAINST PUBLIC ADMINI, 1118 
  08,OFFENSES AGAINST PUBLIC SAFETY, 2 
  08,OFFENSES AGAINST THE PERSON, 170 
  08,OFFENSES INVOLVING FRAUD, 57 
  08,OFFENSES RELATED TO CHILDREN, 4 
  08,OTHER OFFENSES RELATED TO THEF, 167 
  08,OTHER STATE LAWS  NON PENAL LA, 21 
  08,PETIT LARCENY, 16286 
  08,PETIT LARCENY OF MOTOR VEHICLE, 30 
  08,POSSESSION OF STOLEN PROPERTY, 282 
  08,PROSTITUTION & RELATED OFFENSES, 6 
  08,SEX CRIMES, 686 
  08,UNAUTHORIZED USE OF A VEHICLE, 278 
  08,VEHICLE AND TRAFFIC LAWS, 235 
  09,ADMINISTRATIVE CODE, 251 
  09,AGRICULTURE & MRKTS LAW-UNCLASSIFIED, 2 
  09,ALCOHOLIC BEVERAGE CONTROL LAW, 15 
  09,ASSAULT 3 & RELATED OFFENSES, 9031 
  09, BURGLARS TOOLS   43 
  09,CRIMINAL MISCHIEF & RELATED OF, 7936 
  09,CRIMINAL TRESPASS, 686 
  09,DANGEROUS DRUGS, 3248 
  09,DANGEROUS WEAPONS, 499 
  09,DISRUPTION OF A RELIGIOUS SERV, 1 
  09,ENDAN WELFARE INCOMP, 2 
  09,ESCAPE 3, 3 
  09,FRAUDS, 388 
  09,FRAUDULENT ACCOSTING, 4 
  09,GAMBLING, 44 
  09,INTOXICATED & IMPAIRED DRIVING, 248 
  09,OFF. AGNST PUB ORD SENSBLTY &, 4947 
  09,OFFENSES AGAINST PUBLIC ADMINI, 1089 
  09,OFFENSES AGAINST THE PERSON, 128 
  09,OFFENSES INVOLVING FRAUD, 55 
  09,OFFENSES RELATED TO CHILDREN, 16 
  09,OTHER OFFENSES RELATED TO THEF, 150 
  09,OTHER STATE LAWS  NON PENAL LA, 47 
  09,PETIT LARCENY, 15077 
  09,PETIT LARCENY OF MOTOR VEHICLE, 24 
  09,POSSESSION OF STOLEN PROPERTY, 253 
  09,PROSTITUTION & RELATED OFFENSES, 6 
  09,SEX CRIMES, 629 
  09,UNAUTHORIZED USE OF A VEHICLE, 254 
  09,VEHICLE AND TRAFFIC LAWS, 234 
  10,ADMINISTRATIVE CODE, 259 
  10,AGRICULTURE & MRKTS LAW-UNCLASSIFIED, 2 
  10,ALCOHOLIC BEVERAGE CONTROL LAW, 17 
  10,ANTICIPATORY OFFENSES, 3 
  10,ASSAULT 3 & RELATED OFFENSES, 8842 
  10, BURGLARS TOOLS   34 
  10,CRIMINAL MISCHIEF & RELATED OF, 8610 
  10,CRIMINAL TRESPASS, 811 
  10,DANGEROUS DRUGS, 3346 
  10,DANGEROUS WEAPONS, 569 
  10,DISRUPTION OF A RELIGIOUS SERV, 1 
  10,ENDAN WELFARE INCOMP, 4 
  10,ESCAPE 3, 1 
  10,FRAUDS, 381 
  10,FRAUDULENT ACCOSTING, 1 
  10,GAMBLING, 46 
  10,INTOXICATED & IMPAIRED DRIVING, 252 
  10,NEW YORK CITY HEALTH CODE, 2 
  10,OFF. AGNST PUB ORD SENSBLTY &, 4944 
  10,OFFENSES AGAINST PUBLIC ADMINI, 1025 
  10,OFFENSES AGAINST PUBLIC SAFETY, 1 
  10,OFFENSES AGAINST THE PERSON, 130 
  10,OFFENSES INVOLVING FRAUD, 55 
  10,OFFENSES RELATED TO CHILDREN, 25 
  10,OTHER OFFENSES RELATED TO THEF, 144 
  10,OTHER STATE LAWS  NON PENAL LA, 40 
  10,PETIT LARCENY, 15495 
  10,PETIT LARCENY OF MOTOR VEHICLE, 16 
  10,POSSESSION OF STOLEN PROPERTY, 289 
  10,PROSTITUTION & RELATED OFFENSES, 2 
  10,SEX CRIMES, 642 
  10,UNAUTHORIZED USE OF A VEHICLE, 253 
  10,VEHICLE AND TRAFFIC LAWS, 221 
  11,ADMINISTRATIVE CODE, 249 
  11,AGRICULTURE & MRKTS LAW-UNCLASSIFIED, 1 
  11,ALCOHOLIC BEVERAGE CONTROL LAW, 10 
  11,ANTICIPATORY OFFENSES, 1 
  11,ASSAULT 3 & RELATED OFFENSES, 8381 
  11, BURGLARS TOOLS   30 
  11,CRIMINAL MISCHIEF & RELATED OF, 7706 
  11,CRIMINAL TRESPASS, 708 
  11,DANGEROUS DRUGS, 2763 
  11,DANGEROUS WEAPONS, 488 
  11,DISRUPTION OF A RELIGIOUS SERV, 3 
  11,ESCAPE 3, 3 
  11,FRAUDS, 379 
  11,FRAUDULENT ACCOSTING, 7 
  11,GAMBLING, 18 
  11,INTOXICATED & IMPAIRED DRIVING, 265 
  11,OFF. AGNST PUB ORD SENSBLTY &, 4797 
  11,OFFENSES AGAINST PUBLIC ADMINI, 901 
  11,OFFENSES AGAINST PUBLIC SAFETY, 1 
  11,OFFENSES AGAINST THE PERSON, 98 
  11,OFFENSES INVOLVING FRAUD, 57 
  11,OFFENSES RELATED TO CHILDREN, 14 
  11,OTHER OFFENSES RELATED TO THEF, 145 
  11,OTHER STATE LAWS  NON PENAL LA, 35 
  11,PETIT LARCENY, 14480 
  11,PETIT LARCENY OF MOTOR VEHICLE, 20 
  11,POSSESSION OF STOLEN PROPERTY, 262 
  11,PROSTITUTION & RELATED OFFENSES, 7 
  11,SEX CRIMES, 622 
  11,UNAUTHORIZED USE OF A VEHICLE, 240 
  11,VEHICLE AND TRAFFIC LAWS, 206 
  12,ADMINISTRATIVE CODE, 228 
  12,AGRICULTURE & MRKTS LAW-UNCLASSIFIED, 4 
  12,ALCOHOLIC BEVERAGE CONTROL LAW, 10 
  12,ANTICIPATORY OFFENSES, 2 
  12,ASSAULT 3 & RELATED OFFENSES, 8467 
  12, BURGLARS TOOLS   27 
  12,CRIMINAL MISCHIEF & RELATED OF, 7672 
  12,CRIMINAL TRESPASS, 664 
  12,DANGEROUS DRUGS, 2460 
  12,DANGEROUS WEAPONS, 415 
  12,DISRUPTION OF A RELIGIOUS SERV, 1 
  12,ENDAN WELFARE INCOMP, 2 
  12,FRAUDS, 320 
  12,FRAUDULENT ACCOSTING, 2 
  12,GAMBLING, 10 
  12,INTOXICATED & IMPAIRED DRIVING, 257 
  12,OFF. AGNST PUB ORD SENSBLTY &, 4692 
  12,OFFENSES AGAINST PUBLIC ADMINI, 871 
  12,OFFENSES AGAINST PUBLIC SAFETY, 1 
  12,OFFENSES AGAINST THE PERSON, 127 
  12,OFFENSES INVOLVING FRAUD, 73 
  12,OFFENSES RELATED TO CHILDREN, 10 
  12,OTHER OFFENSES RELATED TO THEF, 133 
  12,OTHER STATE LAWS  NON PENAL LA, 22 
  12,PETIT LARCENY, 14563 
  12,PETIT LARCENY OF MOTOR VEHICLE, 13 
  12,POSSESSION OF STOLEN PROPERTY, 327 
  12,PROSTITUTION & RELATED OFFENSES, 2 
  12,SEX CRIMES, 570 
  12,UNAUTHORIZED USE OF A VEHICLE, 234 
  12,VEHICLE AND TRAFFIC LAWS, 169 
