1,ADMINISTRATIVE CODE,610
1,AGRICULTURE & MRKTS LAW-UNCLASSIFIED,12
1,ALCOHOLIC BEVERAGE CONTROL LAW,39
1,ANTICIPATORY OFFENSES,1
1,ASSAULT 3 & RELATED OFFENSES,24393
1,BURGLARS TOOLS   ,87
1,CRIMINAL MISCHIEF & RELATED OF,23639
1,CRIMINAL TRESPASS,4780
1,DANGEROUS DRUGS,9501
1,DANGEROUS WEAPONS,2307
1,DISRUPTION OF A RELIGIOUS SERV,1
1,ENDAN WELFARE INCOMP,9
1,ESCAPE 3,1
1,FORTUNE TELLING,1
1,FRAUDS,1603
1,FRAUDULENT ACCOSTING,90
1,GAMBLING,43
1,INTOXICATED & IMPAIRED DRIVING,1026
1,JOSTLING,11
1,LOITERING FOR DRUG PURPOSES,6
1,NEW YORK CITY HEALTH CODE,2
1,OFF. AGNST PUB ORD SENSBLTY &,16585
1,OFFENSES AGAINST PUBLIC ADMINI,4137
1,OFFENSES AGAINST PUBLIC SAFETY,7
1,OFFENSES AGAINST THE PERSON,370
1,OFFENSES INVOLVING FRAUD,407
1,OFFENSES RELATED TO CHILDREN,100
1,OTHER OFFENSES RELATED TO THEF,419
1,OTHER STATE LAWS  NON PENAL LA,196
1,PETIT LARCENY,42612
1,PETIT LARCENY OF MOTOR VEHICLE,45
1,POSSESSION OF STOLEN PROPERTY,855
1,PROSTITUTION & RELATED OFFENSES,14
1,SEX CRIMES,2158
1,THEFT OF SERVICES,1
1,UNAUTHORIZED USE OF A VEHICLE,639
1,VEHICLE AND TRAFFIC LAWS,837
2,ADMINISTRATIVE CODE,576
2,AGRICULTURE & MRKTS LAW-UNCLASSIFIED,4
2,ALCOHOLIC BEVERAGE CONTROL LAW,50
2,ANTICIPATORY OFFENSES,4
2,ASSAULT 3 & RELATED OFFENSES,22714
2,BURGLARS TOOLS   ,74
2,CRIMINAL MISCHIEF & RELATED OF,19934
2,CRIMINAL TRESPASS,4661
2,DANGEROUS DRUGS,9218
2,DANGEROUS WEAPONS,2092
2,DISRUPTION OF A RELIGIOUS SERV,2
2,ENDAN WELFARE INCOMP,5
2,ESCAPE 3,5
2,FRAUDS,1327
2,FRAUDULENT ACCOSTING,81
2,GAMBLING,57
2,INTOXICATED & IMPAIRED DRIVING,1026
2,JOSTLING,6
2,NEW YORK CITY HEALTH CODE,2
2,OFF. AGNST PUB ORD SENSBLTY &,14885
2,OFFENSES AGAINST PUBLIC ADMINI,3951
2,OFFENSES AGAINST PUBLIC SAFETY,9
2,OFFENSES AGAINST THE PERSON,296
2,OFFENSES INVOLVING FRAUD,373
2,OFFENSES RELATED TO CHILDREN,90
2,OTHER OFFENSES RELATED TO THEF,454
2,OTHER STATE LAWS  NON PENAL LA,201
2,PETIT LARCENY,36042
2,PETIT LARCENY OF MOTOR VEHICLE,29
2,POSSESSION OF STOLEN PROPERTY,736
2,PROSTITUTION & RELATED OFFENSES,14
2,SEX CRIMES,1655
2,UNAUTHORIZED USE OF A VEHICLE,586
2,VEHICLE AND TRAFFIC LAWS,840
3,ADMINISTRATIVE CODE,554
3,AGRICULTURE & MRKTS LAW-UNCLASSIFIED,10
3,ALCOHOLIC BEVERAGE CONTROL LAW,42
3,ANTICIPATORY OFFENSES,1
3,ASSAULT 3 & RELATED OFFENSES,26424
3,BURGLARS TOOLS  ,87
3,CRIMINAL MISCHIEF & RELATED OF,24141
3,CRIMINAL TRESPASS,4595
3,DANGEROUS DRUGS,9975
3,DANGEROUS WEAPONS,2281
3,DISRUPTION OF A RELIGIOUS SERV,4
3,ENDAN WELFARE INCOMP,8
3,ESCAPE 3,9
3,FRAUDS,1473
3,FRAUDULENT ACCOSTING,89
3,GAMBLING,72
3,INTOXICATED & IMPAIRED DRIVING,1218
3,JOSTLING,6
3,LOITERING FOR DRUG PURPOSES,2
3,NEW YORK CITY HEALTH CODE,1
3,OFF. AGNST PUB ORD SENSBLTY &,16582
3,OFFENSES AGAINST PUBLIC ADMINI,4741
3,OFFENSES AGAINST PUBLIC SAFETY,10
3,OFFENSES AGAINST THE PERSON,414
3,OFFENSES INVOLVING FRAUD,437
3,OFFENSES RELATED TO CHILDREN,128
3,OTHER OFFENSES RELATED TO THEF,478
3,OTHER STATE LAWS  NON PENAL LA,186
3,PETIT LARCENY,42716
3,PETIT LARCENY OF MOTOR VEHICLE,42
3,POSSESSION OF STOLEN PROPERTY,892
3,PROSTITUTION & RELATED OFFENSES,25
3,SEX CRIMES,2069
3,UNAUTHORIZED USE OF A VEHICLE,618
3,VEHICLE AND TRAFFIC LAWS,959
4,ADMINISTRATIVE CODE,570
4,AGRICULTURE & MRKTS LAW-UNCLASSIFIED,9
4,ALCOHOLIC BEVERAGE CONTROL LAW,50
4,ANTICIPATORY OFFENSES,3
4,ASSAULT 3 & RELATED OFFENSES,25722
4,BURGLARS TOOLS   ,76
4,CRIMINAL MISCHIEF & RELATED OF,24585
4,CRIMINAL TRESPASS,3856
4,DANGEROUS DRUGS,9550
4,DANGEROUS WEAPONS,2177
4,DISRUPTION OF A RELIGIOUS SERV,8
4,ENDAN WELFARE INCOMP,7
4,ESCAPE 3,8
4,FRAUDS,1448
4,FRAUDULENT ACCOSTING,65
4,GAMBLING,105
4,INTOXICATED & IMPAIRED DRIVING,1183
4,JOSTLING,3
4,NEW YORK CITY HEALTH CODE,2
4,OFF. AGNST PUB ORD SENSBLTY &,16214
4,OFFENSES AGAINST PUBLIC ADMINI,4777
4,OFFENSES AGAINST PUBLIC SAFETY,11
4,OFFENSES AGAINST THE PERSON,418
4,OFFENSES INVOLVING FRAUD,406
4,OFFENSES RELATED TO CHILDREN,57
4,OTHER OFFENSES RELATED TO THEF,480
4,OTHER STATE LAWS  NON PENAL LA,174
4,OTHER STATE LAWS  NON PENAL LAW ,1
4,PETIT LARCENY,42681
4,PETIT LARCENY OF MOTOR VEHICLE,56
4,POSSESSION OF STOLEN PROPERTY,878
4,PROSTITUTION & RELATED OFFENSES,18
4,SEX CRIMES,1892
4,UNAUTHORIZED USE OF A VEHICLE,626
4,VEHICLE AND TRAFFIC LAWS,951
5,ADMINISTRATIVE CODE,594
5,AGRICULTURE & MRKTS LAW-UNCLASSIFIED,13
5,ALCOHOLIC BEVERAGE CONTROL LAW,43
5,ANTICIPATORY OFFENSES,5
5,ASSAULT 3 & RELATED OFFENSES,28883
5,BURGLARS TOOLS   ,89
5,CRIMINAL MISCHIEF & RELATED OF,25015
5,CRIMINAL TRESPASS,3573
5,DANGEROUS DRUGS,9708
5,DANGEROUS WEAPONS,2085
5,DISRUPTION OF A RELIGIOUS SERV,2
5,ENDAN WELFARE INCOMP,11
5,ESCAPE 3,9
5,FRAUDS,1251
5,FRAUDULENT ACCOSTING,81
5,GAMBLING,126
5,INTOXICATED & IMPAIRED DRIVING,1118
5,JOSTLING,9
5,NEW YORK CITY HEALTH CODE,2
5,OFF. AGNST PUB ORD SENSBLTY &,16123
5,OFFENSES AGAINST PUBLIC ADMINI,5007
5,OFFENSES AGAINST PUBLIC SAFETY,12
5,OFFENSES AGAINST THE PERSON,492
5,OFFENSES INVOLVING FRAUD,435
5,OFFENSES RELATED TO CHILDREN,72
5,OTHER OFFENSES RELATED TO THEF,441
5,OTHER STATE LAWS  NON PENAL LA,173
5,PETIT LARCENY,47267
5,PETIT LARCENY OF MOTOR VEHICLE,52
5,POSSESSION OF STOLEN PROPERTY,922
5,PROSTITUTION & RELATED OFFENSES,12
5,SEX CRIMES,2086
5,UNAUTHORIZED USE OF A VEHICLE,705
5,VEHICLE AND TRAFFIC LAWS,983
6,ADMINISTRATIVE CODE,608
6,AGRICULTURE & MRKTS LAW-UNCLASSIFIED,12
6,ALCOHOLIC BEVERAGE CONTROL LAW,50
6,ANTICIPATORY OFFENSES,2
6,ASSAULT 3 & RELATED OFFENSES,28012
6,BURGLARS TOOLS   ,71
6,CRIMINAL MISCHIEF & RELATED OF,25330
6,CRIMINAL TRESPASS,3090
6,DANGEROUS DRUGS,9026
6,DANGEROUS WEAPONS,2022
6,DISRUPTION OF A RELIGIOUS SERV,4
6,ENDAN WELFARE INCOMP,9
6,ESCAPE 3,5
6,FRAUDS,1341
6,FRAUDULENT ACCOSTING,61
6,GAMBLING,148
6,INTOXICATED & IMPAIRED DRIVING,987
6,JOSTLING,7
6,NEW YORK CITY HEALTH CODE,1
6,OFF. AGNST PUB ORD SENSBLTY &,15672
6,OFFENSES AGAINST PUBLIC ADMINI,4860
6,OFFENSES AGAINST PUBLIC SAFETY,39
6,OFFENSES AGAINST THE PERSON,459
6,OFFENSES INVOLVING FRAUD,344
6,OFFENSES RELATED TO CHILDREN,104
6,OTHER OFFENSES RELATED TO THEF,463
6,OTHER STATE LAWS  NON PENAL LA,173
6,OTHER STATE LAWS  NON PENAL LAW ,2
6,PETIT LARCENY,46907
6,PETIT LARCENY OF MOTOR VEHICLE,58
6,POSSESSION OF STOLEN PROPERTY,928
6,PROSTITUTION & RELATED OFFENSES,15
6,SEX CRIMES,2123
6,UNAUTHORIZED USE OF A VEHICLE,729
6,VEHICLE AND TRAFFIC LAWS,961
7,ADMINISTRATIVE CODE,678
7,AGRICULTURE & MRKTS LAW-UNCLASSIFIED,10
7,ALCOHOLIC BEVERAGE CONTROL LAW,48
7,ANTICIPATORY OFFENSES,6
7,ASSAULT 3 & RELATED OFFENSES,29065
7,BURGLARS TOOLS   ,89
7,CRIMINAL MISCHIEF & RELATED OF,25821
7,CRIMINAL TRESPASS,2853
7,DANGEROUS DRUGS,9267
7,DANGEROUS WEAPONS,1989
7,DISRUPTION OF A RELIGIOUS SERV,4
7,ENDAN WELFARE INCOMP,6
7,ESCAPE 3,6
7,FRAUDS,1324
7,FRAUDULENT ACCOSTING,96
7,GAMBLING,150
7,INTOXICATED & IMPAIRED DRIVING,1043
7,JOSTLING,4
7,LOITERING FOR DRUG PURPOSES,2
7,NEW YORK CITY HEALTH CODE,4
7,OFF. AGNST PUB ORD SENSBLTY &,15865
7,OFFENSES AGAINST PUBLIC ADMINI,4972
7,OFFENSES AGAINST PUBLIC SAFETY,160
7,OFFENSES AGAINST THE PERSON,705
7,OFFENSES INVOLVING FRAUD,363
7,OFFENSES RELATED TO CHILDREN,73
7,OTHER OFFENSES RELATED TO THEF,448
7,OTHER STATE LAWS  NON PENAL LA,170
7,OTHER STATE LAWS  NON PENAL LAW ,1
7,PETIT LARCENY,49445
7,PETIT LARCENY OF MOTOR VEHICLE,76
7,POSSESSION OF STOLEN PROPERTY,900
7,PROSTITUTION & RELATED OFFENSES,9
7,SEX CRIMES,2078
7,THEFT OF SERVICES,1
7,UNAUTHORIZED USE OF A VEHICLE,858
7,VEHICLE AND TRAFFIC LAWS,870
8,ADMINISTRATIVE CODE,735
8,AGRICULTURE & MRKTS LAW-UNCLASSIFIED,18
8,ALCOHOLIC BEVERAGE CONTROL LAW,33
8,ANTICIPATORY OFFENSES,5
8,ASSAULT 3 & RELATED OFFENSES,28396
8,BURGLARS TOOLS   ,101
8,CRIMINAL MISCHIEF & RELATED OF,25754
8,CRIMINAL TRESPASS,3124
8,DANGEROUS DRUGS,10078
8,DANGEROUS WEAPONS,2113
8,ENDAN WELFARE INCOMP,9
8,ESCAPE 3,13
8,FORTUNE TELLING,1
8,FRAUDS,1322
8,FRAUDULENT ACCOSTING,102
8,GAMBLING,188
8,INTOXICATED & IMPAIRED DRIVING,1045
8,JOSTLING,2
8,NEW YORK CITY HEALTH CODE,3
8,OFF. AGNST PUB ORD SENSBLTY &,16298
8,OFFENSES AGAINST MARRIAGE UNCL,1
8,OFFENSES AGAINST PUBLIC ADMINI,4877
8,OFFENSES AGAINST PUBLIC SAFETY,8
8,OFFENSES AGAINST THE PERSON,533
8,OFFENSES INVOLVING FRAUD,332
8,OFFENSES RELATED TO CHILDREN,68
8,OTHER OFFENSES RELATED TO THEF,513
8,OTHER STATE LAWS  NON PENAL LA,169
8,OTHER STATE LAWS  NON PENAL LAW ,1
8,PETIT LARCENY,50279
8,PETIT LARCENY OF MOTOR VEHICLE,77
8,POSSESSION OF STOLEN PROPERTY,857
8,PROSTITUTION & RELATED OFFENSES,19
8,SEX CRIMES,2048
8,UNAUTHORIZED USE OF A VEHICLE,842
8,VEHICLE AND TRAFFIC LAWS,973
9,ADMINISTRATIVE CODE,645
9,AGRICULTURE & MRKTS LAW-UNCLASSIFIED,14
9,ALCOHOLIC BEVERAGE CONTROL LAW,38
9,ANTICIPATORY OFFENSES,4
9,ASSAULT 3 & RELATED OFFENSES,26223
9,BURGLARS TOOLS   ,103
9,CRIMINAL MISCHIEF & RELATED OF,23448
9,CRIMINAL TRESPASS,3004
9,DANGEROUS DRUGS,9868
9,DANGEROUS WEAPONS,1976
9,DISRUPTION OF A RELIGIOUS SERV,3
9,ENDAN WELFARE INCOMP,5
9,ESCAPE 3,11
9,FORTUNE TELLING,1
9,FRAUDS,1286
9,FRAUDULENT ACCOSTING,85
9,GAMBLING,154
9,INTOXICATED & IMPAIRED DRIVING,1033
9,JOSTLING,6
9,NEW YORK CITY HEALTH CODE,1
9,OFF. AGNST PUB ORD SENSBLTY &,15653
9,OFFENSES AGAINST PUBLIC ADMINI,4728
9,OFFENSES AGAINST PUBLIC SAFETY,11
9,OFFENSES AGAINST THE PERSON,427
9,OFFENSES INVOLVING FRAUD,317
9,OFFENSES RELATED TO CHILDREN,67
9,OTHER OFFENSES RELATED TO THEF,431
9,OTHER STATE LAWS  NON PENAL LA,172
9,PETIT LARCENY,47054
9,PETIT LARCENY OF MOTOR VEHICLE,55
9,POSSESSION OF STOLEN PROPERTY,793
9,PROSTITUTION & RELATED OFFENSES,20
9,SEX CRIMES,1880
9,THEFT OF SERVICES,1
9,UNAUTHORIZED USE OF A VEHICLE,766
9,VEHICLE AND TRAFFIC LAWS,898
10,ADMINISTRATIVE CODE,673
10,AGRICULTURE & MRKTS LAW-UNCLASSIFIED,9
10,ALCOHOLIC BEVERAGE CONTROL LAW,45
10,ANTICIPATORY OFFENSES,7
10,ASSAULT 3 & RELATED OFFENSES,25774
10,BURGLARS TOOLS    ,105
10,CRIMINAL MISCHIEF & RELATED OF,24765
10,CRIMINAL TRESPASS,3620
10,DANGEROUS DRUGS,10087
10,DANGEROUS WEAPONS,2218
10,DISRUPTION OF A RELIGIOUS SERV,3
10,ENDAN WELFARE INCOMP,10
10,ESCAPE 3,7
10,FRAUDS,1309
10,FRAUDULENT ACCOSTING,83
10,GAMBLING,127
10,INTOXICATED & IMPAIRED DRIVING,1115
10,JOSTLING,7
10,LOITERING FOR DRUG PURPOSES,3
10,NEW YORK CITY HEALTH CODE,3
10,OFF. AGNST PUB ORD SENSBLTY &,15473
10,OFFENSES AGAINST PUBLIC ADMINI,4736
10,OFFENSES AGAINST PUBLIC SAFETY,12
10,OFFENSES AGAINST THE PERSON,411
10,OFFENSES INVOLVING FRAUD,389
10,OFFENSES RELATED TO CHILDREN,88
10,OTHER OFFENSES RELATED TO THEF,478
10,OTHER STATE LAWS  NON PENAL LA,182
10,PETIT LARCENY,48508
10,PETIT LARCENY OF MOTOR VEHICLE,59
10,POSSESSION OF STOLEN PROPERTY,823
10,PROSTITUTION & RELATED OFFENSES,11
10,SEX CRIMES,1947
10,UNAUTHORIZED USE OF A VEHICLE,714
10,VEHICLE AND TRAFFIC LAWS,923
11,ADMINISTRATIVE CODE,603
11,AGRICULTURE & MRKTS LAW-UNCLASSIFIED,11
11,ALCOHOLIC BEVERAGE CONTROL LAW,53
11,ANTICIPATORY OFFENSES,3
11,ASSAULT 3 & RELATED OFFENSES,24894
11,BURGLARS TOOLS,103
11,CRIMINAL MISCHIEF & RELATED OF,22389
11,CRIMINAL TRESPASS,3546
11,DANGEROUS DRUGS,8547
11,DANGEROUS WEAPONS,1926
11,DISRUPTION OF A RELIGIOUS SERV,5
11,ENDAN WELFARE INCOMP,5
11,ESCAPE 3,9
11,FRAUDS,1231
11,FRAUDULENT ACCOSTING,86
11,GAMBLING,63
11,INTOXICATED & IMPAIRED DRIVING,1087
11,JOSTLING,7
11,NEW YORK CITY HEALTH CODE,1
11,OFF. AGNST PUB ORD SENSBLTY &,14760
11,OFFENSES AGAINST PUBLIC ADMINI,4176
11,OFFENSES AGAINST PUBLIC SAFETY,6
11,OFFENSES AGAINST THE PERSON,351
11,OFFENSES INVOLVING FRAUD,361
11,OFFENSES RELATED TO CHILDREN,75
11,OTHER OFFENSES RELATED TO THEF,464
11,OTHER STATE LAWS  NON PENAL LA,150
11,PETIT LARCENY,45316
11,PETIT LARCENY OF MOTOR VEHICLE,45
11,POSSESSION OF STOLEN PROPERTY,812
11,PROSTITUTION & RELATED OFFENSES,16
11,SEX CRIMES,1864
11,UNAUTHORIZED USE OF A VEHICLE,678
11,VEHICLE AND TRAFFIC LAWS,794
12,ADMINISTRATIVE CODE,573
12,AGRICULTURE & MRKTS LAW-UNCLASSIFIED,15
12,ALCOHOLIC BEVERAGE CONTROL LAW,43
12,ANTICIPATORY OFFENSES,4
12,ASSAULT 3 & RELATED OFFENSES,24465
12,BURGLARS TOOLS   ,77
12,CRIMINAL MISCHIEF & RELATED OF,22111
12,CRIMINAL TRESPASS,3388
12,DANGEROUS DRUGS,7751
12,DANGEROUS WEAPONS,1730
12,DISRUPTION OF A RELIGIOUS SERV,1
12,ENDAN WELFARE INCOMP,7
12,ESCAPE 3,1
12,FRAUDS,1210
12,FRAUDULENT ACCOSTING,78
12,GAMBLING,44
12,INTOXICATED & IMPAIRED DRIVING,1033
12,JOSTLING,9
12,LOITERING FOR DRUG PURPOSES,2
12,OFF. AGNST PUB ORD SENSBLTY &,14384
12,OFFENSES AGAINST PUBLIC ADMINI,4082
12,OFFENSES AGAINST PUBLIC SAFETY,12
12,OFFENSES AGAINST THE PERSON,353
12,OFFENSES INVOLVING FRAUD,392
12,OFFENSES RELATED TO CHILDREN,45
12,OTHER OFFENSES RELATED TO THEF,459
12,OTHER STATE LAWS  NON PENAL LA,141
12,OTHER STATE LAWS  NON PENAL LAW ,1
12,PETIT LARCENY,45524
12,PETIT LARCENY OF MOTOR VEHICLE,30
12,POSSESSION OF STOLEN PROPERTY,951
12,PROSTITUTION & RELATED OFFENSES,9
12,SEX CRIMES,1743
12,UNAUTHORIZED USE OF A VEHICLE,654
12,VEHICLE AND TRAFFIC LAWS,785
