  01,ADMINISTRATIVE CODE, 610 
  01,AGRICULTURE & MRKTS LAW-UNCLASSIFIED, 12 
  01,ALCOHOLIC BEVERAGE CONTROL LAW, 39 
  01,ANTICIPATORY OFFENSES, 1 
  01,ASSAULT 3 & RELATED OFFENSES, 24393 
  01, BURGLARS TOOLS   87 
  01,CRIMINAL MISCHIEF & RELATED OF, 23639 
  01,CRIMINAL TRESPASS, 4780 
  01,DANGEROUS DRUGS, 9501 
  01,DANGEROUS WEAPONS, 2307 
  01,DISRUPTION OF A RELIGIOUS SERV, 1 
  01,ENDAN WELFARE INCOMP, 9 
  01,ESCAPE 3, 1 
  01,FORTUNE TELLING, 1 
  01,FRAUDS, 1603 
  01,FRAUDULENT ACCOSTING, 90 
  01,GAMBLING, 43 
  01,INTOXICATED & IMPAIRED DRIVING, 1026 
  01,JOSTLING, 11 
  01,LOITERING FOR DRUG PURPOSES, 6 
  01,NEW YORK CITY HEALTH CODE, 2 
  01,OFF. AGNST PUB ORD SENSBLTY &, 16585 
  01,OFFENSES AGAINST PUBLIC ADMINI, 4137 
  01,OFFENSES AGAINST PUBLIC SAFETY, 7 
  01,OFFENSES AGAINST THE PERSON, 370 
  01,OFFENSES INVOLVING FRAUD, 407 
  01,OFFENSES RELATED TO CHILDREN, 100 
  01,OTHER OFFENSES RELATED TO THEF, 419 
  01,OTHER STATE LAWS  NON PENAL LA, 196 
  01,PETIT LARCENY, 42612 
  01,PETIT LARCENY OF MOTOR VEHICLE, 45 
  01,POSSESSION OF STOLEN PROPERTY, 855 
  01,PROSTITUTION & RELATED OFFENSES, 14 
  01,SEX CRIMES, 2158 
  01,THEFT OF SERVICES, 1 
  01,UNAUTHORIZED USE OF A VEHICLE, 639 
  01,VEHICLE AND TRAFFIC LAWS, 837 
  02,ADMINISTRATIVE CODE, 576 
  02,AGRICULTURE & MRKTS LAW-UNCLASSIFIED, 4 
  02,ALCOHOLIC BEVERAGE CONTROL LAW, 50 
  02,ANTICIPATORY OFFENSES, 4 
  02,ASSAULT 3 & RELATED OFFENSES, 22714 
  02, BURGLARS TOOLS   74 
  02,CRIMINAL MISCHIEF & RELATED OF, 19934 
  02,CRIMINAL TRESPASS, 4661 
  02,DANGEROUS DRUGS, 9218 
  02,DANGEROUS WEAPONS, 2092 
  02,DISRUPTION OF A RELIGIOUS SERV, 2 
  02,ENDAN WELFARE INCOMP, 5 
  02,ESCAPE 3, 5 
  02,FRAUDS, 1327 
  02,FRAUDULENT ACCOSTING, 81 
  02,GAMBLING, 57 
  02,INTOXICATED & IMPAIRED DRIVING, 1026 
  02,JOSTLING, 6 
  02,NEW YORK CITY HEALTH CODE, 2 
  02,OFF. AGNST PUB ORD SENSBLTY &, 14885 
  02,OFFENSES AGAINST PUBLIC ADMINI, 3951 
  02,OFFENSES AGAINST PUBLIC SAFETY, 9 
  02,OFFENSES AGAINST THE PERSON, 296 
  02,OFFENSES INVOLVING FRAUD, 373 
  02,OFFENSES RELATED TO CHILDREN, 90 
  02,OTHER OFFENSES RELATED TO THEF, 454 
  02,OTHER STATE LAWS  NON PENAL LA, 201 
  02,PETIT LARCENY, 36042 
  02,PETIT LARCENY OF MOTOR VEHICLE, 29 
  02,POSSESSION OF STOLEN PROPERTY, 736 
  02,PROSTITUTION & RELATED OFFENSES, 14 
  02,SEX CRIMES, 1655 
  02,UNAUTHORIZED USE OF A VEHICLE, 586 
  02,VEHICLE AND TRAFFIC LAWS, 840 
  03,ADMINISTRATIVE CODE, 554 
  03,AGRICULTURE & MRKTS LAW-UNCLASSIFIED, 10 
  03,ALCOHOLIC BEVERAGE CONTROL LAW, 42 
  03,ANTICIPATORY OFFENSES, 1 
  03,ASSAULT 3 & RELATED OFFENSES, 26424 
  03, BURGLARS TOOLS   87 
  03,CRIMINAL MISCHIEF & RELATED OF, 24141 
  03,CRIMINAL TRESPASS, 4595 
  03,DANGEROUS DRUGS, 9975 
  03,DANGEROUS WEAPONS, 2281 
  03,DISRUPTION OF A RELIGIOUS SERV, 4 
  03,ENDAN WELFARE INCOMP, 8 
  03,ESCAPE 3, 9 
  03,FRAUDS, 1473 
  03,FRAUDULENT ACCOSTING, 89 
  03,GAMBLING, 72 
  03,INTOXICATED & IMPAIRED DRIVING, 1218 
  03,JOSTLING, 6 
  03,LOITERING FOR DRUG PURPOSES, 2 
  03,NEW YORK CITY HEALTH CODE, 1 
  03,OFF. AGNST PUB ORD SENSBLTY &, 16582 
  03,OFFENSES AGAINST PUBLIC ADMINI, 4741 
  03,OFFENSES AGAINST PUBLIC SAFETY, 10 
  03,OFFENSES AGAINST THE PERSON, 414 
  03,OFFENSES INVOLVING FRAUD, 437 
  03,OFFENSES RELATED TO CHILDREN, 128 
  03,OTHER OFFENSES RELATED TO THEF, 478 
  03,OTHER STATE LAWS  NON PENAL LA, 186 
  03,PETIT LARCENY, 42716 
  03,PETIT LARCENY OF MOTOR VEHICLE, 42 
  03,POSSESSION OF STOLEN PROPERTY, 892 
  03,PROSTITUTION & RELATED OFFENSES, 25 
  03,SEX CRIMES, 2069 
  03,UNAUTHORIZED USE OF A VEHICLE, 618 
  03,VEHICLE AND TRAFFIC LAWS, 959 
  04,ADMINISTRATIVE CODE, 570 
  04,AGRICULTURE & MRKTS LAW-UNCLASSIFIED, 9 
  04,ALCOHOLIC BEVERAGE CONTROL LAW, 50 
  04,ANTICIPATORY OFFENSES, 3 
  04,ASSAULT 3 & RELATED OFFENSES, 25722 
  04, BURGLARS TOOLS   76 
  04,CRIMINAL MISCHIEF & RELATED OF, 24585 
  04,CRIMINAL TRESPASS, 3856 
  04,DANGEROUS DRUGS, 9550 
  04,DANGEROUS WEAPONS, 2177 
  04,DISRUPTION OF A RELIGIOUS SERV, 8 
  04,ENDAN WELFARE INCOMP, 7 
  04,ESCAPE 3, 8 
  04,FRAUDS, 1448 
  04,FRAUDULENT ACCOSTING, 65 
  04,GAMBLING, 105 
  04,INTOXICATED & IMPAIRED DRIVING, 1183 
  04,JOSTLING, 3 
  04,NEW YORK CITY HEALTH CODE, 2 
  04,OFF. AGNST PUB ORD SENSBLTY &, 16214 
  04,OFFENSES AGAINST PUBLIC ADMINI, 4777 
  04,OFFENSES AGAINST PUBLIC SAFETY, 11 
  04,OFFENSES AGAINST THE PERSON, 418 
  04,OFFENSES INVOLVING FRAUD, 406 
  04,OFFENSES RELATED TO CHILDREN, 57 
  04,OTHER OFFENSES RELATED TO THEF, 480 
  04,OTHER STATE LAWS  NON PENAL LA, 174 
  04,OTHER STATE LAWS  NON PENAL LAW , 1 
  04,PETIT LARCENY, 42681 
  04,PETIT LARCENY OF MOTOR VEHICLE, 56 
  04,POSSESSION OF STOLEN PROPERTY, 878 
  04,PROSTITUTION & RELATED OFFENSES, 18 
  04,SEX CRIMES, 1892 
  04,UNAUTHORIZED USE OF A VEHICLE, 626 
  04,VEHICLE AND TRAFFIC LAWS, 951 
  05,ADMINISTRATIVE CODE, 594 
  05,AGRICULTURE & MRKTS LAW-UNCLASSIFIED, 13 
  05,ALCOHOLIC BEVERAGE CONTROL LAW, 43 
  05,ANTICIPATORY OFFENSES, 5 
  05,ASSAULT 3 & RELATED OFFENSES, 28883 
  05, BURGLARS TOOLS   89 
  05,CRIMINAL MISCHIEF & RELATED OF, 25015 
  05,CRIMINAL TRESPASS, 3573 
  05,DANGEROUS DRUGS, 9708 
  05,DANGEROUS WEAPONS, 2085 
  05,DISRUPTION OF A RELIGIOUS SERV, 2 
  05,ENDAN WELFARE INCOMP, 11 
  05,ESCAPE 3, 9 
  05,FRAUDS, 1251 
  05,FRAUDULENT ACCOSTING, 81 
  05,GAMBLING, 126 
  05,INTOXICATED & IMPAIRED DRIVING, 1118 
  05,JOSTLING, 9 
  05,NEW YORK CITY HEALTH CODE, 2 
  05,OFF. AGNST PUB ORD SENSBLTY &, 16123 
  05,OFFENSES AGAINST PUBLIC ADMINI, 5007 
  05,OFFENSES AGAINST PUBLIC SAFETY, 12 
  05,OFFENSES AGAINST THE PERSON, 492 
  05,OFFENSES INVOLVING FRAUD, 435 
  05,OFFENSES RELATED TO CHILDREN, 72 
  05,OTHER OFFENSES RELATED TO THEF, 441 
  05,OTHER STATE LAWS  NON PENAL LA, 173 
  05,PETIT LARCENY, 47267 
  05,PETIT LARCENY OF MOTOR VEHICLE, 52 
  05,POSSESSION OF STOLEN PROPERTY, 922 
  05,PROSTITUTION & RELATED OFFENSES, 12 
  05,SEX CRIMES, 2086 
  05,UNAUTHORIZED USE OF A VEHICLE, 705 
  05,VEHICLE AND TRAFFIC LAWS, 983 
  06,ADMINISTRATIVE CODE, 608 
  06,AGRICULTURE & MRKTS LAW-UNCLASSIFIED, 12 
  06,ALCOHOLIC BEVERAGE CONTROL LAW, 50 
  06,ANTICIPATORY OFFENSES, 2 
  06,ASSAULT 3 & RELATED OFFENSES, 28012 
  06, BURGLARS TOOLS   71 
  06,CRIMINAL MISCHIEF & RELATED OF, 25330 
  06,CRIMINAL TRESPASS, 3090 
  06,DANGEROUS DRUGS, 9026 
  06,DANGEROUS WEAPONS, 2022 
  06,DISRUPTION OF A RELIGIOUS SERV, 4 
  06,ENDAN WELFARE INCOMP, 9 
  06,ESCAPE 3, 5 
  06,FRAUDS, 1341 
  06,FRAUDULENT ACCOSTING, 61 
  06,GAMBLING, 148 
  06,INTOXICATED & IMPAIRED DRIVING, 987 
  06,JOSTLING, 7 
  06,NEW YORK CITY HEALTH CODE, 1 
  06,OFF. AGNST PUB ORD SENSBLTY &, 15672 
  06,OFFENSES AGAINST PUBLIC ADMINI, 4860 
  06,OFFENSES AGAINST PUBLIC SAFETY, 39 
  06,OFFENSES AGAINST THE PERSON, 459 
  06,OFFENSES INVOLVING FRAUD, 344 
  06,OFFENSES RELATED TO CHILDREN, 104 
  06,OTHER OFFENSES RELATED TO THEF, 463 
  06,OTHER STATE LAWS  NON PENAL LA, 173 
  06,OTHER STATE LAWS  NON PENAL LAW , 2 
  06,PETIT LARCENY, 46907 
  06,PETIT LARCENY OF MOTOR VEHICLE, 58 
  06,POSSESSION OF STOLEN PROPERTY, 928 
  06,PROSTITUTION & RELATED OFFENSES, 15 
  06,SEX CRIMES, 2123 
  06,UNAUTHORIZED USE OF A VEHICLE, 729 
  06,VEHICLE AND TRAFFIC LAWS, 961 
  07,ADMINISTRATIVE CODE, 678 
  07,AGRICULTURE & MRKTS LAW-UNCLASSIFIED, 10 
  07,ALCOHOLIC BEVERAGE CONTROL LAW, 48 
  07,ANTICIPATORY OFFENSES, 6 
  07,ASSAULT 3 & RELATED OFFENSES, 29065 
  07, BURGLARS TOOLS   89 
  07,CRIMINAL MISCHIEF & RELATED OF, 25821 
  07,CRIMINAL TRESPASS, 2853 
  07,DANGEROUS DRUGS, 9267 
  07,DANGEROUS WEAPONS, 1989 
  07,DISRUPTION OF A RELIGIOUS SERV, 4 
  07,ENDAN WELFARE INCOMP, 6 
  07,ESCAPE 3, 6 
  07,FRAUDS, 1324 
  07,FRAUDULENT ACCOSTING, 96 
  07,GAMBLING, 150 
  07,INTOXICATED & IMPAIRED DRIVING, 1043 
  07,JOSTLING, 4 
  07,LOITERING FOR DRUG PURPOSES, 2 
  07,NEW YORK CITY HEALTH CODE, 4 
  07,OFF. AGNST PUB ORD SENSBLTY &, 15865 
  07,OFFENSES AGAINST PUBLIC ADMINI, 4972 
  07,OFFENSES AGAINST PUBLIC SAFETY, 160 
  07,OFFENSES AGAINST THE PERSON, 705 
  07,OFFENSES INVOLVING FRAUD, 363 
  07,OFFENSES RELATED TO CHILDREN, 73 
  07,OTHER OFFENSES RELATED TO THEF, 448 
  07,OTHER STATE LAWS  NON PENAL LA, 170 
  07,OTHER STATE LAWS  NON PENAL LAW , 1 
  07,PETIT LARCENY, 49445 
  07,PETIT LARCENY OF MOTOR VEHICLE, 76 
  07,POSSESSION OF STOLEN PROPERTY, 900 
  07,PROSTITUTION & RELATED OFFENSES, 9 
  07,SEX CRIMES, 2078 
  07,THEFT OF SERVICES, 1 
  07,UNAUTHORIZED USE OF A VEHICLE, 858 
  07,VEHICLE AND TRAFFIC LAWS, 870 
  08,ADMINISTRATIVE CODE, 735 
  08,AGRICULTURE & MRKTS LAW-UNCLASSIFIED, 18 
  08,ALCOHOLIC BEVERAGE CONTROL LAW, 33 
  08,ANTICIPATORY OFFENSES, 5 
  08,ASSAULT 3 & RELATED OFFENSES, 28396 
  08, BURGLARS TOOLS   101 
  08,CRIMINAL MISCHIEF & RELATED OF, 25754 
  08,CRIMINAL TRESPASS, 3124 
  08,DANGEROUS DRUGS, 10078 
  08,DANGEROUS WEAPONS, 2113 
  08,ENDAN WELFARE INCOMP, 9 
  08,ESCAPE 3, 13 
  08,FORTUNE TELLING, 1 
  08,FRAUDS, 1322 
  08,FRAUDULENT ACCOSTING, 102 
  08,GAMBLING, 188 
  08,INTOXICATED & IMPAIRED DRIVING, 1045 
  08,JOSTLING, 2 
  08,NEW YORK CITY HEALTH CODE, 3 
  08,OFF. AGNST PUB ORD SENSBLTY &, 16298 
  08,OFFENSES AGAINST MARRIAGE UNCL, 1 
  08,OFFENSES AGAINST PUBLIC ADMINI, 4877 
  08,OFFENSES AGAINST PUBLIC SAFETY, 8 
  08,OFFENSES AGAINST THE PERSON, 533 
  08,OFFENSES INVOLVING FRAUD, 332 
  08,OFFENSES RELATED TO CHILDREN, 68 
  08,OTHER OFFENSES RELATED TO THEF, 513 
  08,OTHER STATE LAWS  NON PENAL LA, 169 
  08,OTHER STATE LAWS  NON PENAL LAW , 1 
  08,PETIT LARCENY, 50279 
  08,PETIT LARCENY OF MOTOR VEHICLE, 77 
  08,POSSESSION OF STOLEN PROPERTY, 857 
  08,PROSTITUTION & RELATED OFFENSES, 19 
  08,SEX CRIMES, 2048 
  08,UNAUTHORIZED USE OF A VEHICLE, 842 
  08,VEHICLE AND TRAFFIC LAWS, 973 
  09,ADMINISTRATIVE CODE, 645 
  09,AGRICULTURE & MRKTS LAW-UNCLASSIFIED, 14 
  09,ALCOHOLIC BEVERAGE CONTROL LAW, 38 
  09,ANTICIPATORY OFFENSES, 4 
  09,ASSAULT 3 & RELATED OFFENSES, 26223 
  09, BURGLARS TOOLS   103 
  09,CRIMINAL MISCHIEF & RELATED OF, 23448 
  09,CRIMINAL TRESPASS, 3004 
  09,DANGEROUS DRUGS, 9868 
  09,DANGEROUS WEAPONS, 1976 
  09,DISRUPTION OF A RELIGIOUS SERV, 3 
  09,ENDAN WELFARE INCOMP, 5 
  09,ESCAPE 3, 11 
  09,FORTUNE TELLING, 1 
  09,FRAUDS, 1286 
  09,FRAUDULENT ACCOSTING, 85 
  09,GAMBLING, 154 
  09,INTOXICATED & IMPAIRED DRIVING, 1033 
  09,JOSTLING, 6 
  09,NEW YORK CITY HEALTH CODE, 1 
  09,OFF. AGNST PUB ORD SENSBLTY &, 15653 
  09,OFFENSES AGAINST PUBLIC ADMINI, 4728 
  09,OFFENSES AGAINST PUBLIC SAFETY, 11 
  09,OFFENSES AGAINST THE PERSON, 427 
  09,OFFENSES INVOLVING FRAUD, 317 
  09,OFFENSES RELATED TO CHILDREN, 67 
  09,OTHER OFFENSES RELATED TO THEF, 431 
  09,OTHER STATE LAWS  NON PENAL LA, 172 
  09,PETIT LARCENY, 47054 
  09,PETIT LARCENY OF MOTOR VEHICLE, 55 
  09,POSSESSION OF STOLEN PROPERTY, 793 
  09,PROSTITUTION & RELATED OFFENSES, 20 
  09,SEX CRIMES, 1880 
  09,THEFT OF SERVICES, 1 
  09,UNAUTHORIZED USE OF A VEHICLE, 766 
  09,VEHICLE AND TRAFFIC LAWS, 898 
  10,ADMINISTRATIVE CODE, 673 
  10,AGRICULTURE & MRKTS LAW-UNCLASSIFIED, 9 
  10,ALCOHOLIC BEVERAGE CONTROL LAW, 45 
  10,ANTICIPATORY OFFENSES, 7 
  10,ASSAULT 3 & RELATED OFFENSES, 25774 
  10, BURGLARS TOOLS   105 
  10,CRIMINAL MISCHIEF & RELATED OF, 24765 
  10,CRIMINAL TRESPASS, 3620 
  10,DANGEROUS DRUGS, 10087 
  10,DANGEROUS WEAPONS, 2218 
  10,DISRUPTION OF A RELIGIOUS SERV, 3 
  10,ENDAN WELFARE INCOMP, 10 
  10,ESCAPE 3, 7 
  10,FRAUDS, 1309 
  10,FRAUDULENT ACCOSTING, 83 
  10,GAMBLING, 127 
  10,INTOXICATED & IMPAIRED DRIVING, 1115 
  10,JOSTLING, 7 
  10,LOITERING FOR DRUG PURPOSES, 3 
  10,NEW YORK CITY HEALTH CODE, 3 
  10,OFF. AGNST PUB ORD SENSBLTY &, 15473 
  10,OFFENSES AGAINST PUBLIC ADMINI, 4736 
  10,OFFENSES AGAINST PUBLIC SAFETY, 12 
  10,OFFENSES AGAINST THE PERSON, 411 
  10,OFFENSES INVOLVING FRAUD, 389 
  10,OFFENSES RELATED TO CHILDREN, 88 
  10,OTHER OFFENSES RELATED TO THEF, 478 
  10,OTHER STATE LAWS  NON PENAL LA, 182 
  10,PETIT LARCENY, 48508 
  10,PETIT LARCENY OF MOTOR VEHICLE, 59 
  10,POSSESSION OF STOLEN PROPERTY, 823 
  10,PROSTITUTION & RELATED OFFENSES, 11 
  10,SEX CRIMES, 1947 
  10,UNAUTHORIZED USE OF A VEHICLE, 714 
  10,VEHICLE AND TRAFFIC LAWS, 923 
  11,ADMINISTRATIVE CODE, 603 
  11,AGRICULTURE & MRKTS LAW-UNCLASSIFIED, 11 
  11,ALCOHOLIC BEVERAGE CONTROL LAW, 53 
  11,ANTICIPATORY OFFENSES, 3 
  11,ASSAULT 3 & RELATED OFFENSES, 24894 
  11, BURGLARS TOOLS   103 
  11,CRIMINAL MISCHIEF & RELATED OF, 22389 
  11,CRIMINAL TRESPASS, 3546 
  11,DANGEROUS DRUGS, 8547 
  11,DANGEROUS WEAPONS, 1926 
  11,DISRUPTION OF A RELIGIOUS SERV, 5 
  11,ENDAN WELFARE INCOMP, 5 
  11,ESCAPE 3, 9 
  11,FRAUDS, 1231 
  11,FRAUDULENT ACCOSTING, 86 
  11,GAMBLING, 63 
  11,INTOXICATED & IMPAIRED DRIVING, 1087 
  11,JOSTLING, 7 
  11,NEW YORK CITY HEALTH CODE, 1 
  11,OFF. AGNST PUB ORD SENSBLTY &, 14760 
  11,OFFENSES AGAINST PUBLIC ADMINI, 4176 
  11,OFFENSES AGAINST PUBLIC SAFETY, 6 
  11,OFFENSES AGAINST THE PERSON, 351 
  11,OFFENSES INVOLVING FRAUD, 361 
  11,OFFENSES RELATED TO CHILDREN, 75 
  11,OTHER OFFENSES RELATED TO THEF, 464 
  11,OTHER STATE LAWS  NON PENAL LA, 150 
  11,PETIT LARCENY, 45316 
  11,PETIT LARCENY OF MOTOR VEHICLE, 45 
  11,POSSESSION OF STOLEN PROPERTY, 812 
  11,PROSTITUTION & RELATED OFFENSES, 16 
  11,SEX CRIMES, 1864 
  11,UNAUTHORIZED USE OF A VEHICLE, 678 
  11,VEHICLE AND TRAFFIC LAWS, 794 
  12,ADMINISTRATIVE CODE, 573 
  12,AGRICULTURE & MRKTS LAW-UNCLASSIFIED, 15 
  12,ALCOHOLIC BEVERAGE CONTROL LAW, 43 
  12,ANTICIPATORY OFFENSES, 4 
  12,ASSAULT 3 & RELATED OFFENSES, 24465 
  12, BURGLARS TOOLS   77 
  12,CRIMINAL MISCHIEF & RELATED OF, 22111 
  12,CRIMINAL TRESPASS, 3388 
  12,DANGEROUS DRUGS, 7751 
  12,DANGEROUS WEAPONS, 1730 
  12,DISRUPTION OF A RELIGIOUS SERV, 1 
  12,ENDAN WELFARE INCOMP, 7 
  12,ESCAPE 3, 1 
  12,FRAUDS, 1210 
  12,FRAUDULENT ACCOSTING, 78 
  12,GAMBLING, 44 
  12,INTOXICATED & IMPAIRED DRIVING, 1033 
  12,JOSTLING, 9 
  12,LOITERING FOR DRUG PURPOSES, 2 
  12,OFF. AGNST PUB ORD SENSBLTY &, 14384 
  12,OFFENSES AGAINST PUBLIC ADMINI, 4082 
  12,OFFENSES AGAINST PUBLIC SAFETY, 12 
  12,OFFENSES AGAINST THE PERSON, 353 
  12,OFFENSES INVOLVING FRAUD, 392 
  12,OFFENSES RELATED TO CHILDREN, 45 
  12,OTHER OFFENSES RELATED TO THEF, 459 
  12,OTHER STATE LAWS  NON PENAL LA, 141 
  12,OTHER STATE LAWS  NON PENAL LAW , 1 
  12,PETIT LARCENY, 45524 
  12,PETIT LARCENY OF MOTOR VEHICLE, 30 
  12,POSSESSION OF STOLEN PROPERTY, 951 
  12,PROSTITUTION & RELATED OFFENSES, 9 
  12,SEX CRIMES, 1743 
  12,UNAUTHORIZED USE OF A VEHICLE, 654 
  12,VEHICLE AND TRAFFIC LAWS, 785 
