  ADMINISTRATIVE CODE,BANK,2
  ADMINISTRATIVE CODE,BUS TERMINAL,3
  ADMINISTRATIVE CODE,CANDY STORE,2
  ADMINISTRATIVE CODE,CHAIN STORE,1
  ADMINISTRATIVE CODE,CHECK CASHING BUSINESS,3
  ADMINISTRATIVE CODE,CHURCH,2
  ADMINISTRATIVE CODE,COMMERCIAL BUILDING,9
  ADMINISTRATIVE CODE,FAST FOOD,1
  ADMINISTRATIVE CODE,GROCERY/BODEGA,4
  ADMINISTRATIVE CODE,HOTEL/MOTEL,2
  ADMINISTRATIVE CODE,LIQUOR STORE,1
  ADMINISTRATIVE CODE,OTHER,4
  ADMINISTRATIVE CODE,PARK/PLAYGROUND,3
  ADMINISTRATIVE CODE,PARKING LOT/GARAGE  PRIVATE ,1
  ADMINISTRATIVE CODE,PUBLIC BUILDING,2
  ADMINISTRATIVE CODE,PUBLIC SCHOOL,2
  ADMINISTRATIVE CODE,RESIDENCE - APT. HOUSE,445
  ADMINISTRATIVE CODE,RESIDENCE - PUBLIC HOUSING,43
  ADMINISTRATIVE CODE,RESIDENCE-HOUSE,13
  ADMINISTRATIVE CODE,RESTAURANT/DINER,2
  ADMINISTRATIVE CODE,STORE UNCLASSIFIED,2
  ADMINISTRATIVE CODE,STREET,61
  ADMINISTRATIVE CODE,TUNNEL,1
  AGRICULTURE & MRKTS LAW-UNCLASSIFIED,CONSTRUCTION SITE,1
  AGRICULTURE & MRKTS LAW-UNCLASSIFIED,DOCTOR/DENTIST OFFICE,2
  AGRICULTURE & MRKTS LAW-UNCLASSIFIED,GROCERY/BODEGA,1
  AGRICULTURE & MRKTS LAW-UNCLASSIFIED,PARK/PLAYGROUND,1
  AGRICULTURE & MRKTS LAW-UNCLASSIFIED,RESIDENCE - APT. HOUSE,10
  AGRICULTURE & MRKTS LAW-UNCLASSIFIED,RESIDENCE - PUBLIC HOUSING,6
  AGRICULTURE & MRKTS LAW-UNCLASSIFIED,RESTAURANT/DINER,1
  AGRICULTURE & MRKTS LAW-UNCLASSIFIED,STREET,2
  ALCOHOLIC BEVERAGE CONTROL LAW,BAR/NIGHT CLUB,15
  ALCOHOLIC BEVERAGE CONTROL LAW,BEAUTY & NAIL SALON,2
  ALCOHOLIC BEVERAGE CONTROL LAW,CHAIN STORE,1
  ALCOHOLIC BEVERAGE CONTROL LAW,COMMERCIAL BUILDING,16
  ALCOHOLIC BEVERAGE CONTROL LAW,GROCERY/BODEGA,34
  ALCOHOLIC BEVERAGE CONTROL LAW,LIQUOR STORE,2
  ALCOHOLIC BEVERAGE CONTROL LAW,OTHER,1
  ALCOHOLIC BEVERAGE CONTROL LAW,PUBLIC BUILDING,1
  ALCOHOLIC BEVERAGE CONTROL LAW,RESIDENCE - APT. HOUSE,3
  ALCOHOLIC BEVERAGE CONTROL LAW,RESIDENCE - PUBLIC HOUSING,6
  ALCOHOLIC BEVERAGE CONTROL LAW,RESTAURANT/DINER,2
  ALCOHOLIC BEVERAGE CONTROL LAW,SOCIAL CLUB/POLICY,4
  ALCOHOLIC BEVERAGE CONTROL LAW,STORE UNCLASSIFIED,4
  ALCOHOLIC BEVERAGE CONTROL LAW,STREET,11
  ANTICIPATORY OFFENSES,ATM,1
  ANTICIPATORY OFFENSES,CLOTHING/BOUTIQUE,1
  ANTICIPATORY OFFENSES,DEPARTMENT STORE,1
  ANTICIPATORY OFFENSES,HOTEL/MOTEL,2
  ANTICIPATORY OFFENSES,PUBLIC SCHOOL,3
  ANTICIPATORY OFFENSES,RESIDENCE - APT. HOUSE,2
  ANTICIPATORY OFFENSES,STREET,3
  ASSAULT 3 & RELATED OFFENSES,ABANDONED BUILDING,4
  ASSAULT 3 & RELATED OFFENSES,ATM,4
  ASSAULT 3 & RELATED OFFENSES,BANK,42
  ASSAULT 3 & RELATED OFFENSES,BAR/NIGHT CLUB,2217
  ASSAULT 3 & RELATED OFFENSES,BEAUTY & NAIL SALON,153
  ASSAULT 3 & RELATED OFFENSES,BOOK/CARD,8
  ASSAULT 3 & RELATED OFFENSES,BRIDGE,9
  ASSAULT 3 & RELATED OFFENSES,BUS  NYC TRANSIT ,45
  ASSAULT 3 & RELATED OFFENSES,BUS  OTHER ,16
  ASSAULT 3 & RELATED OFFENSES,BUS STOP,14
  ASSAULT 3 & RELATED OFFENSES,BUS TERMINAL,376
  ASSAULT 3 & RELATED OFFENSES,CANDY STORE,105
  ASSAULT 3 & RELATED OFFENSES,CEMETERY,1
  ASSAULT 3 & RELATED OFFENSES,CHAIN STORE,387
  ASSAULT 3 & RELATED OFFENSES,CHECK CASHING BUSINESS,13
  ASSAULT 3 & RELATED OFFENSES,CHURCH,103
  ASSAULT 3 & RELATED OFFENSES,CLOTHING/BOUTIQUE,128
  ASSAULT 3 & RELATED OFFENSES,COMMERCIAL BUILDING,900
  ASSAULT 3 & RELATED OFFENSES,CONSTRUCTION SITE,62
  ASSAULT 3 & RELATED OFFENSES,DEPARTMENT STORE,126
  ASSAULT 3 & RELATED OFFENSES,DOCTOR/DENTIST OFFICE,63
  ASSAULT 3 & RELATED OFFENSES,DRUG STORE,145
  ASSAULT 3 & RELATED OFFENSES,DRY CLEANER/LAUNDRY,88
  ASSAULT 3 & RELATED OFFENSES,FACTORY/WAREHOUSE,11
  ASSAULT 3 & RELATED OFFENSES,FAST FOOD,467
  ASSAULT 3 & RELATED OFFENSES,FERRY/FERRY TERMINAL,1
  ASSAULT 3 & RELATED OFFENSES,FOOD SUPERMARKET,117
  ASSAULT 3 & RELATED OFFENSES,GAS STATION,42
  ASSAULT 3 & RELATED OFFENSES,GROCERY/BODEGA,892
  ASSAULT 3 & RELATED OFFENSES,GYM/FITNESS FACILITY,60
  ASSAULT 3 & RELATED OFFENSES,HIGHWAY/PARKWAY,3
  ASSAULT 3 & RELATED OFFENSES,HOSPITAL,522
  ASSAULT 3 & RELATED OFFENSES,HOTEL/MOTEL,653
  ASSAULT 3 & RELATED OFFENSES,JEWELRY,28
  ASSAULT 3 & RELATED OFFENSES,LIQUOR STORE,25
  ASSAULT 3 & RELATED OFFENSES,LOAN COMPANY,2
  ASSAULT 3 & RELATED OFFENSES,MARINA/PIER,12
  ASSAULT 3 & RELATED OFFENSES,MOSQUE,3
  ASSAULT 3 & RELATED OFFENSES,OPEN AREAS  OPEN LOTS ,31
  ASSAULT 3 & RELATED OFFENSES,OTHER,1316
  ASSAULT 3 & RELATED OFFENSES,OTHER HOUSE OF WORSHIP,4
  ASSAULT 3 & RELATED OFFENSES,PARK/PLAYGROUND,255
  ASSAULT 3 & RELATED OFFENSES,PARKING LOT/GARAGE  PRIVATE ,88
  ASSAULT 3 & RELATED OFFENSES,PARKING LOT/GARAGE  PUBLIC ,116
  ASSAULT 3 & RELATED OFFENSES,PHOTO/COPY,2
  ASSAULT 3 & RELATED OFFENSES,PRIVATE/PAROCHIAL SCHOOL,39
  ASSAULT 3 & RELATED OFFENSES,PUBLIC BUILDING,372
  ASSAULT 3 & RELATED OFFENSES,PUBLIC SCHOOL,873
  ASSAULT 3 & RELATED OFFENSES,RESIDENCE - APT. HOUSE,16069
  ASSAULT 3 & RELATED OFFENSES,RESIDENCE - PUBLIC HOUSING,8003
  ASSAULT 3 & RELATED OFFENSES,RESIDENCE-HOUSE,381
  ASSAULT 3 & RELATED OFFENSES,RESTAURANT/DINER,1101
  ASSAULT 3 & RELATED OFFENSES,SHOE,16
  ASSAULT 3 & RELATED OFFENSES,SMALL MERCHANT,101
  ASSAULT 3 & RELATED OFFENSES,SOCIAL CLUB/POLICY,59
  ASSAULT 3 & RELATED OFFENSES,STORAGE FACILITY,6
  ASSAULT 3 & RELATED OFFENSES,STORE UNCLASSIFIED,113
  ASSAULT 3 & RELATED OFFENSES,STREET,10021
  ASSAULT 3 & RELATED OFFENSES,SYNAGOGUE,3
  ASSAULT 3 & RELATED OFFENSES,TAXI  LIVERY LICENSED ,23
  ASSAULT 3 & RELATED OFFENSES,TAXI  YELLOW LICENSED ,63
  ASSAULT 3 & RELATED OFFENSES,TAXI/LIVERY  UNLICENSED ,2
  ASSAULT 3 & RELATED OFFENSES,TELECOMM. STORE,28
  ASSAULT 3 & RELATED OFFENSES,TRANSIT - NYC SUBWAY,16
  ASSAULT 3 & RELATED OFFENSES,TRANSIT FACILITY  OTHER ,25
  ASSAULT 3 & RELATED OFFENSES,TUNNEL,9
  ASSAULT 3 & RELATED OFFENSES,VARIETY STORE,39
  ASSAULT 3 & RELATED OFFENSES,VIDEO STORE,35
  CRIMINAL MISCHIEF & RELATED OF,ABANDONED BUILDING,158
  CRIMINAL MISCHIEF & RELATED OF,ATM,34
  CRIMINAL MISCHIEF & RELATED OF,BANK,154
  CRIMINAL MISCHIEF & RELATED OF,BAR/NIGHT CLUB,306
  CRIMINAL MISCHIEF & RELATED OF,BEAUTY & NAIL SALON,265
  CRIMINAL MISCHIEF & RELATED OF,BOOK/CARD,19
  CRIMINAL MISCHIEF & RELATED OF,BRIDGE,21
  CRIMINAL MISCHIEF & RELATED OF,BUS  NYC TRANSIT ,22
  CRIMINAL MISCHIEF & RELATED OF,BUS  OTHER ,20
  CRIMINAL MISCHIEF & RELATED OF,BUS STOP,14
  CRIMINAL MISCHIEF & RELATED OF,BUS TERMINAL,81
  CRIMINAL MISCHIEF & RELATED OF,CANDY STORE,88
  CRIMINAL MISCHIEF & RELATED OF,CEMETERY,11
  CRIMINAL MISCHIEF & RELATED OF,CHAIN STORE,365
  CRIMINAL MISCHIEF & RELATED OF,CHECK CASHING BUSINESS,34
  CRIMINAL MISCHIEF & RELATED OF,CHURCH,143
  CRIMINAL MISCHIEF & RELATED OF,CLOTHING/BOUTIQUE,223
  CRIMINAL MISCHIEF & RELATED OF,COMMERCIAL BUILDING,1453
  CRIMINAL MISCHIEF & RELATED OF,CONSTRUCTION SITE,135
  CRIMINAL MISCHIEF & RELATED OF,DEPARTMENT STORE,91
  CRIMINAL MISCHIEF & RELATED OF,DOCTOR/DENTIST OFFICE,111
  CRIMINAL MISCHIEF & RELATED OF,DRUG STORE,169
  CRIMINAL MISCHIEF & RELATED OF,DRY CLEANER/LAUNDRY,172
  CRIMINAL MISCHIEF & RELATED OF,FACTORY/WAREHOUSE,21
  CRIMINAL MISCHIEF & RELATED OF,FAST FOOD,405
  CRIMINAL MISCHIEF & RELATED OF,FOOD SUPERMARKET,90
  CRIMINAL MISCHIEF & RELATED OF,GAS STATION,50
  CRIMINAL MISCHIEF & RELATED OF,GROCERY/BODEGA,756
  CRIMINAL MISCHIEF & RELATED OF,GYM/FITNESS FACILITY,56
  CRIMINAL MISCHIEF & RELATED OF,HIGHWAY/PARKWAY,23
  CRIMINAL MISCHIEF & RELATED OF,HOSPITAL,115
  CRIMINAL MISCHIEF & RELATED OF,HOTEL/MOTEL,175
  CRIMINAL MISCHIEF & RELATED OF,JEWELRY,54
  CRIMINAL MISCHIEF & RELATED OF,LIQUOR STORE,68
  CRIMINAL MISCHIEF & RELATED OF,LOAN COMPANY,3
  CRIMINAL MISCHIEF & RELATED OF,MARINA/PIER,3
  CRIMINAL MISCHIEF & RELATED OF,MOSQUE,4
  CRIMINAL MISCHIEF & RELATED OF,OPEN AREAS  OPEN LOTS ,77
  CRIMINAL MISCHIEF & RELATED OF,OTHER,1404
  CRIMINAL MISCHIEF & RELATED OF,OTHER HOUSE OF WORSHIP,15
  CRIMINAL MISCHIEF & RELATED OF,PARK/PLAYGROUND,115
  CRIMINAL MISCHIEF & RELATED OF,PARKING LOT/GARAGE  PRIVATE ,392
  CRIMINAL MISCHIEF & RELATED OF,PARKING LOT/GARAGE  PUBLIC ,369
  CRIMINAL MISCHIEF & RELATED OF,PHOTO/COPY,20
  CRIMINAL MISCHIEF & RELATED OF,PRIVATE/PAROCHIAL SCHOOL,48
  CRIMINAL MISCHIEF & RELATED OF,PUBLIC BUILDING,242
  CRIMINAL MISCHIEF & RELATED OF,PUBLIC SCHOOL,412
  CRIMINAL MISCHIEF & RELATED OF,RESIDENCE - APT. HOUSE,7376
  CRIMINAL MISCHIEF & RELATED OF,RESIDENCE - PUBLIC HOUSING,4931
  CRIMINAL MISCHIEF & RELATED OF,RESIDENCE-HOUSE,288
  CRIMINAL MISCHIEF & RELATED OF,RESTAURANT/DINER,867
  CRIMINAL MISCHIEF & RELATED OF,SHOE,33
  CRIMINAL MISCHIEF & RELATED OF,SMALL MERCHANT,362
  CRIMINAL MISCHIEF & RELATED OF,SOCIAL CLUB/POLICY,22
  CRIMINAL MISCHIEF & RELATED OF,STORAGE FACILITY,37
  CRIMINAL MISCHIEF & RELATED OF,STORE UNCLASSIFIED,248
  CRIMINAL MISCHIEF & RELATED OF,STREET,14444
  CRIMINAL MISCHIEF & RELATED OF,SYNAGOGUE,38
  CRIMINAL MISCHIEF & RELATED OF,TAXI  LIVERY LICENSED ,14
  CRIMINAL MISCHIEF & RELATED OF,TAXI  YELLOW LICENSED ,82
  CRIMINAL MISCHIEF & RELATED OF,TAXI/LIVERY  UNLICENSED ,2
  CRIMINAL MISCHIEF & RELATED OF,TELECOMM. STORE,54
  CRIMINAL MISCHIEF & RELATED OF,TRANSIT - NYC SUBWAY,4
  CRIMINAL MISCHIEF & RELATED OF,TRANSIT FACILITY  OTHER ,31
  CRIMINAL MISCHIEF & RELATED OF,TUNNEL,17
  CRIMINAL MISCHIEF & RELATED OF,VARIETY STORE,65
  CRIMINAL MISCHIEF & RELATED OF,VIDEO STORE,17
  CRIMINAL TRESPASS,ABANDONED BUILDING,10
  CRIMINAL TRESPASS,ATM,16
  CRIMINAL TRESPASS,BANK,49
  CRIMINAL TRESPASS,BAR/NIGHT CLUB,36
  CRIMINAL TRESPASS,BEAUTY & NAIL SALON,3
  CRIMINAL TRESPASS,BOOK/CARD,4
  CRIMINAL TRESPASS,BRIDGE,2
  CRIMINAL TRESPASS,BUS  OTHER ,1
  CRIMINAL TRESPASS,BUS TERMINAL,21
  CRIMINAL TRESPASS,CANDY STORE,2
  CRIMINAL TRESPASS,CHAIN STORE,48
  CRIMINAL TRESPASS,CHECK CASHING BUSINESS,5
  CRIMINAL TRESPASS,CHURCH,28
  CRIMINAL TRESPASS,CLOTHING/BOUTIQUE,12
  CRIMINAL TRESPASS,COMMERCIAL BUILDING,287
  CRIMINAL TRESPASS,CONSTRUCTION SITE,23
  CRIMINAL TRESPASS,DEPARTMENT STORE,8
  CRIMINAL TRESPASS,DOCTOR/DENTIST OFFICE,3
  CRIMINAL TRESPASS,DRUG STORE,24
  CRIMINAL TRESPASS,DRY CLEANER/LAUNDRY,8
  CRIMINAL TRESPASS,FACTORY/WAREHOUSE,2
  CRIMINAL TRESPASS,FAST FOOD,44
  CRIMINAL TRESPASS,FOOD SUPERMARKET,19
  CRIMINAL TRESPASS,GAS STATION,1
  CRIMINAL TRESPASS,GROCERY/BODEGA,47
  CRIMINAL TRESPASS,GYM/FITNESS FACILITY,11
  CRIMINAL TRESPASS,HIGHWAY/PARKWAY,2
  CRIMINAL TRESPASS,HOSPITAL,73
  CRIMINAL TRESPASS,HOTEL/MOTEL,186
  CRIMINAL TRESPASS,JEWELRY,1
  CRIMINAL TRESPASS,MOSQUE,2
  CRIMINAL TRESPASS,OPEN AREAS  OPEN LOTS ,4
  CRIMINAL TRESPASS,OTHER,100
  CRIMINAL TRESPASS,OTHER HOUSE OF WORSHIP,2
  CRIMINAL TRESPASS,PARK/PLAYGROUND,32
  CRIMINAL TRESPASS,PARKING LOT/GARAGE  PRIVATE ,21
  CRIMINAL TRESPASS,PARKING LOT/GARAGE  PUBLIC ,11
  CRIMINAL TRESPASS,PRIVATE/PAROCHIAL SCHOOL,14
  CRIMINAL TRESPASS,PUBLIC BUILDING,100
  CRIMINAL TRESPASS,PUBLIC SCHOOL,46
  CRIMINAL TRESPASS,RESIDENCE - APT. HOUSE,2707
  CRIMINAL TRESPASS,RESIDENCE - PUBLIC HOUSING,9742
  CRIMINAL TRESPASS,RESIDENCE-HOUSE,71
  CRIMINAL TRESPASS,RESTAURANT/DINER,64
  CRIMINAL TRESPASS,SHOE,2
  CRIMINAL TRESPASS,SMALL MERCHANT,7
  CRIMINAL TRESPASS,SOCIAL CLUB/POLICY,1
  CRIMINAL TRESPASS,STORAGE FACILITY,3
  CRIMINAL TRESPASS,STORE UNCLASSIFIED,10
  CRIMINAL TRESPASS,STREET,46
  CRIMINAL TRESPASS,SYNAGOGUE,1
  CRIMINAL TRESPASS,TAXI  LIVERY LICENSED ,1
  CRIMINAL TRESPASS,TELECOMM. STORE,2
  CRIMINAL TRESPASS,TRANSIT FACILITY  OTHER ,7
  CRIMINAL TRESPASS,VARIETY STORE,2
  CRIMINAL TRESPASS,VIDEO STORE,5
  DANGEROUS DRUGS,ABANDONED BUILDING,5
  DANGEROUS DRUGS,ATM,6
  DANGEROUS DRUGS,BANK,19
  DANGEROUS DRUGS,BAR/NIGHT CLUB,113
  DANGEROUS DRUGS,BEAUTY & NAIL SALON,6
  DANGEROUS DRUGS,BOOK/CARD,2
  DANGEROUS DRUGS,BRIDGE,29
  DANGEROUS DRUGS,BUS  NYC TRANSIT ,3
  DANGEROUS DRUGS,BUS  OTHER ,1
  DANGEROUS DRUGS,BUS STOP,13
  DANGEROUS DRUGS,BUS TERMINAL,342
  DANGEROUS DRUGS,CANDY STORE,17
  DANGEROUS DRUGS,CEMETERY,1
  DANGEROUS DRUGS,CHAIN STORE,38
  DANGEROUS DRUGS,CHECK CASHING BUSINESS,6
  DANGEROUS DRUGS,CHURCH,11
  DANGEROUS DRUGS,CLOTHING/BOUTIQUE,5
  DANGEROUS DRUGS,COMMERCIAL BUILDING,53
  DANGEROUS DRUGS,CONSTRUCTION SITE,4
  DANGEROUS DRUGS,DEPARTMENT STORE,6
  DANGEROUS DRUGS,DOCTOR/DENTIST OFFICE,4
  DANGEROUS DRUGS,DRUG STORE,22
  DANGEROUS DRUGS,DRY CLEANER/LAUNDRY,3
  DANGEROUS DRUGS,FACTORY/WAREHOUSE,3
  DANGEROUS DRUGS,FAST FOOD,42
  DANGEROUS DRUGS,FERRY/FERRY TERMINAL,1
  DANGEROUS DRUGS,FOOD SUPERMARKET,30
  DANGEROUS DRUGS,GAS STATION,3
  DANGEROUS DRUGS,GROCERY/BODEGA,99
  DANGEROUS DRUGS,GYM/FITNESS FACILITY,1
  DANGEROUS DRUGS,HIGHWAY/PARKWAY,6
  DANGEROUS DRUGS,HOSPITAL,71
  DANGEROUS DRUGS,HOTEL/MOTEL,40
  DANGEROUS DRUGS,LIQUOR STORE,5
  DANGEROUS DRUGS,LOAN COMPANY,1
  DANGEROUS DRUGS,MARINA/PIER,5
  DANGEROUS DRUGS,MOSQUE,1
  DANGEROUS DRUGS,OPEN AREAS  OPEN LOTS ,49
  DANGEROUS DRUGS,OTHER,630
  DANGEROUS DRUGS,OTHER HOUSE OF WORSHIP,1
  DANGEROUS DRUGS,PARK/PLAYGROUND,927
  DANGEROUS DRUGS,PARKING LOT/GARAGE  PRIVATE ,42
  DANGEROUS DRUGS,PARKING LOT/GARAGE  PUBLIC ,34
  DANGEROUS DRUGS,PRIVATE/PAROCHIAL SCHOOL,1
  DANGEROUS DRUGS,PUBLIC BUILDING,259
  DANGEROUS DRUGS,PUBLIC SCHOOL,37
  DANGEROUS DRUGS,RESIDENCE - APT. HOUSE,2122
  DANGEROUS DRUGS,RESIDENCE - PUBLIC HOUSING,9262
  DANGEROUS DRUGS,RESIDENCE-HOUSE,90
  DANGEROUS DRUGS,RESTAURANT/DINER,29
  DANGEROUS DRUGS,SHOE,1
  DANGEROUS DRUGS,SMALL MERCHANT,12
  DANGEROUS DRUGS,SOCIAL CLUB/POLICY,2
  DANGEROUS DRUGS,STORAGE FACILITY,1
  DANGEROUS DRUGS,STORE UNCLASSIFIED,10
  DANGEROUS DRUGS,STREET,11346
  DANGEROUS DRUGS,SYNAGOGUE,3
  DANGEROUS DRUGS,TAXI  LIVERY LICENSED ,5
  DANGEROUS DRUGS,TAXI  YELLOW LICENSED ,10
  DANGEROUS DRUGS,TELECOMM. STORE,1
  DANGEROUS DRUGS,TRANSIT - NYC SUBWAY,22
  DANGEROUS DRUGS,TRANSIT FACILITY  OTHER ,23
  DANGEROUS DRUGS,TUNNEL,7
  DANGEROUS DRUGS,VARIETY STORE,1
  DANGEROUS DRUGS,VIDEO STORE,6
  DANGEROUS WEAPONS,ABANDONED BUILDING,3
  DANGEROUS WEAPONS,BANK,8
  DANGEROUS WEAPONS,BAR/NIGHT CLUB,25
  DANGEROUS WEAPONS,BEAUTY & NAIL SALON,4
  DANGEROUS WEAPONS,BRIDGE,5
  DANGEROUS WEAPONS,BUS  NYC TRANSIT ,4
  DANGEROUS WEAPONS,BUS  OTHER ,1
  DANGEROUS WEAPONS,BUS TERMINAL,78
  DANGEROUS WEAPONS,CANDY STORE,6
  DANGEROUS WEAPONS,CHAIN STORE,8
  DANGEROUS WEAPONS,CHECK CASHING BUSINESS,2
  DANGEROUS WEAPONS,CHURCH,4
  DANGEROUS WEAPONS,CLOTHING/BOUTIQUE,5
  DANGEROUS WEAPONS,COMMERCIAL BUILDING,29
  DANGEROUS WEAPONS,DEPARTMENT STORE,7
  DANGEROUS WEAPONS,DRUG STORE,4
  DANGEROUS WEAPONS,DRY CLEANER/LAUNDRY,5
  DANGEROUS WEAPONS,FACTORY/WAREHOUSE,1
  DANGEROUS WEAPONS,FAST FOOD,24
  DANGEROUS WEAPONS,FOOD SUPERMARKET,6
  DANGEROUS WEAPONS,GAS STATION,2
  DANGEROUS WEAPONS,GROCERY/BODEGA,48
  DANGEROUS WEAPONS,GYM/FITNESS FACILITY,2
  DANGEROUS WEAPONS,HOSPITAL,9
  DANGEROUS WEAPONS,HOTEL/MOTEL,21
  DANGEROUS WEAPONS,JEWELRY,2
  DANGEROUS WEAPONS,LIQUOR STORE,1
  DANGEROUS WEAPONS,MARINA/PIER,2
  DANGEROUS WEAPONS,OPEN AREAS  OPEN LOTS ,4
  DANGEROUS WEAPONS,OTHER,94
  DANGEROUS WEAPONS,PARK/PLAYGROUND,66
  DANGEROUS WEAPONS,PARKING LOT/GARAGE  PRIVATE ,10
  DANGEROUS WEAPONS,PARKING LOT/GARAGE  PUBLIC ,5
  DANGEROUS WEAPONS,PRIVATE/PAROCHIAL SCHOOL,3
  DANGEROUS WEAPONS,PUBLIC BUILDING,37
  DANGEROUS WEAPONS,PUBLIC SCHOOL,145
  DANGEROUS WEAPONS,RESIDENCE - APT. HOUSE,566
  DANGEROUS WEAPONS,RESIDENCE - PUBLIC HOUSING,941
  DANGEROUS WEAPONS,RESIDENCE-HOUSE,14
  DANGEROUS WEAPONS,RESTAURANT/DINER,11
  DANGEROUS WEAPONS,SMALL MERCHANT,4
  DANGEROUS WEAPONS,SOCIAL CLUB/POLICY,3
  DANGEROUS WEAPONS,STORE UNCLASSIFIED,10
  DANGEROUS WEAPONS,STREET,1957
  DANGEROUS WEAPONS,TAXI  LIVERY LICENSED ,1
  DANGEROUS WEAPONS,TAXI  YELLOW LICENSED ,1
  DANGEROUS WEAPONS,TELECOMM. STORE,1
  DANGEROUS WEAPONS,TRANSIT - NYC SUBWAY,10
  DANGEROUS WEAPONS,TRANSIT FACILITY  OTHER ,11
  DANGEROUS WEAPONS,TUNNEL,4
  DANGEROUS WEAPONS,VARIETY STORE,1
  DANGEROUS WEAPONS,VIDEO STORE,1
  DISRUPTION OF A RELIGIOUS SERV,CHURCH,6
  DISRUPTION OF A RELIGIOUS SERV,MOSQUE,1
  ENDAN WELFARE INCOMP,HOSPITAL,1
  ENDAN WELFARE INCOMP,RESIDENCE - APT. HOUSE,7
  ENDAN WELFARE INCOMP,RESIDENCE - PUBLIC HOUSING,1
  ENDAN WELFARE INCOMP,STREET,2
  ESCAPE 3,HOSPITAL,1
  ESCAPE 3,OTHER,6
  ESCAPE 3,RESIDENCE - APT. HOUSE,1
  ESCAPE 3,RESIDENCE - PUBLIC HOUSING,1
  ESCAPE 3,STREET,5
  FORTUNE TELLING,STREET,1
  FRAUDS,ABANDONED BUILDING,1
  FRAUDS,ATM,17
  FRAUDS,BANK,60
  FRAUDS,BAR/NIGHT CLUB,45
  FRAUDS,BEAUTY & NAIL SALON,5
  FRAUDS,BOOK/CARD,1
  FRAUDS,BRIDGE,20
  FRAUDS,BUS  NYC TRANSIT ,3
  FRAUDS,BUS TERMINAL,41
  FRAUDS,CANDY STORE,1
  FRAUDS,CHAIN STORE,34
  FRAUDS,CHECK CASHING BUSINESS,5
  FRAUDS,CHURCH,1
  FRAUDS,CLOTHING/BOUTIQUE,5
  FRAUDS,COMMERCIAL BUILDING,136
  FRAUDS,DEPARTMENT STORE,16
  FRAUDS,DOCTOR/DENTIST OFFICE,20
  FRAUDS,DRUG STORE,12
  FRAUDS,FAST FOOD,6
  FRAUDS,FOOD SUPERMARKET,4
  FRAUDS,GAS STATION,4
  FRAUDS,GROCERY/BODEGA,14
  FRAUDS,GYM/FITNESS FACILITY,4
  FRAUDS,HIGHWAY/PARKWAY,2
  FRAUDS,HOSPITAL,16
  FRAUDS,HOTEL/MOTEL,24
  FRAUDS,JEWELRY,4
  FRAUDS,LOAN COMPANY,1
  FRAUDS,MARINA/PIER,1
  FRAUDS,OPEN AREAS  OPEN LOTS ,1
  FRAUDS,OTHER,152
  FRAUDS,PARK/PLAYGROUND,14
  FRAUDS,PARKING LOT/GARAGE  PRIVATE ,4
  FRAUDS,PARKING LOT/GARAGE  PUBLIC ,6
  FRAUDS,PRIVATE/PAROCHIAL SCHOOL,3
  FRAUDS,PUBLIC BUILDING,43
  FRAUDS,PUBLIC SCHOOL,3
  FRAUDS,RESIDENCE - APT. HOUSE,2405
  FRAUDS,RESIDENCE - PUBLIC HOUSING,440
  FRAUDS,RESIDENCE-HOUSE,82
  FRAUDS,RESTAURANT/DINER,21
  FRAUDS,SHOE,1
  FRAUDS,SMALL MERCHANT,7
  FRAUDS,SOCIAL CLUB/POLICY,1
  FRAUDS,STORE UNCLASSIFIED,6
  FRAUDS,STREET,446
  FRAUDS,SYNAGOGUE,1
  FRAUDS,TAXI  LIVERY LICENSED ,1
  FRAUDS,TAXI  YELLOW LICENSED ,1
  FRAUDS,TAXI/LIVERY  UNLICENSED ,1
  FRAUDS,TELECOMM. STORE,5
  FRAUDS,TRANSIT - NYC SUBWAY,1
  FRAUDS,TRANSIT FACILITY  OTHER ,8
  FRAUDS,TUNNEL,1
  FRAUDS,VARIETY STORE,1
  FRAUDS,VIDEO STORE,1
  FRAUDULENT ACCOSTING,ATM,4
  FRAUDULENT ACCOSTING,BANK,18
  FRAUDULENT ACCOSTING,BAR/NIGHT CLUB,3
  FRAUDULENT ACCOSTING,BEAUTY & NAIL SALON,2
  FRAUDULENT ACCOSTING,BUS TERMINAL,43
  FRAUDULENT ACCOSTING,CANDY STORE,1
  FRAUDULENT ACCOSTING,CHAIN STORE,23
  FRAUDULENT ACCOSTING,CHECK CASHING BUSINESS,2
  FRAUDULENT ACCOSTING,CLOTHING/BOUTIQUE,6
  FRAUDULENT ACCOSTING,COMMERCIAL BUILDING,41
  FRAUDULENT ACCOSTING,DEPARTMENT STORE,13
  FRAUDULENT ACCOSTING,DOCTOR/DENTIST OFFICE,1
  FRAUDULENT ACCOSTING,DRUG STORE,6
  FRAUDULENT ACCOSTING,FAST FOOD,21
  FRAUDULENT ACCOSTING,GAS STATION,2
  FRAUDULENT ACCOSTING,GROCERY/BODEGA,5
  FRAUDULENT ACCOSTING,GYM/FITNESS FACILITY,2
  FRAUDULENT ACCOSTING,HOTEL/MOTEL,15
  FRAUDULENT ACCOSTING,OPEN AREAS  OPEN LOTS ,1
  FRAUDULENT ACCOSTING,OTHER,3
  FRAUDULENT ACCOSTING,PARK/PLAYGROUND,7
  FRAUDULENT ACCOSTING,PARKING LOT/GARAGE  PUBLIC ,1
  FRAUDULENT ACCOSTING,PUBLIC BUILDING,7
  FRAUDULENT ACCOSTING,RESIDENCE - APT. HOUSE,26
  FRAUDULENT ACCOSTING,RESIDENCE - PUBLIC HOUSING,1
  FRAUDULENT ACCOSTING,RESTAURANT/DINER,27
  FRAUDULENT ACCOSTING,SMALL MERCHANT,4
  FRAUDULENT ACCOSTING,STORE UNCLASSIFIED,2
  FRAUDULENT ACCOSTING,STREET,469
  FRAUDULENT ACCOSTING,TAXI  LIVERY LICENSED ,1
  FRAUDULENT ACCOSTING,TAXI  YELLOW LICENSED ,1
  FRAUDULENT ACCOSTING,TAXI/LIVERY  UNLICENSED ,1
  FRAUDULENT ACCOSTING,TELECOMM. STORE,3
  FRAUDULENT ACCOSTING,TRANSIT FACILITY  OTHER ,9
  FRAUDULENT ACCOSTING,VIDEO STORE,2
  GAMBLING,BEAUTY & NAIL SALON,4
  GAMBLING,CANDY STORE,2
  GAMBLING,CLOTHING/BOUTIQUE,2
  GAMBLING,COMMERCIAL BUILDING,5
  GAMBLING,DRY CLEANER/LAUNDRY,1
  GAMBLING,FAST FOOD,1
  GAMBLING,GROCERY/BODEGA,13
  GAMBLING,OPEN AREAS  OPEN LOTS ,2
  GAMBLING,OTHER,15
  GAMBLING,PARK/PLAYGROUND,8
  GAMBLING,PARKING LOT/GARAGE  PUBLIC ,1
  GAMBLING,PUBLIC BUILDING,6
  GAMBLING,RESIDENCE - APT. HOUSE,21
  GAMBLING,RESIDENCE - PUBLIC HOUSING,220
  GAMBLING,RESIDENCE-HOUSE,1
  GAMBLING,RESTAURANT/DINER,1
  GAMBLING,SMALL MERCHANT,1
  GAMBLING,SOCIAL CLUB/POLICY,2
  GAMBLING,STORE UNCLASSIFIED,3
  GAMBLING,STREET,158
  GAMBLING,TELECOMM. STORE,1
  GAMBLING,VIDEO STORE,1
  INTOXICATED & IMPAIRED DRIVING,ABANDONED BUILDING,1
  INTOXICATED & IMPAIRED DRIVING,BAR/NIGHT CLUB,1
  INTOXICATED & IMPAIRED DRIVING,BRIDGE,873
  INTOXICATED & IMPAIRED DRIVING,BUS STOP,1
  INTOXICATED & IMPAIRED DRIVING,BUS TERMINAL,12
  INTOXICATED & IMPAIRED DRIVING,CHURCH,1
  INTOXICATED & IMPAIRED DRIVING,GAS STATION,4
  INTOXICATED & IMPAIRED DRIVING,HIGHWAY/PARKWAY,41
  INTOXICATED & IMPAIRED DRIVING,HOSPITAL,1
  INTOXICATED & IMPAIRED DRIVING,OPEN AREAS  OPEN LOTS ,2
  INTOXICATED & IMPAIRED DRIVING,OTHER,16
  INTOXICATED & IMPAIRED DRIVING,PARK/PLAYGROUND,15
  INTOXICATED & IMPAIRED DRIVING,PARKING LOT/GARAGE  PRIVATE ,8
  INTOXICATED & IMPAIRED DRIVING,PARKING LOT/GARAGE  PUBLIC ,10
  INTOXICATED & IMPAIRED DRIVING,PUBLIC BUILDING,3
  INTOXICATED & IMPAIRED DRIVING,RESIDENCE - APT. HOUSE,14
  INTOXICATED & IMPAIRED DRIVING,RESIDENCE - PUBLIC HOUSING,73
  INTOXICATED & IMPAIRED DRIVING,RESIDENCE-HOUSE,7
  INTOXICATED & IMPAIRED DRIVING,RESTAURANT/DINER,2
  INTOXICATED & IMPAIRED DRIVING,SOCIAL CLUB/POLICY,1
  INTOXICATED & IMPAIRED DRIVING,STREET,2300
  INTOXICATED & IMPAIRED DRIVING,TAXI  LIVERY LICENSED ,2
  INTOXICATED & IMPAIRED DRIVING,TRANSIT FACILITY  OTHER ,10
  INTOXICATED & IMPAIRED DRIVING,TUNNEL,16
  JOSTLING,BAR/NIGHT CLUB,7
  JOSTLING,BUS TERMINAL,2
  JOSTLING,CLOTHING/BOUTIQUE,6
  JOSTLING,DEPARTMENT STORE,1
  JOSTLING,FAST FOOD,2
  JOSTLING,FOOD SUPERMARKET,1
  JOSTLING,HOTEL/MOTEL,1
  JOSTLING,PARK/PLAYGROUND,1
  JOSTLING,RESTAURANT/DINER,4
  JOSTLING,SHOE,1
  JOSTLING,STREET,23
  JOSTLING,TRANSIT FACILITY  OTHER ,2
  LOITERING FOR DRUG PURPOSES,RESIDENCE - APT. HOUSE,1
  LOITERING FOR DRUG PURPOSES,RESIDENCE - PUBLIC HOUSING,1
  LOITERING FOR DRUG PURPOSES,STREET,1
  NEW YORK CITY HEALTH CODE,RESIDENCE - PUBLIC HOUSING,2
  NEW YORK CITY HEALTH CODE,STREET,10
  OFF. AGNST PUB ORD SENSBLTY &,ABANDONED BUILDING,2
  OFF. AGNST PUB ORD SENSBLTY &,ATM,1
  OFF. AGNST PUB ORD SENSBLTY &,BANK,142
  OFF. AGNST PUB ORD SENSBLTY &,BAR/NIGHT CLUB,169
  OFF. AGNST PUB ORD SENSBLTY &,BEAUTY & NAIL SALON,139
  OFF. AGNST PUB ORD SENSBLTY &,BOOK/CARD,12
  OFF. AGNST PUB ORD SENSBLTY &,BUS  NYC TRANSIT ,8
  OFF. AGNST PUB ORD SENSBLTY &,BUS  OTHER ,1
  OFF. AGNST PUB ORD SENSBLTY &,BUS STOP,2
  OFF. AGNST PUB ORD SENSBLTY &,BUS TERMINAL,30
  OFF. AGNST PUB ORD SENSBLTY &,CANDY STORE,7
  OFF. AGNST PUB ORD SENSBLTY &,CHAIN STORE,210
  OFF. AGNST PUB ORD SENSBLTY &,CHECK CASHING BUSINESS,12
  OFF. AGNST PUB ORD SENSBLTY &,CHURCH,86
  OFF. AGNST PUB ORD SENSBLTY &,CLOTHING/BOUTIQUE,152
  OFF. AGNST PUB ORD SENSBLTY &,COMMERCIAL BUILDING,3299
  OFF. AGNST PUB ORD SENSBLTY &,CONSTRUCTION SITE,19
  OFF. AGNST PUB ORD SENSBLTY &,DEPARTMENT STORE,129
  OFF. AGNST PUB ORD SENSBLTY &,DOCTOR/DENTIST OFFICE,338
  OFF. AGNST PUB ORD SENSBLTY &,DRUG STORE,62
  OFF. AGNST PUB ORD SENSBLTY &,DRY CLEANER/LAUNDRY,28
  OFF. AGNST PUB ORD SENSBLTY &,FACTORY/WAREHOUSE,9
  OFF. AGNST PUB ORD SENSBLTY &,FAST FOOD,89
  OFF. AGNST PUB ORD SENSBLTY &,FOOD SUPERMARKET,50
  OFF. AGNST PUB ORD SENSBLTY &,GAS STATION,6
  OFF. AGNST PUB ORD SENSBLTY &,GROCERY/BODEGA,97
  OFF. AGNST PUB ORD SENSBLTY &,GYM/FITNESS FACILITY,99
  OFF. AGNST PUB ORD SENSBLTY &,HIGHWAY/PARKWAY,1
  OFF. AGNST PUB ORD SENSBLTY &,HOSPITAL,571
  OFF. AGNST PUB ORD SENSBLTY &,HOTEL/MOTEL,390
  OFF. AGNST PUB ORD SENSBLTY &,JEWELRY,46
  OFF. AGNST PUB ORD SENSBLTY &,LIQUOR STORE,8
  OFF. AGNST PUB ORD SENSBLTY &,LOAN COMPANY,2
  OFF. AGNST PUB ORD SENSBLTY &,MARINA/PIER,2
  OFF. AGNST PUB ORD SENSBLTY &,MOSQUE,2
  OFF. AGNST PUB ORD SENSBLTY &,OPEN AREAS  OPEN LOTS ,11
  OFF. AGNST PUB ORD SENSBLTY &,OTHER,1004
  OFF. AGNST PUB ORD SENSBLTY &,OTHER HOUSE OF WORSHIP,6
  OFF. AGNST PUB ORD SENSBLTY &,PARK/PLAYGROUND,31
  OFF. AGNST PUB ORD SENSBLTY &,PARKING LOT/GARAGE  PRIVATE ,21
  OFF. AGNST PUB ORD SENSBLTY &,PARKING LOT/GARAGE  PUBLIC ,23
  OFF. AGNST PUB ORD SENSBLTY &,PHOTO/COPY,8
  OFF. AGNST PUB ORD SENSBLTY &,PRIVATE/PAROCHIAL SCHOOL,101
  OFF. AGNST PUB ORD SENSBLTY &,PUBLIC BUILDING,259
  OFF. AGNST PUB ORD SENSBLTY &,PUBLIC SCHOOL,379
  OFF. AGNST PUB ORD SENSBLTY &,RESIDENCE - APT. HOUSE,16371
  OFF. AGNST PUB ORD SENSBLTY &,RESIDENCE - PUBLIC HOUSING,4202
  OFF. AGNST PUB ORD SENSBLTY &,RESIDENCE-HOUSE,503
  OFF. AGNST PUB ORD SENSBLTY &,RESTAURANT/DINER,462
  OFF. AGNST PUB ORD SENSBLTY &,SHOE,14
  OFF. AGNST PUB ORD SENSBLTY &,SMALL MERCHANT,104
  OFF. AGNST PUB ORD SENSBLTY &,SOCIAL CLUB/POLICY,22
  OFF. AGNST PUB ORD SENSBLTY &,STORAGE FACILITY,10
  OFF. AGNST PUB ORD SENSBLTY &,STORE UNCLASSIFIED,84
  OFF. AGNST PUB ORD SENSBLTY &,STREET,1075
  OFF. AGNST PUB ORD SENSBLTY &,SYNAGOGUE,25
  OFF. AGNST PUB ORD SENSBLTY &,TAXI  LIVERY LICENSED ,1
  OFF. AGNST PUB ORD SENSBLTY &,TAXI  YELLOW LICENSED ,3
  OFF. AGNST PUB ORD SENSBLTY &,TELECOMM. STORE,29
  OFF. AGNST PUB ORD SENSBLTY &,TRANSIT - NYC SUBWAY,2
  OFF. AGNST PUB ORD SENSBLTY &,TRANSIT FACILITY  OTHER ,16
  OFF. AGNST PUB ORD SENSBLTY &,VARIETY STORE,17
  OFF. AGNST PUB ORD SENSBLTY &,VIDEO STORE,8
  OFFENSES AGAINST PUBLIC ADMINI,ABANDONED BUILDING,3
  OFFENSES AGAINST PUBLIC ADMINI,ATM,2
  OFFENSES AGAINST PUBLIC ADMINI,BANK,18
  OFFENSES AGAINST PUBLIC ADMINI,BAR/NIGHT CLUB,112
  OFFENSES AGAINST PUBLIC ADMINI,BEAUTY & NAIL SALON,18
  OFFENSES AGAINST PUBLIC ADMINI,BOOK/CARD,5
  OFFENSES AGAINST PUBLIC ADMINI,BRIDGE,14
  OFFENSES AGAINST PUBLIC ADMINI,BUS  NYC TRANSIT ,5
  OFFENSES AGAINST PUBLIC ADMINI,BUS  OTHER ,2
  OFFENSES AGAINST PUBLIC ADMINI,BUS STOP,8
  OFFENSES AGAINST PUBLIC ADMINI,BUS TERMINAL,349
  OFFENSES AGAINST PUBLIC ADMINI,CANDY STORE,6
  OFFENSES AGAINST PUBLIC ADMINI,CHAIN STORE,45
  OFFENSES AGAINST PUBLIC ADMINI,CHECK CASHING BUSINESS,3
  OFFENSES AGAINST PUBLIC ADMINI,CHURCH,19
  OFFENSES AGAINST PUBLIC ADMINI,CLOTHING/BOUTIQUE,8
  OFFENSES AGAINST PUBLIC ADMINI,COMMERCIAL BUILDING,191
  OFFENSES AGAINST PUBLIC ADMINI,CONSTRUCTION SITE,1
  OFFENSES AGAINST PUBLIC ADMINI,DEPARTMENT STORE,14
  OFFENSES AGAINST PUBLIC ADMINI,DOCTOR/DENTIST OFFICE,22
  OFFENSES AGAINST PUBLIC ADMINI,DRUG STORE,12
  OFFENSES AGAINST PUBLIC ADMINI,DRY CLEANER/LAUNDRY,6
  OFFENSES AGAINST PUBLIC ADMINI,FAST FOOD,42
  OFFENSES AGAINST PUBLIC ADMINI,FERRY/FERRY TERMINAL,1
  OFFENSES AGAINST PUBLIC ADMINI,FOOD SUPERMARKET,10
  OFFENSES AGAINST PUBLIC ADMINI,GAS STATION,4
  OFFENSES AGAINST PUBLIC ADMINI,GROCERY/BODEGA,60
  OFFENSES AGAINST PUBLIC ADMINI,GYM/FITNESS FACILITY,4
  OFFENSES AGAINST PUBLIC ADMINI,HIGHWAY/PARKWAY,1
  OFFENSES AGAINST PUBLIC ADMINI,HOSPITAL,93
  OFFENSES AGAINST PUBLIC ADMINI,HOTEL/MOTEL,42
  OFFENSES AGAINST PUBLIC ADMINI,JEWELRY,2
  OFFENSES AGAINST PUBLIC ADMINI,LIQUOR STORE,2
  OFFENSES AGAINST PUBLIC ADMINI,MARINA/PIER,9
  OFFENSES AGAINST PUBLIC ADMINI,OPEN AREAS  OPEN LOTS ,5
  OFFENSES AGAINST PUBLIC ADMINI,OTHER,268
  OFFENSES AGAINST PUBLIC ADMINI,OTHER HOUSE OF WORSHIP,2
  OFFENSES AGAINST PUBLIC ADMINI,PARK/PLAYGROUND,63
  OFFENSES AGAINST PUBLIC ADMINI,PARKING LOT/GARAGE  PRIVATE ,6
  OFFENSES AGAINST PUBLIC ADMINI,PARKING LOT/GARAGE  PUBLIC ,12
  OFFENSES AGAINST PUBLIC ADMINI,PRIVATE/PAROCHIAL SCHOOL,9
  OFFENSES AGAINST PUBLIC ADMINI,PUBLIC BUILDING,111
  OFFENSES AGAINST PUBLIC ADMINI,PUBLIC SCHOOL,95
  OFFENSES AGAINST PUBLIC ADMINI,RESIDENCE - APT. HOUSE,2821
  OFFENSES AGAINST PUBLIC ADMINI,RESIDENCE - PUBLIC HOUSING,2657
  OFFENSES AGAINST PUBLIC ADMINI,RESIDENCE-HOUSE,58
  OFFENSES AGAINST PUBLIC ADMINI,RESTAURANT/DINER,117
  OFFENSES AGAINST PUBLIC ADMINI,SHOE,3
  OFFENSES AGAINST PUBLIC ADMINI,SMALL MERCHANT,8
  OFFENSES AGAINST PUBLIC ADMINI,SOCIAL CLUB/POLICY,10
  OFFENSES AGAINST PUBLIC ADMINI,STORE UNCLASSIFIED,17
  OFFENSES AGAINST PUBLIC ADMINI,STREET,2895
  OFFENSES AGAINST PUBLIC ADMINI,TAXI  LIVERY LICENSED ,6
  OFFENSES AGAINST PUBLIC ADMINI,TAXI  YELLOW LICENSED ,16
  OFFENSES AGAINST PUBLIC ADMINI,TELECOMM. STORE,1
  OFFENSES AGAINST PUBLIC ADMINI,TRANSIT - NYC SUBWAY,12
  OFFENSES AGAINST PUBLIC ADMINI,TRANSIT FACILITY  OTHER ,32
  OFFENSES AGAINST PUBLIC ADMINI,TUNNEL,1
  OFFENSES AGAINST PUBLIC ADMINI,VARIETY STORE,4
  OFFENSES AGAINST PUBLIC SAFETY,BEAUTY & NAIL SALON,1
  OFFENSES AGAINST PUBLIC SAFETY,COMMERCIAL BUILDING,1
  OFFENSES AGAINST PUBLIC SAFETY,FOOD SUPERMARKET,2
  OFFENSES AGAINST PUBLIC SAFETY,PUBLIC BUILDING,1
  OFFENSES AGAINST PUBLIC SAFETY,PUBLIC SCHOOL,1
  OFFENSES AGAINST PUBLIC SAFETY,RESIDENCE - APT. HOUSE,4
  OFFENSES AGAINST PUBLIC SAFETY,RESIDENCE - PUBLIC HOUSING,8
  OFFENSES AGAINST PUBLIC SAFETY,RESIDENCE-HOUSE,1
  OFFENSES AGAINST PUBLIC SAFETY,STREET,39
  OFFENSES AGAINST THE PERSON,BANK,2
  OFFENSES AGAINST THE PERSON,BAR/NIGHT CLUB,25
  OFFENSES AGAINST THE PERSON,BEAUTY & NAIL SALON,1
  OFFENSES AGAINST THE PERSON,BOOK/CARD,1
  OFFENSES AGAINST THE PERSON,BRIDGE,2
  OFFENSES AGAINST THE PERSON,BUS  OTHER ,1
  OFFENSES AGAINST THE PERSON,BUS TERMINAL,11
  OFFENSES AGAINST THE PERSON,CHAIN STORE,6
  OFFENSES AGAINST THE PERSON,CLOTHING/BOUTIQUE,2
  OFFENSES AGAINST THE PERSON,COMMERCIAL BUILDING,18
  OFFENSES AGAINST THE PERSON,CONSTRUCTION SITE,1
  OFFENSES AGAINST THE PERSON,DEPARTMENT STORE,2
  OFFENSES AGAINST THE PERSON,DOCTOR/DENTIST OFFICE,3
  OFFENSES AGAINST THE PERSON,DRUG STORE,1
  OFFENSES AGAINST THE PERSON,DRY CLEANER/LAUNDRY,4
  OFFENSES AGAINST THE PERSON,FAST FOOD,2
  OFFENSES AGAINST THE PERSON,FOOD SUPERMARKET,4
  OFFENSES AGAINST THE PERSON,GAS STATION,1
  OFFENSES AGAINST THE PERSON,GROCERY/BODEGA,9
  OFFENSES AGAINST THE PERSON,HIGHWAY/PARKWAY,1
  OFFENSES AGAINST THE PERSON,HOSPITAL,3
  OFFENSES AGAINST THE PERSON,HOTEL/MOTEL,16
  OFFENSES AGAINST THE PERSON,JEWELRY,2
  OFFENSES AGAINST THE PERSON,LIQUOR STORE,1
  OFFENSES AGAINST THE PERSON,OTHER,35
  OFFENSES AGAINST THE PERSON,PARK/PLAYGROUND,8
  OFFENSES AGAINST THE PERSON,PARKING LOT/GARAGE  PRIVATE ,1
  OFFENSES AGAINST THE PERSON,PARKING LOT/GARAGE  PUBLIC ,3
  OFFENSES AGAINST THE PERSON,PRIVATE/PAROCHIAL SCHOOL,3
  OFFENSES AGAINST THE PERSON,PUBLIC BUILDING,10
  OFFENSES AGAINST THE PERSON,PUBLIC SCHOOL,20
  OFFENSES AGAINST THE PERSON,RESIDENCE - APT. HOUSE,260
  OFFENSES AGAINST THE PERSON,RESIDENCE - PUBLIC HOUSING,188
  OFFENSES AGAINST THE PERSON,RESIDENCE-HOUSE,5
  OFFENSES AGAINST THE PERSON,RESTAURANT/DINER,22
  OFFENSES AGAINST THE PERSON,SOCIAL CLUB/POLICY,1
  OFFENSES AGAINST THE PERSON,STORAGE FACILITY,1
  OFFENSES AGAINST THE PERSON,STORE UNCLASSIFIED,2
  OFFENSES AGAINST THE PERSON,STREET,342
  OFFENSES AGAINST THE PERSON,SYNAGOGUE,1
  OFFENSES AGAINST THE PERSON,TAXI  LIVERY LICENSED ,1
  OFFENSES AGAINST THE PERSON,TAXI  YELLOW LICENSED ,3
  OFFENSES AGAINST THE PERSON,TAXI/LIVERY  UNLICENSED ,1
  OFFENSES AGAINST THE PERSON,TELECOMM. STORE,1
  OFFENSES AGAINST THE PERSON,TRANSIT - NYC SUBWAY,2
  OFFENSES AGAINST THE PERSON,TRANSIT FACILITY  OTHER ,2
  OFFENSES INVOLVING FRAUD,ATM,1
  OFFENSES INVOLVING FRAUD,BANK,32
  OFFENSES INVOLVING FRAUD,BAR/NIGHT CLUB,70
  OFFENSES INVOLVING FRAUD,BEAUTY & NAIL SALON,4
  OFFENSES INVOLVING FRAUD,BOOK/CARD,1
  OFFENSES INVOLVING FRAUD,BRIDGE,2
  OFFENSES INVOLVING FRAUD,BUS TERMINAL,19
  OFFENSES INVOLVING FRAUD,CANDY STORE,3
  OFFENSES INVOLVING FRAUD,CHAIN STORE,8
  OFFENSES INVOLVING FRAUD,CHECK CASHING BUSINESS,16
  OFFENSES INVOLVING FRAUD,CLOTHING/BOUTIQUE,24
  OFFENSES INVOLVING FRAUD,COMMERCIAL BUILDING,183
  OFFENSES INVOLVING FRAUD,DEPARTMENT STORE,10
  OFFENSES INVOLVING FRAUD,DOCTOR/DENTIST OFFICE,3
  OFFENSES INVOLVING FRAUD,DRUG STORE,6
  OFFENSES INVOLVING FRAUD,DRY CLEANER/LAUNDRY,2
  OFFENSES INVOLVING FRAUD,FACTORY/WAREHOUSE,1
  OFFENSES INVOLVING FRAUD,FAST FOOD,17
  OFFENSES INVOLVING FRAUD,FOOD SUPERMARKET,2
  OFFENSES INVOLVING FRAUD,GROCERY/BODEGA,21
  OFFENSES INVOLVING FRAUD,HIGHWAY/PARKWAY,2
  OFFENSES INVOLVING FRAUD,HOTEL/MOTEL,4
  OFFENSES INVOLVING FRAUD,JEWELRY,16
  OFFENSES INVOLVING FRAUD,LOAN COMPANY,1
  OFFENSES INVOLVING FRAUD,OTHER,24
  OFFENSES INVOLVING FRAUD,PARK/PLAYGROUND,2
  OFFENSES INVOLVING FRAUD,PARKING LOT/GARAGE  PRIVATE ,2
  OFFENSES INVOLVING FRAUD,PARKING LOT/GARAGE  PUBLIC ,1
  OFFENSES INVOLVING FRAUD,PUBLIC BUILDING,7
  OFFENSES INVOLVING FRAUD,RESIDENCE - APT. HOUSE,41
  OFFENSES INVOLVING FRAUD,RESIDENCE - PUBLIC HOUSING,25
  OFFENSES INVOLVING FRAUD,RESIDENCE-HOUSE,1
  OFFENSES INVOLVING FRAUD,RESTAURANT/DINER,20
  OFFENSES INVOLVING FRAUD,SHOE,2
  OFFENSES INVOLVING FRAUD,SMALL MERCHANT,315
  OFFENSES INVOLVING FRAUD,STORE UNCLASSIFIED,20
  OFFENSES INVOLVING FRAUD,STREET,925
  OFFENSES INVOLVING FRAUD,TELECOMM. STORE,3
  OFFENSES INVOLVING FRAUD,TRANSIT - NYC SUBWAY,1
  OFFENSES INVOLVING FRAUD,TRANSIT FACILITY  OTHER ,2
  OFFENSES INVOLVING FRAUD,VARIETY STORE,14
  OFFENSES INVOLVING FRAUD,VIDEO STORE,1
  OFFENSES RELATED TO CHILDREN,BAR/NIGHT CLUB,12
  OFFENSES RELATED TO CHILDREN,BEAUTY & NAIL SALON,1
  OFFENSES RELATED TO CHILDREN,BUS TERMINAL,1
  OFFENSES RELATED TO CHILDREN,CHAIN STORE,1
  OFFENSES RELATED TO CHILDREN,CHECK CASHING BUSINESS,1
  OFFENSES RELATED TO CHILDREN,COMMERCIAL BUILDING,4
  OFFENSES RELATED TO CHILDREN,GROCERY/BODEGA,5
  OFFENSES RELATED TO CHILDREN,HOSPITAL,1
  OFFENSES RELATED TO CHILDREN,HOTEL/MOTEL,1
  OFFENSES RELATED TO CHILDREN,JEWELRY,1
  OFFENSES RELATED TO CHILDREN,LIQUOR STORE,2
  OFFENSES RELATED TO CHILDREN,OTHER,2
  OFFENSES RELATED TO CHILDREN,PARKING LOT/GARAGE  PUBLIC ,1
  OFFENSES RELATED TO CHILDREN,RESIDENCE - APT. HOUSE,6
  OFFENSES RELATED TO CHILDREN,RESIDENCE - PUBLIC HOUSING,5
  OFFENSES RELATED TO CHILDREN,RESTAURANT/DINER,1
  OFFENSES RELATED TO CHILDREN,STORE UNCLASSIFIED,1
  OFFENSES RELATED TO CHILDREN,STREET,4
  OTHER OFFENSES RELATED TO THEF,ATM,1
  OTHER OFFENSES RELATED TO THEF,BANK,1
  OTHER OFFENSES RELATED TO THEF,BAR/NIGHT CLUB,98
  OTHER OFFENSES RELATED TO THEF,BEAUTY & NAIL SALON,39
  OTHER OFFENSES RELATED TO THEF,BUS  NYC TRANSIT ,3
  OTHER OFFENSES RELATED TO THEF,BUS  OTHER ,3
  OTHER OFFENSES RELATED TO THEF,BUS STOP,1
  OTHER OFFENSES RELATED TO THEF,BUS TERMINAL,4
  OTHER OFFENSES RELATED TO THEF,CANDY STORE,1
  OTHER OFFENSES RELATED TO THEF,CHAIN STORE,6
  OTHER OFFENSES RELATED TO THEF,CHECK CASHING BUSINESS,2
  OTHER OFFENSES RELATED TO THEF,CLOTHING/BOUTIQUE,2
  OTHER OFFENSES RELATED TO THEF,COMMERCIAL BUILDING,53
  OTHER OFFENSES RELATED TO THEF,DEPARTMENT STORE,1
  OTHER OFFENSES RELATED TO THEF,DOCTOR/DENTIST OFFICE,9
  OTHER OFFENSES RELATED TO THEF,DRUG STORE,2
  OTHER OFFENSES RELATED TO THEF,DRY CLEANER/LAUNDRY,5
  OTHER OFFENSES RELATED TO THEF,FAST FOOD,5
  OTHER OFFENSES RELATED TO THEF,FOOD SUPERMARKET,1
  OTHER OFFENSES RELATED TO THEF,GAS STATION,20
  OTHER OFFENSES RELATED TO THEF,GROCERY/BODEGA,3
  OTHER OFFENSES RELATED TO THEF,GYM/FITNESS FACILITY,1
  OTHER OFFENSES RELATED TO THEF,HOSPITAL,1
  OTHER OFFENSES RELATED TO THEF,HOTEL/MOTEL,47
  OTHER OFFENSES RELATED TO THEF,JEWELRY,1
  OTHER OFFENSES RELATED TO THEF,OPEN AREAS  OPEN LOTS ,3
  OTHER OFFENSES RELATED TO THEF,OTHER,30
  OTHER OFFENSES RELATED TO THEF,PARK/PLAYGROUND,1
  OTHER OFFENSES RELATED TO THEF,PARKING LOT/GARAGE  PRIVATE ,21
  OTHER OFFENSES RELATED TO THEF,PARKING LOT/GARAGE  PUBLIC ,18
  OTHER OFFENSES RELATED TO THEF,PUBLIC BUILDING,4
  OTHER OFFENSES RELATED TO THEF,PUBLIC SCHOOL,1
  OTHER OFFENSES RELATED TO THEF,RESIDENCE - APT. HOUSE,52
  OTHER OFFENSES RELATED TO THEF,RESIDENCE - PUBLIC HOUSING,104
  OTHER OFFENSES RELATED TO THEF,RESIDENCE-HOUSE,4
  OTHER OFFENSES RELATED TO THEF,RESTAURANT/DINER,267
  OTHER OFFENSES RELATED TO THEF,SMALL MERCHANT,15
  OTHER OFFENSES RELATED TO THEF,SOCIAL CLUB/POLICY,2
  OTHER OFFENSES RELATED TO THEF,STORAGE FACILITY,7
  OTHER OFFENSES RELATED TO THEF,STORE UNCLASSIFIED,14
  OTHER OFFENSES RELATED TO THEF,STREET,325
  OTHER OFFENSES RELATED TO THEF,SYNAGOGUE,1
  OTHER OFFENSES RELATED TO THEF,TAXI  LIVERY LICENSED ,54
  OTHER OFFENSES RELATED TO THEF,TAXI  YELLOW LICENSED ,140
  OTHER OFFENSES RELATED TO THEF,TAXI/LIVERY  UNLICENSED ,8
  OTHER OFFENSES RELATED TO THEF,TRANSIT FACILITY  OTHER ,1
  OTHER OFFENSES RELATED TO THEF,TUNNEL,1
  OTHER OFFENSES RELATED TO THEF,VIDEO STORE,2
  OTHER STATE LAWS  NON PENAL LA,BANK,1
  OTHER STATE LAWS  NON PENAL LA,BAR/NIGHT CLUB,2
  OTHER STATE LAWS  NON PENAL LA,BUS TERMINAL,4
  OTHER STATE LAWS  NON PENAL LA,CANDY STORE,7
  OTHER STATE LAWS  NON PENAL LA,CHAIN STORE,1
  OTHER STATE LAWS  NON PENAL LA,CHECK CASHING BUSINESS,1
  OTHER STATE LAWS  NON PENAL LA,COMMERCIAL BUILDING,11
  OTHER STATE LAWS  NON PENAL LA,DOCTOR/DENTIST OFFICE,1
  OTHER STATE LAWS  NON PENAL LA,FAST FOOD,6
  OTHER STATE LAWS  NON PENAL LA,FOOD SUPERMARKET,4
  OTHER STATE LAWS  NON PENAL LA,GROCERY/BODEGA,24
  OTHER STATE LAWS  NON PENAL LA,GYM/FITNESS FACILITY,1
  OTHER STATE LAWS  NON PENAL LA,HOSPITAL,1
  OTHER STATE LAWS  NON PENAL LA,OPEN AREAS  OPEN LOTS ,1
  OTHER STATE LAWS  NON PENAL LA,OTHER,18
  OTHER STATE LAWS  NON PENAL LA,PARK/PLAYGROUND,12
  OTHER STATE LAWS  NON PENAL LA,PRIVATE/PAROCHIAL SCHOOL,1
  OTHER STATE LAWS  NON PENAL LA,PUBLIC BUILDING,32
  OTHER STATE LAWS  NON PENAL LA,RESIDENCE - APT. HOUSE,34
  OTHER STATE LAWS  NON PENAL LA,RESIDENCE - PUBLIC HOUSING,27
  OTHER STATE LAWS  NON PENAL LA,RESIDENCE-HOUSE,14
  OTHER STATE LAWS  NON PENAL LA,RESTAURANT/DINER,7
  OTHER STATE LAWS  NON PENAL LA,SMALL MERCHANT,1
  OTHER STATE LAWS  NON PENAL LA,STORE UNCLASSIFIED,1
  OTHER STATE LAWS  NON PENAL LA,STREET,285
  OTHER STATE LAWS  NON PENAL LA,TRANSIT FACILITY  OTHER ,1
  OTHER STATE LAWS  NON PENAL LA,VARIETY STORE,2
  OTHER STATE LAWS  NON PENAL LAW ,BAR/NIGHT CLUB,1
  OTHER STATE LAWS  NON PENAL LAW ,RESIDENCE - APT. HOUSE,1
  PETIT LARCENY,ABANDONED BUILDING,8
  PETIT LARCENY,AIRPORT TERMINAL,1
  PETIT LARCENY,ATM,210
  PETIT LARCENY,BANK,641
  PETIT LARCENY,BAR/NIGHT CLUB,2836
  PETIT LARCENY,BEAUTY & NAIL SALON,475
  PETIT LARCENY,BOOK/CARD,287
  PETIT LARCENY,BRIDGE,4
  PETIT LARCENY,BUS  NYC TRANSIT ,17
  PETIT LARCENY,BUS  OTHER ,33
  PETIT LARCENY,BUS STOP,8
  PETIT LARCENY,BUS TERMINAL,483
  PETIT LARCENY,CANDY STORE,311
  PETIT LARCENY,CEMETERY,4
  PETIT LARCENY,CHAIN STORE,18885
  PETIT LARCENY,CHECK CASHING BUSINESS,173
  PETIT LARCENY,CHURCH,342
  PETIT LARCENY,CLOTHING/BOUTIQUE,8314
  PETIT LARCENY,COMMERCIAL BUILDING,7566
  PETIT LARCENY,CONSTRUCTION SITE,205
  PETIT LARCENY,DEPARTMENT STORE,14137
  PETIT LARCENY,DOCTOR/DENTIST OFFICE,496
  PETIT LARCENY,DRUG STORE,8238
  PETIT LARCENY,DRY CLEANER/LAUNDRY,295
  PETIT LARCENY,FACTORY/WAREHOUSE,40
  PETIT LARCENY,FAST FOOD,1218
  PETIT LARCENY,FERRY/FERRY TERMINAL,1
  PETIT LARCENY,FOOD SUPERMARKET,3344
  PETIT LARCENY,GAS STATION,191
  PETIT LARCENY,GROCERY/BODEGA,2298
  PETIT LARCENY,GYM/FITNESS FACILITY,1927
  PETIT LARCENY,HIGHWAY/PARKWAY,1
  PETIT LARCENY,HOSPITAL,1166
  PETIT LARCENY,HOTEL/MOTEL,2641
  PETIT LARCENY,JEWELRY,150
  PETIT LARCENY,LIQUOR STORE,205
  PETIT LARCENY,LOAN COMPANY,6
  PETIT LARCENY,MARINA/PIER,35
  PETIT LARCENY,MOSQUE,29
  PETIT LARCENY,OPEN AREAS  OPEN LOTS ,111
  PETIT LARCENY,OTHER,2698
  PETIT LARCENY,OTHER HOUSE OF WORSHIP,9
  PETIT LARCENY,PARK/PLAYGROUND,464
  PETIT LARCENY,PARKING LOT/GARAGE  PRIVATE ,579
  PETIT LARCENY,PARKING LOT/GARAGE  PUBLIC ,624
  PETIT LARCENY,PHOTO/COPY,77
  PETIT LARCENY,PRIVATE/PAROCHIAL SCHOOL,294
  PETIT LARCENY,PUBLIC BUILDING,852
  PETIT LARCENY,PUBLIC SCHOOL,1751
  PETIT LARCENY,RESIDENCE - APT. HOUSE,11620
  PETIT LARCENY,RESIDENCE - PUBLIC HOUSING,3181
  PETIT LARCENY,RESIDENCE-HOUSE,367
  PETIT LARCENY,RESTAURANT/DINER,4020
  PETIT LARCENY,SHOE,519
  PETIT LARCENY,SMALL MERCHANT,908
  PETIT LARCENY,SOCIAL CLUB/POLICY,126
  PETIT LARCENY,STORAGE FACILITY,81
  PETIT LARCENY,STORE UNCLASSIFIED,1089
  PETIT LARCENY,STREET,21565
  PETIT LARCENY,SYNAGOGUE,44
  PETIT LARCENY,TAXI  LIVERY LICENSED ,66
  PETIT LARCENY,TAXI  YELLOW LICENSED ,169
  PETIT LARCENY,TAXI/LIVERY  UNLICENSED ,16
  PETIT LARCENY,TELECOMM. STORE,1081
  PETIT LARCENY,TRANSIT - NYC SUBWAY,25
  PETIT LARCENY,TRANSIT FACILITY  OTHER ,62
  PETIT LARCENY,TUNNEL,18
  PETIT LARCENY,VARIETY STORE,320
  PETIT LARCENY,VIDEO STORE,143
  PETIT LARCENY OF MOTOR VEHICLE,OPEN AREAS  OPEN LOTS ,1
  PETIT LARCENY OF MOTOR VEHICLE,OTHER,1
  PETIT LARCENY OF MOTOR VEHICLE,PARK/PLAYGROUND,1
  PETIT LARCENY OF MOTOR VEHICLE,PARKING LOT/GARAGE  PRIVATE ,2
  PETIT LARCENY OF MOTOR VEHICLE,PARKING LOT/GARAGE  PUBLIC ,2
  PETIT LARCENY OF MOTOR VEHICLE,PUBLIC BUILDING,1
  PETIT LARCENY OF MOTOR VEHICLE,RESIDENCE - APT. HOUSE,1
  PETIT LARCENY OF MOTOR VEHICLE,RESIDENCE - PUBLIC HOUSING,4
  PETIT LARCENY OF MOTOR VEHICLE,STORAGE FACILITY,1
  PETIT LARCENY OF MOTOR VEHICLE,STREET,86
  POSSESSION OF STOLEN PROPERTY,ATM,1
  POSSESSION OF STOLEN PROPERTY,BANK,4
  POSSESSION OF STOLEN PROPERTY,BAR/NIGHT CLUB,25
  POSSESSION OF STOLEN PROPERTY,BEAUTY & NAIL SALON,6
  POSSESSION OF STOLEN PROPERTY,BOOK/CARD,5
  POSSESSION OF STOLEN PROPERTY,BRIDGE,16
  POSSESSION OF STOLEN PROPERTY,BUS STOP,1
  POSSESSION OF STOLEN PROPERTY,BUS TERMINAL,8
  POSSESSION OF STOLEN PROPERTY,CANDY STORE,15
  POSSESSION OF STOLEN PROPERTY,CEMETERY,1
  POSSESSION OF STOLEN PROPERTY,CHAIN STORE,364
  POSSESSION OF STOLEN PROPERTY,CHECK CASHING BUSINESS,5
  POSSESSION OF STOLEN PROPERTY,CHURCH,1
  POSSESSION OF STOLEN PROPERTY,CLOTHING/BOUTIQUE,120
  POSSESSION OF STOLEN PROPERTY,COMMERCIAL BUILDING,85
  POSSESSION OF STOLEN PROPERTY,CONSTRUCTION SITE,3
  POSSESSION OF STOLEN PROPERTY,DEPARTMENT STORE,164
  POSSESSION OF STOLEN PROPERTY,DOCTOR/DENTIST OFFICE,3
  POSSESSION OF STOLEN PROPERTY,DRUG STORE,201
  POSSESSION OF STOLEN PROPERTY,DRY CLEANER/LAUNDRY,4
  POSSESSION OF STOLEN PROPERTY,FAST FOOD,19
  POSSESSION OF STOLEN PROPERTY,FOOD SUPERMARKET,144
  POSSESSION OF STOLEN PROPERTY,GAS STATION,7
  POSSESSION OF STOLEN PROPERTY,GROCERY/BODEGA,143
  POSSESSION OF STOLEN PROPERTY,GYM/FITNESS FACILITY,8
  POSSESSION OF STOLEN PROPERTY,HOSPITAL,24
  POSSESSION OF STOLEN PROPERTY,HOTEL/MOTEL,14
  POSSESSION OF STOLEN PROPERTY,JEWELRY,15
  POSSESSION OF STOLEN PROPERTY,LIQUOR STORE,2
  POSSESSION OF STOLEN PROPERTY,LOAN COMPANY,2
  POSSESSION OF STOLEN PROPERTY,OTHER,56
  POSSESSION OF STOLEN PROPERTY,PARK/PLAYGROUND,21
  POSSESSION OF STOLEN PROPERTY,PARKING LOT/GARAGE  PRIVATE ,2
  POSSESSION OF STOLEN PROPERTY,PARKING LOT/GARAGE  PUBLIC ,1
  POSSESSION OF STOLEN PROPERTY,PHOTO/COPY,2
  POSSESSION OF STOLEN PROPERTY,PRIVATE/PAROCHIAL SCHOOL,1
  POSSESSION OF STOLEN PROPERTY,PUBLIC BUILDING,13
  POSSESSION OF STOLEN PROPERTY,PUBLIC SCHOOL,17
  POSSESSION OF STOLEN PROPERTY,RESIDENCE - APT. HOUSE,67
  POSSESSION OF STOLEN PROPERTY,RESIDENCE - PUBLIC HOUSING,62
  POSSESSION OF STOLEN PROPERTY,RESIDENCE-HOUSE,8
  POSSESSION OF STOLEN PROPERTY,RESTAURANT/DINER,24
  POSSESSION OF STOLEN PROPERTY,SHOE,4
  POSSESSION OF STOLEN PROPERTY,SMALL MERCHANT,45
  POSSESSION OF STOLEN PROPERTY,STORAGE FACILITY,2
  POSSESSION OF STOLEN PROPERTY,STORE UNCLASSIFIED,35
  POSSESSION OF STOLEN PROPERTY,STREET,429
  POSSESSION OF STOLEN PROPERTY,TAXI  LIVERY LICENSED ,1
  POSSESSION OF STOLEN PROPERTY,TELECOMM. STORE,28
  POSSESSION OF STOLEN PROPERTY,TRANSIT - NYC SUBWAY,3
  POSSESSION OF STOLEN PROPERTY,TRANSIT FACILITY  OTHER ,6
  POSSESSION OF STOLEN PROPERTY,VARIETY STORE,8
  POSSESSION OF STOLEN PROPERTY,VIDEO STORE,6
  PROSTITUTION & RELATED OFFENSES,BUS TERMINAL,11
  PROSTITUTION & RELATED OFFENSES,CHAIN STORE,1
  PROSTITUTION & RELATED OFFENSES,CHURCH,1
  PROSTITUTION & RELATED OFFENSES,COMMERCIAL BUILDING,3
  PROSTITUTION & RELATED OFFENSES,HOSPITAL,1
  PROSTITUTION & RELATED OFFENSES,HOTEL/MOTEL,4
  PROSTITUTION & RELATED OFFENSES,PUBLIC BUILDING,1
  PROSTITUTION & RELATED OFFENSES,RESIDENCE - APT. HOUSE,3
  PROSTITUTION & RELATED OFFENSES,RESIDENCE - PUBLIC HOUSING,8
  PROSTITUTION & RELATED OFFENSES,STREET,36
  SEX CRIMES,BANK,9
  SEX CRIMES,BAR/NIGHT CLUB,158
  SEX CRIMES,BEAUTY & NAIL SALON,27
  SEX CRIMES,BOOK/CARD,3
  SEX CRIMES,BUS  NYC TRANSIT ,3
  SEX CRIMES,BUS  OTHER ,9
  SEX CRIMES,BUS STOP,2
  SEX CRIMES,BUS TERMINAL,80
  SEX CRIMES,CANDY STORE,3
  SEX CRIMES,CHAIN STORE,49
  SEX CRIMES,CHECK CASHING BUSINESS,1
  SEX CRIMES,CHURCH,8
  SEX CRIMES,CLOTHING/BOUTIQUE,24
  SEX CRIMES,COMMERCIAL BUILDING,150
  SEX CRIMES,CONSTRUCTION SITE,1
  SEX CRIMES,DEPARTMENT STORE,21
  SEX CRIMES,DOCTOR/DENTIST OFFICE,32
  SEX CRIMES,DRUG STORE,10
  SEX CRIMES,DRY CLEANER/LAUNDRY,6
  SEX CRIMES,FAST FOOD,29
  SEX CRIMES,FOOD SUPERMARKET,6
  SEX CRIMES,GROCERY/BODEGA,31
  SEX CRIMES,GYM/FITNESS FACILITY,16
  SEX CRIMES,HIGHWAY/PARKWAY,1
  SEX CRIMES,HOSPITAL,134
  SEX CRIMES,HOTEL/MOTEL,144
  SEX CRIMES,JEWELRY,5
  SEX CRIMES,LIQUOR STORE,1
  SEX CRIMES,LOAN COMPANY,1
  SEX CRIMES,MARINA/PIER,2
  SEX CRIMES,OPEN AREAS  OPEN LOTS ,6
  SEX CRIMES,OTHER,138
  SEX CRIMES,OTHER HOUSE OF WORSHIP,1
  SEX CRIMES,PARK/PLAYGROUND,35
  SEX CRIMES,PARKING LOT/GARAGE  PRIVATE ,4
  SEX CRIMES,PARKING LOT/GARAGE  PUBLIC ,4
  SEX CRIMES,PHOTO/COPY,2
  SEX CRIMES,PRIVATE/PAROCHIAL SCHOOL,20
  SEX CRIMES,PUBLIC BUILDING,45
  SEX CRIMES,PUBLIC SCHOOL,171
  SEX CRIMES,RESIDENCE - APT. HOUSE,1260
  SEX CRIMES,RESIDENCE - PUBLIC HOUSING,473
  SEX CRIMES,RESIDENCE-HOUSE,48
  SEX CRIMES,RESTAURANT/DINER,103
  SEX CRIMES,SHOE,6
  SEX CRIMES,SMALL MERCHANT,10
  SEX CRIMES,SOCIAL CLUB/POLICY,4
  SEX CRIMES,STORAGE FACILITY,1
  SEX CRIMES,STORE UNCLASSIFIED,12
  SEX CRIMES,STREET,695
  SEX CRIMES,SYNAGOGUE,1
  SEX CRIMES,TAXI  LIVERY LICENSED ,3
  SEX CRIMES,TAXI  YELLOW LICENSED ,10
  SEX CRIMES,TAXI/LIVERY  UNLICENSED ,4
  SEX CRIMES,TELECOMM. STORE,4
  SEX CRIMES,TRANSIT - NYC SUBWAY,13
  SEX CRIMES,TRANSIT FACILITY  OTHER ,9
  SEX CRIMES,TUNNEL,1
  SEX CRIMES,VARIETY STORE,3
  SEX CRIMES,VIDEO STORE,2
  UNAUTHORIZED USE OF A VEHICLE,BRIDGE,3
  UNAUTHORIZED USE OF A VEHICLE,BUS  OTHER ,1
  UNAUTHORIZED USE OF A VEHICLE,CHAIN STORE,27
  UNAUTHORIZED USE OF A VEHICLE,COMMERCIAL BUILDING,81
  UNAUTHORIZED USE OF A VEHICLE,DEPARTMENT STORE,2
  UNAUTHORIZED USE OF A VEHICLE,GAS STATION,5
  UNAUTHORIZED USE OF A VEHICLE,HOSPITAL,2
  UNAUTHORIZED USE OF A VEHICLE,HOTEL/MOTEL,3
  UNAUTHORIZED USE OF A VEHICLE,LOAN COMPANY,4
  UNAUTHORIZED USE OF A VEHICLE,OPEN AREAS  OPEN LOTS ,6
  UNAUTHORIZED USE OF A VEHICLE,OTHER,62
  UNAUTHORIZED USE OF A VEHICLE,PARK/PLAYGROUND,1
  UNAUTHORIZED USE OF A VEHICLE,PARKING LOT/GARAGE  PRIVATE ,49
  UNAUTHORIZED USE OF A VEHICLE,PARKING LOT/GARAGE  PUBLIC ,37
  UNAUTHORIZED USE OF A VEHICLE,PUBLIC BUILDING,5
  UNAUTHORIZED USE OF A VEHICLE,RESIDENCE - APT. HOUSE,37
  UNAUTHORIZED USE OF A VEHICLE,RESIDENCE - PUBLIC HOUSING,66
  UNAUTHORIZED USE OF A VEHICLE,RESIDENCE-HOUSE,3
  UNAUTHORIZED USE OF A VEHICLE,SMALL MERCHANT,5
  UNAUTHORIZED USE OF A VEHICLE,STORAGE FACILITY,5
  UNAUTHORIZED USE OF A VEHICLE,STORE UNCLASSIFIED,4
  UNAUTHORIZED USE OF A VEHICLE,STREET,360
  UNAUTHORIZED USE OF A VEHICLE,TAXI  LIVERY LICENSED ,1
  UNAUTHORIZED USE OF A VEHICLE,TUNNEL,1
  VEHICLE AND TRAFFIC LAWS,BAR/NIGHT CLUB,1
  VEHICLE AND TRAFFIC LAWS,BRIDGE,24
  VEHICLE AND TRAFFIC LAWS,BUS  NYC TRANSIT ,1
  VEHICLE AND TRAFFIC LAWS,BUS  OTHER ,1
  VEHICLE AND TRAFFIC LAWS,BUS STOP,4
  VEHICLE AND TRAFFIC LAWS,BUS TERMINAL,1
  VEHICLE AND TRAFFIC LAWS,CHURCH,2
  VEHICLE AND TRAFFIC LAWS,CLOTHING/BOUTIQUE,1
  VEHICLE AND TRAFFIC LAWS,COMMERCIAL BUILDING,1
  VEHICLE AND TRAFFIC LAWS,CONSTRUCTION SITE,1
  VEHICLE AND TRAFFIC LAWS,FOOD SUPERMARKET,1
  VEHICLE AND TRAFFIC LAWS,GAS STATION,3
  VEHICLE AND TRAFFIC LAWS,GROCERY/BODEGA,2
  VEHICLE AND TRAFFIC LAWS,HIGHWAY/PARKWAY,15
  VEHICLE AND TRAFFIC LAWS,HOSPITAL,1
  VEHICLE AND TRAFFIC LAWS,HOTEL/MOTEL,1
  VEHICLE AND TRAFFIC LAWS,OTHER,15
  VEHICLE AND TRAFFIC LAWS,PARK/PLAYGROUND,4
  VEHICLE AND TRAFFIC LAWS,PARKING LOT/GARAGE  PRIVATE ,3
  VEHICLE AND TRAFFIC LAWS,PARKING LOT/GARAGE  PUBLIC ,4
  VEHICLE AND TRAFFIC LAWS,PUBLIC BUILDING,8
  VEHICLE AND TRAFFIC LAWS,RESIDENCE - APT. HOUSE,18
  VEHICLE AND TRAFFIC LAWS,RESIDENCE - PUBLIC HOUSING,132
  VEHICLE AND TRAFFIC LAWS,RESTAURANT/DINER,2
  VEHICLE AND TRAFFIC LAWS,SMALL MERCHANT,1
  VEHICLE AND TRAFFIC LAWS,STREET,2097
  VEHICLE AND TRAFFIC LAWS,TAXI  YELLOW LICENSED ,13
  VEHICLE AND TRAFFIC LAWS,TAXI/LIVERY  UNLICENSED ,1
  VEHICLE AND TRAFFIC LAWS,TRANSIT FACILITY  OTHER ,2
  VEHICLE AND TRAFFIC LAWS,TUNNEL,3
