  ADMINISTRATIVE CODE,BAR/NIGHT CLUB, 2 
  ADMINISTRATIVE CODE,BEAUTY & NAIL SALON, 1 
  ADMINISTRATIVE CODE,CANDY STORE, 1 
  ADMINISTRATIVE CODE,CEMETERY, 1 
  ADMINISTRATIVE CODE,CHECK CASHING BUSINESS, 1 
  ADMINISTRATIVE CODE,COMMERCIAL BUILDING, 5 
  ADMINISTRATIVE CODE,GROCERY/BODEGA, 2 
  ADMINISTRATIVE CODE,JEWELRY, 1 
  ADMINISTRATIVE CODE,OTHER, 2 
  ADMINISTRATIVE CODE,PUBLIC BUILDING, 1 
  ADMINISTRATIVE CODE,RESIDENCE - APT. HOUSE, 122 
  ADMINISTRATIVE CODE,RESIDENCE - PUBLIC HOUSING, 4 
  ADMINISTRATIVE CODE,RESIDENCE-HOUSE, 203 
  ADMINISTRATIVE CODE,RESTAURANT/DINER, 3 
  ADMINISTRATIVE CODE,SMALL MERCHANT, 1 
  ADMINISTRATIVE CODE,STREET, 5 
  AGRICULTURE & MRKTS LAW-UNCLASSIFIED,PARK/PLAYGROUND, 1 
  AGRICULTURE & MRKTS LAW-UNCLASSIFIED,RESIDENCE - APT. HOUSE, 1 
  AGRICULTURE & MRKTS LAW-UNCLASSIFIED,RESIDENCE-HOUSE, 6 
  ALCOHOLIC BEVERAGE CONTROL LAW,BAR/NIGHT CLUB, 3 
  ALCOHOLIC BEVERAGE CONTROL LAW,GAS STATION, 1 
  ALCOHOLIC BEVERAGE CONTROL LAW,GROCERY/BODEGA, 18 
  ALCOHOLIC BEVERAGE CONTROL LAW,RESIDENCE-HOUSE, 1 
  ANTICIPATORY OFFENSES,STREET, 1 
  ASSAULT 3 & RELATED OFFENSES,ABANDONED BUILDING, 1 
  ASSAULT 3 & RELATED OFFENSES,AIRPORT TERMINAL, 1 
  ASSAULT 3 & RELATED OFFENSES,ATM, 1 
  ASSAULT 3 & RELATED OFFENSES,BANK, 5 
  ASSAULT 3 & RELATED OFFENSES,BAR/NIGHT CLUB, 225 
  ASSAULT 3 & RELATED OFFENSES,BEAUTY & NAIL SALON, 15 
  ASSAULT 3 & RELATED OFFENSES,BRIDGE, 2 
  ASSAULT 3 & RELATED OFFENSES,BUS  NYC TRANSIT , 23 
  ASSAULT 3 & RELATED OFFENSES,BUS  OTHER , 8 
  ASSAULT 3 & RELATED OFFENSES,BUS STOP, 14 
  ASSAULT 3 & RELATED OFFENSES,BUS TERMINAL, 8 
  ASSAULT 3 & RELATED OFFENSES,CANDY STORE, 15 
  ASSAULT 3 & RELATED OFFENSES,CEMETERY, 2 
  ASSAULT 3 & RELATED OFFENSES,CHAIN STORE, 85 
  ASSAULT 3 & RELATED OFFENSES,CHECK CASHING BUSINESS, 2 
  ASSAULT 3 & RELATED OFFENSES,CHURCH, 17 
  ASSAULT 3 & RELATED OFFENSES,CLOTHING/BOUTIQUE, 13 
  ASSAULT 3 & RELATED OFFENSES,COMMERCIAL BUILDING, 208 
  ASSAULT 3 & RELATED OFFENSES,CONSTRUCTION SITE, 3 
  ASSAULT 3 & RELATED OFFENSES,DEPARTMENT STORE, 62 
  ASSAULT 3 & RELATED OFFENSES,DOCTOR/DENTIST OFFICE, 19 
  ASSAULT 3 & RELATED OFFENSES,DRUG STORE, 14 
  ASSAULT 3 & RELATED OFFENSES,DRY CLEANER/LAUNDRY, 18 
  ASSAULT 3 & RELATED OFFENSES,FACTORY/WAREHOUSE, 7 
  ASSAULT 3 & RELATED OFFENSES,FAST FOOD, 66 
  ASSAULT 3 & RELATED OFFENSES,FERRY/FERRY TERMINAL, 133 
  ASSAULT 3 & RELATED OFFENSES,FOOD SUPERMARKET, 39 
  ASSAULT 3 & RELATED OFFENSES,GAS STATION, 33 
  ASSAULT 3 & RELATED OFFENSES,GROCERY/BODEGA, 199 
  ASSAULT 3 & RELATED OFFENSES,GYM/FITNESS FACILITY, 31 
  ASSAULT 3 & RELATED OFFENSES,HIGHWAY/PARKWAY, 1 
  ASSAULT 3 & RELATED OFFENSES,HOSPITAL, 184 
  ASSAULT 3 & RELATED OFFENSES,HOTEL/MOTEL, 54 
  ASSAULT 3 & RELATED OFFENSES,LIQUOR STORE, 7 
  ASSAULT 3 & RELATED OFFENSES,LOAN COMPANY, 1 
  ASSAULT 3 & RELATED OFFENSES,MARINA/PIER, 6 
  ASSAULT 3 & RELATED OFFENSES,OPEN AREAS  OPEN LOTS , 20 
  ASSAULT 3 & RELATED OFFENSES,OTHER, 253 
  ASSAULT 3 & RELATED OFFENSES,OTHER HOUSE OF WORSHIP, 4 
  ASSAULT 3 & RELATED OFFENSES,PARK/PLAYGROUND, 54 
  ASSAULT 3 & RELATED OFFENSES,PARKING LOT/GARAGE  PRIVATE , 44 
  ASSAULT 3 & RELATED OFFENSES,PARKING LOT/GARAGE  PUBLIC , 111 
  ASSAULT 3 & RELATED OFFENSES,PRIVATE/PAROCHIAL SCHOOL, 19 
  ASSAULT 3 & RELATED OFFENSES,PUBLIC BUILDING, 41 
  ASSAULT 3 & RELATED OFFENSES,PUBLIC SCHOOL, 384 
  ASSAULT 3 & RELATED OFFENSES,RESIDENCE - APT. HOUSE, 2798 
  ASSAULT 3 & RELATED OFFENSES,RESIDENCE - PUBLIC HOUSING, 1293 
  ASSAULT 3 & RELATED OFFENSES,RESIDENCE-HOUSE, 5776 
  ASSAULT 3 & RELATED OFFENSES,RESTAURANT/DINER, 134 
  ASSAULT 3 & RELATED OFFENSES,SHOE, 3 
  ASSAULT 3 & RELATED OFFENSES,SMALL MERCHANT, 25 
  ASSAULT 3 & RELATED OFFENSES,SOCIAL CLUB/POLICY, 16 
  ASSAULT 3 & RELATED OFFENSES,STORAGE FACILITY, 5 
  ASSAULT 3 & RELATED OFFENSES,STORE UNCLASSIFIED, 31 
  ASSAULT 3 & RELATED OFFENSES,STREET, 1949 
  ASSAULT 3 & RELATED OFFENSES,SYNAGOGUE, 2 
  ASSAULT 3 & RELATED OFFENSES,TAXI  LIVERY LICENSED , 3 
  ASSAULT 3 & RELATED OFFENSES,TAXI  YELLOW LICENSED , 1 
  ASSAULT 3 & RELATED OFFENSES,TELECOMM. STORE, 2 
  ASSAULT 3 & RELATED OFFENSES,TRANSIT FACILITY  OTHER , 5 
  ASSAULT 3 & RELATED OFFENSES,TUNNEL, 5 
  ASSAULT 3 & RELATED OFFENSES,VARIETY STORE, 10 
  ASSAULT 3 & RELATED OFFENSES,VIDEO STORE, 1 
   BURGLARS TOOLS  BANK, 1 
   BURGLARS TOOLS  CHAIN STORE, 2 
   BURGLARS TOOLS  CLOTHING/BOUTIQUE, 1 
   BURGLARS TOOLS  COMMERCIAL BUILDING, 4 
   BURGLARS TOOLS  DEPARTMENT STORE, 5 
   BURGLARS TOOLS  FERRY/FERRY TERMINAL, 1 
   BURGLARS TOOLS  FOOD SUPERMARKET, 1 
   BURGLARS TOOLS  GROCERY/BODEGA, 1 
   BURGLARS TOOLS  OTHER, 1 
   BURGLARS TOOLS  PARKING LOT/GARAGE  PRIVATE , 1 
   BURGLARS TOOLS  PARKING LOT/GARAGE  PUBLIC , 1 
   BURGLARS TOOLS  RESIDENCE - PUBLIC HOUSING, 1 
   BURGLARS TOOLS  RESIDENCE-HOUSE, 7 
   BURGLARS TOOLS  STORE UNCLASSIFIED, 1 
   BURGLARS TOOLS  STREET, 9 
   BURGLARS TOOLS  VARIETY STORE, 1 
  CRIMINAL MISCHIEF & RELATED OF,ABANDONED BUILDING, 61 
  CRIMINAL MISCHIEF & RELATED OF,ATM, 9 
  CRIMINAL MISCHIEF & RELATED OF,BANK, 60 
  CRIMINAL MISCHIEF & RELATED OF,BAR/NIGHT CLUB, 53 
  CRIMINAL MISCHIEF & RELATED OF,BEAUTY & NAIL SALON, 74 
  CRIMINAL MISCHIEF & RELATED OF,BOOK/CARD, 6 
  CRIMINAL MISCHIEF & RELATED OF,BRIDGE, 4 
  CRIMINAL MISCHIEF & RELATED OF,BUS  NYC TRANSIT , 19 
  CRIMINAL MISCHIEF & RELATED OF,BUS  OTHER , 7 
  CRIMINAL MISCHIEF & RELATED OF,BUS STOP, 7 
  CRIMINAL MISCHIEF & RELATED OF,BUS TERMINAL, 9 
  CRIMINAL MISCHIEF & RELATED OF,CANDY STORE, 23 
  CRIMINAL MISCHIEF & RELATED OF,CEMETERY, 35 
  CRIMINAL MISCHIEF & RELATED OF,CHAIN STORE, 120 
  CRIMINAL MISCHIEF & RELATED OF,CHECK CASHING BUSINESS, 3 
  CRIMINAL MISCHIEF & RELATED OF,CHURCH, 128 
  CRIMINAL MISCHIEF & RELATED OF,CLOTHING/BOUTIQUE, 30 
  CRIMINAL MISCHIEF & RELATED OF,COMMERCIAL BUILDING, 802 
  CRIMINAL MISCHIEF & RELATED OF,CONSTRUCTION SITE, 68 
  CRIMINAL MISCHIEF & RELATED OF,DEPARTMENT STORE, 61 
  CRIMINAL MISCHIEF & RELATED OF,DOCTOR/DENTIST OFFICE, 117 
  CRIMINAL MISCHIEF & RELATED OF,DRUG STORE, 36 
  CRIMINAL MISCHIEF & RELATED OF,DRY CLEANER/LAUNDRY, 53 
  CRIMINAL MISCHIEF & RELATED OF,FACTORY/WAREHOUSE, 25 
  CRIMINAL MISCHIEF & RELATED OF,FAST FOOD, 72 
  CRIMINAL MISCHIEF & RELATED OF,FERRY/FERRY TERMINAL, 38 
  CRIMINAL MISCHIEF & RELATED OF,FOOD SUPERMARKET, 41 
  CRIMINAL MISCHIEF & RELATED OF,GAS STATION, 81 
  CRIMINAL MISCHIEF & RELATED OF,GROCERY/BODEGA, 262 
  CRIMINAL MISCHIEF & RELATED OF,GYM/FITNESS FACILITY, 53 
  CRIMINAL MISCHIEF & RELATED OF,HIGHWAY/PARKWAY, 6 
  CRIMINAL MISCHIEF & RELATED OF,HOSPITAL, 48 
  CRIMINAL MISCHIEF & RELATED OF,HOTEL/MOTEL, 44 
  CRIMINAL MISCHIEF & RELATED OF,JEWELRY, 14 
  CRIMINAL MISCHIEF & RELATED OF,LIQUOR STORE, 11 
  CRIMINAL MISCHIEF & RELATED OF,LOAN COMPANY, 3 
  CRIMINAL MISCHIEF & RELATED OF,MARINA/PIER, 10 
  CRIMINAL MISCHIEF & RELATED OF,MOSQUE, 3 
  CRIMINAL MISCHIEF & RELATED OF,OPEN AREAS  OPEN LOTS , 76 
  CRIMINAL MISCHIEF & RELATED OF,OTHER, 897 
  CRIMINAL MISCHIEF & RELATED OF,OTHER HOUSE OF WORSHIP, 8 
  CRIMINAL MISCHIEF & RELATED OF,PARK/PLAYGROUND, 77 
  CRIMINAL MISCHIEF & RELATED OF,PARKING LOT/GARAGE  PRIVATE , 352 
  CRIMINAL MISCHIEF & RELATED OF,PARKING LOT/GARAGE  PUBLIC , 467 
  CRIMINAL MISCHIEF & RELATED OF,PHOTO/COPY, 4 
  CRIMINAL MISCHIEF & RELATED OF,PRIVATE/PAROCHIAL SCHOOL, 76 
  CRIMINAL MISCHIEF & RELATED OF,PUBLIC BUILDING, 81 
  CRIMINAL MISCHIEF & RELATED OF,PUBLIC SCHOOL, 309 
  CRIMINAL MISCHIEF & RELATED OF,RESIDENCE - APT. HOUSE, 1952 
  CRIMINAL MISCHIEF & RELATED OF,RESIDENCE - PUBLIC HOUSING, 773 
  CRIMINAL MISCHIEF & RELATED OF,RESIDENCE-HOUSE, 7723 
  CRIMINAL MISCHIEF & RELATED OF,RESTAURANT/DINER, 233 
  CRIMINAL MISCHIEF & RELATED OF,SHOE, 3 
  CRIMINAL MISCHIEF & RELATED OF,SMALL MERCHANT, 115 
  CRIMINAL MISCHIEF & RELATED OF,SOCIAL CLUB/POLICY, 15 
  CRIMINAL MISCHIEF & RELATED OF,STORAGE FACILITY, 25 
  CRIMINAL MISCHIEF & RELATED OF,STORE UNCLASSIFIED, 150 
  CRIMINAL MISCHIEF & RELATED OF,STREET, 6229 
  CRIMINAL MISCHIEF & RELATED OF,SYNAGOGUE, 4 
  CRIMINAL MISCHIEF & RELATED OF,TAXI  LIVERY LICENSED , 3 
  CRIMINAL MISCHIEF & RELATED OF,TAXI  YELLOW LICENSED , 1 
  CRIMINAL MISCHIEF & RELATED OF,TELECOMM. STORE, 9 
  CRIMINAL MISCHIEF & RELATED OF,TRANSIT FACILITY  OTHER , 8 
  CRIMINAL MISCHIEF & RELATED OF,TUNNEL, 4 
  CRIMINAL MISCHIEF & RELATED OF,VARIETY STORE, 16 
  CRIMINAL MISCHIEF & RELATED OF,VIDEO STORE, 5 
  CRIMINAL TRESPASS,ABANDONED BUILDING, 5 
  CRIMINAL TRESPASS,BANK, 3 
  CRIMINAL TRESPASS,BAR/NIGHT CLUB, 4 
  CRIMINAL TRESPASS,BEAUTY & NAIL SALON, 1 
  CRIMINAL TRESPASS,CANDY STORE, 1 
  CRIMINAL TRESPASS,CEMETERY, 1 
  CRIMINAL TRESPASS,CHAIN STORE, 13 
  CRIMINAL TRESPASS,CHURCH, 12 
  CRIMINAL TRESPASS,CLOTHING/BOUTIQUE, 2 
  CRIMINAL TRESPASS,COMMERCIAL BUILDING, 29 
  CRIMINAL TRESPASS,CONSTRUCTION SITE, 6 
  CRIMINAL TRESPASS,DEPARTMENT STORE, 5 
  CRIMINAL TRESPASS,DRUG STORE, 4 
  CRIMINAL TRESPASS,DRY CLEANER/LAUNDRY, 1 
  CRIMINAL TRESPASS,FAST FOOD, 2 
  CRIMINAL TRESPASS,FERRY/FERRY TERMINAL, 4 
  CRIMINAL TRESPASS,FOOD SUPERMARKET, 6 
  CRIMINAL TRESPASS,GAS STATION, 1 
  CRIMINAL TRESPASS,GROCERY/BODEGA, 22 
  CRIMINAL TRESPASS,GYM/FITNESS FACILITY, 1 
  CRIMINAL TRESPASS,HOSPITAL, 8 
  CRIMINAL TRESPASS,HOTEL/MOTEL, 1 
  CRIMINAL TRESPASS,OPEN AREAS  OPEN LOTS , 2 
  CRIMINAL TRESPASS,OTHER, 37 
  CRIMINAL TRESPASS,OTHER HOUSE OF WORSHIP, 2 
  CRIMINAL TRESPASS,PARK/PLAYGROUND, 1 
  CRIMINAL TRESPASS,PARKING LOT/GARAGE  PRIVATE , 11 
  CRIMINAL TRESPASS,PRIVATE/PAROCHIAL SCHOOL, 4 
  CRIMINAL TRESPASS,PUBLIC BUILDING, 12 
  CRIMINAL TRESPASS,PUBLIC SCHOOL, 21 
  CRIMINAL TRESPASS,RESIDENCE - APT. HOUSE, 218 
  CRIMINAL TRESPASS,RESIDENCE - PUBLIC HOUSING, 144 
  CRIMINAL TRESPASS,RESIDENCE-HOUSE, 531 
  CRIMINAL TRESPASS,RESTAURANT/DINER, 5 
  CRIMINAL TRESPASS,SMALL MERCHANT, 1 
  CRIMINAL TRESPASS,SOCIAL CLUB/POLICY, 1 
  CRIMINAL TRESPASS,STORAGE FACILITY, 6 
  CRIMINAL TRESPASS,STORE UNCLASSIFIED, 2 
  CRIMINAL TRESPASS,STREET, 4 
  CRIMINAL TRESPASS,SYNAGOGUE, 1 
  CRIMINAL TRESPASS,TRANSIT FACILITY  OTHER , 3 
  DANGEROUS DRUGS,ABANDONED BUILDING, 2 
  DANGEROUS DRUGS,ATM, 1 
  DANGEROUS DRUGS,BANK, 2 
  DANGEROUS DRUGS,BAR/NIGHT CLUB, 12 
  DANGEROUS DRUGS,BEAUTY & NAIL SALON, 2 
  DANGEROUS DRUGS,BRIDGE, 3 
  DANGEROUS DRUGS,BUS  NYC TRANSIT , 1 
  DANGEROUS DRUGS,BUS STOP, 1 
  DANGEROUS DRUGS,CANDY STORE, 12 
  DANGEROUS DRUGS,CHAIN STORE, 12 
  DANGEROUS DRUGS,CHECK CASHING BUSINESS, 1 
  DANGEROUS DRUGS,CHURCH, 5 
  DANGEROUS DRUGS,COMMERCIAL BUILDING, 22 
  DANGEROUS DRUGS,DEPARTMENT STORE, 10 
  DANGEROUS DRUGS,DOCTOR/DENTIST OFFICE, 1 
  DANGEROUS DRUGS,DRUG STORE, 7 
  DANGEROUS DRUGS,DRY CLEANER/LAUNDRY, 2 
  DANGEROUS DRUGS,FACTORY/WAREHOUSE, 1 
  DANGEROUS DRUGS,FAST FOOD, 2 
  DANGEROUS DRUGS,FERRY/FERRY TERMINAL, 12 
  DANGEROUS DRUGS,FOOD SUPERMARKET, 5 
  DANGEROUS DRUGS,GAS STATION, 9 
  DANGEROUS DRUGS,GROCERY/BODEGA, 73 
  DANGEROUS DRUGS,HOSPITAL, 21 
  DANGEROUS DRUGS,HOTEL/MOTEL, 12 
  DANGEROUS DRUGS,MARINA/PIER, 1 
  DANGEROUS DRUGS,OPEN AREAS  OPEN LOTS , 19 
  DANGEROUS DRUGS,OTHER, 95 
  DANGEROUS DRUGS,PARK/PLAYGROUND, 55 
  DANGEROUS DRUGS,PARKING LOT/GARAGE  PRIVATE , 43 
  DANGEROUS DRUGS,PARKING LOT/GARAGE  PUBLIC , 115 
  DANGEROUS DRUGS,PRIVATE/PAROCHIAL SCHOOL, 1 
  DANGEROUS DRUGS,PUBLIC BUILDING, 46 
  DANGEROUS DRUGS,PUBLIC SCHOOL, 43 
  DANGEROUS DRUGS,RESIDENCE - APT. HOUSE, 307 
  DANGEROUS DRUGS,RESIDENCE - PUBLIC HOUSING, 546 
  DANGEROUS DRUGS,RESIDENCE-HOUSE, 217 
  DANGEROUS DRUGS,RESTAURANT/DINER, 8 
  DANGEROUS DRUGS,SMALL MERCHANT, 2 
  DANGEROUS DRUGS,STORAGE FACILITY, 1 
  DANGEROUS DRUGS,STORE UNCLASSIFIED, 2 
  DANGEROUS DRUGS,STREET, 1512 
  DANGEROUS DRUGS,TAXI  LIVERY LICENSED , 1 
  DANGEROUS DRUGS,TELECOMM. STORE, 1 
  DANGEROUS DRUGS,TRANSIT FACILITY  OTHER , 8 
  DANGEROUS DRUGS,TUNNEL, 1 
  DANGEROUS DRUGS,VARIETY STORE, 6 
  DANGEROUS DRUGS,VIDEO STORE, 1 
  DANGEROUS WEAPONS,BAR/NIGHT CLUB, 9 
  DANGEROUS WEAPONS,BRIDGE, 2 
  DANGEROUS WEAPONS,BUS  NYC TRANSIT , 5 
  DANGEROUS WEAPONS,BUS STOP, 1 
  DANGEROUS WEAPONS,CANDY STORE, 1 
  DANGEROUS WEAPONS,CHAIN STORE, 7 
  DANGEROUS WEAPONS,CHURCH, 1 
  DANGEROUS WEAPONS,COMMERCIAL BUILDING, 9 
  DANGEROUS WEAPONS,DEPARTMENT STORE, 6 
  DANGEROUS WEAPONS,DRUG STORE, 3 
  DANGEROUS WEAPONS,FAST FOOD, 5 
  DANGEROUS WEAPONS,FERRY/FERRY TERMINAL, 6 
  DANGEROUS WEAPONS,FOOD SUPERMARKET, 3 
  DANGEROUS WEAPONS,GAS STATION, 1 
  DANGEROUS WEAPONS,GROCERY/BODEGA, 24 
  DANGEROUS WEAPONS,HOSPITAL, 7 
  DANGEROUS WEAPONS,HOTEL/MOTEL, 1 
  DANGEROUS WEAPONS,MARINA/PIER, 2 
  DANGEROUS WEAPONS,OPEN AREAS  OPEN LOTS , 1 
  DANGEROUS WEAPONS,OTHER, 27 
  DANGEROUS WEAPONS,PARK/PLAYGROUND, 6 
  DANGEROUS WEAPONS,PARKING LOT/GARAGE  PRIVATE , 6 
  DANGEROUS WEAPONS,PARKING LOT/GARAGE  PUBLIC , 17 
  DANGEROUS WEAPONS,PRIVATE/PAROCHIAL SCHOOL, 4 
  DANGEROUS WEAPONS,PUBLIC BUILDING, 7 
  DANGEROUS WEAPONS,PUBLIC SCHOOL, 67 
  DANGEROUS WEAPONS,RESIDENCE - APT. HOUSE, 103 
  DANGEROUS WEAPONS,RESIDENCE - PUBLIC HOUSING, 131 
  DANGEROUS WEAPONS,RESIDENCE-HOUSE, 216 
  DANGEROUS WEAPONS,RESTAURANT/DINER, 2 
  DANGEROUS WEAPONS,SMALL MERCHANT, 3 
  DANGEROUS WEAPONS,SOCIAL CLUB/POLICY, 1 
  DANGEROUS WEAPONS,STORE UNCLASSIFIED, 2 
  DANGEROUS WEAPONS,STREET, 371 
  DANGEROUS WEAPONS,TAXI  LIVERY LICENSED , 1 
  DANGEROUS WEAPONS,TRANSIT FACILITY  OTHER , 2 
  DANGEROUS WEAPONS,TUNNEL, 1 
  ENDAN WELFARE INCOMP,RESIDENCE - APT. HOUSE, 2 
  ESCAPE 3,PUBLIC BUILDING, 2 
  ESCAPE 3,STREET, 1 
  FRAUDS,ATM, 1 
  FRAUDS,BANK, 28 
  FRAUDS,BAR/NIGHT CLUB, 7 
  FRAUDS,BEAUTY & NAIL SALON, 1 
  FRAUDS,BRIDGE, 2 
  FRAUDS,BUS STOP, 1 
  FRAUDS,CHAIN STORE, 10 
  FRAUDS,CHECK CASHING BUSINESS, 2 
  FRAUDS,CHURCH, 3 
  FRAUDS,COMMERCIAL BUILDING, 40 
  FRAUDS,DEPARTMENT STORE, 3 
  FRAUDS,DOCTOR/DENTIST OFFICE, 6 
  FRAUDS,DRUG STORE, 10 
  FRAUDS,FAST FOOD, 1 
  FRAUDS,FERRY/FERRY TERMINAL, 2 
  FRAUDS,FOOD SUPERMARKET, 3 
  FRAUDS,GAS STATION, 2 
  FRAUDS,GROCERY/BODEGA, 8 
  FRAUDS,HIGHWAY/PARKWAY, 1 
  FRAUDS,HOSPITAL, 4 
  FRAUDS,JEWELRY, 1 
  FRAUDS,LOAN COMPANY, 1 
  FRAUDS,MARINA/PIER, 1 
  FRAUDS,OTHER, 52 
  FRAUDS,PARK/PLAYGROUND, 2 
  FRAUDS,PARKING LOT/GARAGE  PRIVATE , 4 
  FRAUDS,PHOTO/COPY, 1 
  FRAUDS,PRIVATE/PAROCHIAL SCHOOL, 1 
  FRAUDS,PUBLIC BUILDING, 8 
  FRAUDS,PUBLIC SCHOOL, 4 
  FRAUDS,RESIDENCE - APT. HOUSE, 186 
  FRAUDS,RESIDENCE - PUBLIC HOUSING, 54 
  FRAUDS,RESIDENCE-HOUSE, 866 
  FRAUDS,RESTAURANT/DINER, 3 
  FRAUDS,SHOE, 1 
  FRAUDS,SMALL MERCHANT, 6 
  FRAUDS,SOCIAL CLUB/POLICY, 1 
  FRAUDS,STORE UNCLASSIFIED, 3 
  FRAUDS,STREET, 104 
  FRAUDS,TELECOMM. STORE, 2 
  FRAUDS,TRANSIT FACILITY  OTHER , 2 
  FRAUDS,TUNNEL, 1 
  FRAUDS,VARIETY STORE, 1 
  FRAUDULENT ACCOSTING,COMMERCIAL BUILDING, 1 
  FRAUDULENT ACCOSTING,RESIDENCE - APT. HOUSE, 1 
  FRAUDULENT ACCOSTING,RESIDENCE - PUBLIC HOUSING, 1 
  FRAUDULENT ACCOSTING,RESIDENCE-HOUSE, 2 
  GAMBLING,PARKING LOT/GARAGE  PRIVATE , 1 
  GAMBLING,RESIDENCE - APT. HOUSE, 1 
  GAMBLING,RESIDENCE - PUBLIC HOUSING, 4 
  GAMBLING,STREET, 2 
  INTOXICATED & IMPAIRED DRIVING,BAR/NIGHT CLUB, 5 
  INTOXICATED & IMPAIRED DRIVING,BRIDGE, 64 
  INTOXICATED & IMPAIRED DRIVING,CEMETERY, 1 
  INTOXICATED & IMPAIRED DRIVING,CHAIN STORE, 2 
  INTOXICATED & IMPAIRED DRIVING,COMMERCIAL BUILDING, 3 
  INTOXICATED & IMPAIRED DRIVING,DRY CLEANER/LAUNDRY, 1 
  INTOXICATED & IMPAIRED DRIVING,FAST FOOD, 3 
  INTOXICATED & IMPAIRED DRIVING,FERRY/FERRY TERMINAL, 1 
  INTOXICATED & IMPAIRED DRIVING,GROCERY/BODEGA, 5 
  INTOXICATED & IMPAIRED DRIVING,GYM/FITNESS FACILITY, 1 
  INTOXICATED & IMPAIRED DRIVING,HIGHWAY/PARKWAY, 11 
  INTOXICATED & IMPAIRED DRIVING,HOSPITAL, 1 
  INTOXICATED & IMPAIRED DRIVING,HOTEL/MOTEL, 1 
  INTOXICATED & IMPAIRED DRIVING,OPEN AREAS  OPEN LOTS , 1 
  INTOXICATED & IMPAIRED DRIVING,OTHER, 7 
  INTOXICATED & IMPAIRED DRIVING,PARK/PLAYGROUND, 1 
  INTOXICATED & IMPAIRED DRIVING,PARKING LOT/GARAGE  PRIVATE , 10 
  INTOXICATED & IMPAIRED DRIVING,PARKING LOT/GARAGE  PUBLIC , 22 
  INTOXICATED & IMPAIRED DRIVING,PUBLIC BUILDING, 5 
  INTOXICATED & IMPAIRED DRIVING,RESIDENCE - APT. HOUSE, 7 
  INTOXICATED & IMPAIRED DRIVING,RESIDENCE - PUBLIC HOUSING, 25 
  INTOXICATED & IMPAIRED DRIVING,RESIDENCE-HOUSE, 31 
  INTOXICATED & IMPAIRED DRIVING,RESTAURANT/DINER, 1 
  INTOXICATED & IMPAIRED DRIVING,STREET, 732 
  INTOXICATED & IMPAIRED DRIVING,TRANSIT FACILITY  OTHER , 2 
  INTOXICATED & IMPAIRED DRIVING,TUNNEL, 1 
  OFF. AGNST PUB ORD SENSBLTY &,ABANDONED BUILDING, 1 
  OFF. AGNST PUB ORD SENSBLTY &,BANK, 26 
  OFF. AGNST PUB ORD SENSBLTY &,BAR/NIGHT CLUB, 17 
  OFF. AGNST PUB ORD SENSBLTY &,BEAUTY & NAIL SALON, 27 
  OFF. AGNST PUB ORD SENSBLTY &,BOOK/CARD, 2 
  OFF. AGNST PUB ORD SENSBLTY &,BUS  NYC TRANSIT , 1 
  OFF. AGNST PUB ORD SENSBLTY &,BUS  OTHER , 2 
  OFF. AGNST PUB ORD SENSBLTY &,BUS STOP, 2 
  OFF. AGNST PUB ORD SENSBLTY &,BUS TERMINAL, 1 
  OFF. AGNST PUB ORD SENSBLTY &,CEMETERY, 4 
  OFF. AGNST PUB ORD SENSBLTY &,CHAIN STORE, 49 
  OFF. AGNST PUB ORD SENSBLTY &,CHECK CASHING BUSINESS, 3 
  OFF. AGNST PUB ORD SENSBLTY &,CHURCH, 11 
  OFF. AGNST PUB ORD SENSBLTY &,CLOTHING/BOUTIQUE, 13 
  OFF. AGNST PUB ORD SENSBLTY &,COMMERCIAL BUILDING, 333 
  OFF. AGNST PUB ORD SENSBLTY &,CONSTRUCTION SITE, 3 
  OFF. AGNST PUB ORD SENSBLTY &,DEPARTMENT STORE, 36 
  OFF. AGNST PUB ORD SENSBLTY &,DOCTOR/DENTIST OFFICE, 76 
  OFF. AGNST PUB ORD SENSBLTY &,DRUG STORE, 10 
  OFF. AGNST PUB ORD SENSBLTY &,DRY CLEANER/LAUNDRY, 5 
  OFF. AGNST PUB ORD SENSBLTY &,FACTORY/WAREHOUSE, 4 
  OFF. AGNST PUB ORD SENSBLTY &,FAST FOOD, 26 
  OFF. AGNST PUB ORD SENSBLTY &,FERRY/FERRY TERMINAL, 22 
  OFF. AGNST PUB ORD SENSBLTY &,FOOD SUPERMARKET, 11 
  OFF. AGNST PUB ORD SENSBLTY &,GAS STATION, 4 
  OFF. AGNST PUB ORD SENSBLTY &,GROCERY/BODEGA, 25 
  OFF. AGNST PUB ORD SENSBLTY &,GYM/FITNESS FACILITY, 15 
  OFF. AGNST PUB ORD SENSBLTY &,HOSPITAL, 89 
  OFF. AGNST PUB ORD SENSBLTY &,HOTEL/MOTEL, 24 
  OFF. AGNST PUB ORD SENSBLTY &,JEWELRY, 2 
  OFF. AGNST PUB ORD SENSBLTY &,LIQUOR STORE, 1 
  OFF. AGNST PUB ORD SENSBLTY &,LOAN COMPANY, 2 
  OFF. AGNST PUB ORD SENSBLTY &,MARINA/PIER, 1 
  OFF. AGNST PUB ORD SENSBLTY &,OPEN AREAS  OPEN LOTS , 6 
  OFF. AGNST PUB ORD SENSBLTY &,OTHER, 223 
  OFF. AGNST PUB ORD SENSBLTY &,PARK/PLAYGROUND, 2 
  OFF. AGNST PUB ORD SENSBLTY &,PARKING LOT/GARAGE  PRIVATE , 7 
  OFF. AGNST PUB ORD SENSBLTY &,PARKING LOT/GARAGE  PUBLIC , 11 
  OFF. AGNST PUB ORD SENSBLTY &,PRIVATE/PAROCHIAL SCHOOL, 20 
  OFF. AGNST PUB ORD SENSBLTY &,PUBLIC BUILDING, 41 
  OFF. AGNST PUB ORD SENSBLTY &,PUBLIC SCHOOL, 171 
  OFF. AGNST PUB ORD SENSBLTY &,RESIDENCE - APT. HOUSE, 1903 
  OFF. AGNST PUB ORD SENSBLTY &,RESIDENCE - PUBLIC HOUSING, 605 
  OFF. AGNST PUB ORD SENSBLTY &,RESIDENCE-HOUSE, 9058 
  OFF. AGNST PUB ORD SENSBLTY &,RESTAURANT/DINER, 67 
  OFF. AGNST PUB ORD SENSBLTY &,SHOE, 1 
  OFF. AGNST PUB ORD SENSBLTY &,SMALL MERCHANT, 23 
  OFF. AGNST PUB ORD SENSBLTY &,SOCIAL CLUB/POLICY, 2 
  OFF. AGNST PUB ORD SENSBLTY &,STORAGE FACILITY, 3 
  OFF. AGNST PUB ORD SENSBLTY &,STORE UNCLASSIFIED, 36 
  OFF. AGNST PUB ORD SENSBLTY &,STREET, 286 
  OFF. AGNST PUB ORD SENSBLTY &,SYNAGOGUE, 2 
  OFF. AGNST PUB ORD SENSBLTY &,TAXI  LIVERY LICENSED , 2 
  OFF. AGNST PUB ORD SENSBLTY &,TELECOMM. STORE, 4 
  OFF. AGNST PUB ORD SENSBLTY &,TRANSIT FACILITY  OTHER , 2 
  OFF. AGNST PUB ORD SENSBLTY &,VARIETY STORE, 3 
  OFF. AGNST PUB ORD SENSBLTY &,VIDEO STORE, 1 
  OFFENSES AGAINST PUBLIC ADMINI,ABANDONED BUILDING, 2 
  OFFENSES AGAINST PUBLIC ADMINI,ATM, 1 
  OFFENSES AGAINST PUBLIC ADMINI,BANK, 1 
  OFFENSES AGAINST PUBLIC ADMINI,BAR/NIGHT CLUB, 24 
  OFFENSES AGAINST PUBLIC ADMINI,BEAUTY & NAIL SALON, 5 
  OFFENSES AGAINST PUBLIC ADMINI,BRIDGE, 2 
  OFFENSES AGAINST PUBLIC ADMINI,BUS  NYC TRANSIT , 5 
  OFFENSES AGAINST PUBLIC ADMINI,BUS STOP, 2 
  OFFENSES AGAINST PUBLIC ADMINI,BUS TERMINAL, 1 
  OFFENSES AGAINST PUBLIC ADMINI,CANDY STORE, 3 
  OFFENSES AGAINST PUBLIC ADMINI,CHAIN STORE, 14 
  OFFENSES AGAINST PUBLIC ADMINI,CHURCH, 3 
  OFFENSES AGAINST PUBLIC ADMINI,CLOTHING/BOUTIQUE, 1 
  OFFENSES AGAINST PUBLIC ADMINI,COMMERCIAL BUILDING, 79 
  OFFENSES AGAINST PUBLIC ADMINI,DEPARTMENT STORE, 12 
  OFFENSES AGAINST PUBLIC ADMINI,DOCTOR/DENTIST OFFICE, 7 
  OFFENSES AGAINST PUBLIC ADMINI,DRUG STORE, 1 
  OFFENSES AGAINST PUBLIC ADMINI,DRY CLEANER/LAUNDRY, 2 
  OFFENSES AGAINST PUBLIC ADMINI,FACTORY/WAREHOUSE, 2 
  OFFENSES AGAINST PUBLIC ADMINI,FAST FOOD, 4 
  OFFENSES AGAINST PUBLIC ADMINI,FERRY/FERRY TERMINAL, 57 
  OFFENSES AGAINST PUBLIC ADMINI,FOOD SUPERMARKET, 8 
  OFFENSES AGAINST PUBLIC ADMINI,GAS STATION, 11 
  OFFENSES AGAINST PUBLIC ADMINI,GROCERY/BODEGA, 30 
  OFFENSES AGAINST PUBLIC ADMINI,GYM/FITNESS FACILITY, 4 
  OFFENSES AGAINST PUBLIC ADMINI,HIGHWAY/PARKWAY, 2 
  OFFENSES AGAINST PUBLIC ADMINI,HOSPITAL, 19 
  OFFENSES AGAINST PUBLIC ADMINI,HOTEL/MOTEL, 8 
  OFFENSES AGAINST PUBLIC ADMINI,JEWELRY, 2 
  OFFENSES AGAINST PUBLIC ADMINI,LIQUOR STORE, 1 
  OFFENSES AGAINST PUBLIC ADMINI,OPEN AREAS  OPEN LOTS , 4 
  OFFENSES AGAINST PUBLIC ADMINI,OTHER, 97 
  OFFENSES AGAINST PUBLIC ADMINI,PARK/PLAYGROUND, 11 
  OFFENSES AGAINST PUBLIC ADMINI,PARKING LOT/GARAGE  PRIVATE , 10 
  OFFENSES AGAINST PUBLIC ADMINI,PARKING LOT/GARAGE  PUBLIC , 17 
  OFFENSES AGAINST PUBLIC ADMINI,PRIVATE/PAROCHIAL SCHOOL, 4 
  OFFENSES AGAINST PUBLIC ADMINI,PUBLIC BUILDING, 42 
  OFFENSES AGAINST PUBLIC ADMINI,PUBLIC SCHOOL, 144 
  OFFENSES AGAINST PUBLIC ADMINI,RESIDENCE - APT. HOUSE, 842 
  OFFENSES AGAINST PUBLIC ADMINI,RESIDENCE - PUBLIC HOUSING, 460 
  OFFENSES AGAINST PUBLIC ADMINI,RESIDENCE-HOUSE, 1956 
  OFFENSES AGAINST PUBLIC ADMINI,RESTAURANT/DINER, 18 
  OFFENSES AGAINST PUBLIC ADMINI,SMALL MERCHANT, 7 
  OFFENSES AGAINST PUBLIC ADMINI,SOCIAL CLUB/POLICY, 4 
  OFFENSES AGAINST PUBLIC ADMINI,STORE UNCLASSIFIED, 10 
  OFFENSES AGAINST PUBLIC ADMINI,STREET, 517 
  OFFENSES AGAINST PUBLIC ADMINI,TAXI  LIVERY LICENSED , 1 
  OFFENSES AGAINST PUBLIC ADMINI,TAXI/LIVERY  UNLICENSED , 1 
  OFFENSES AGAINST PUBLIC ADMINI,TRANSIT FACILITY  OTHER , 3 
  OFFENSES AGAINST PUBLIC ADMINI,TUNNEL, 1 
  OFFENSES AGAINST PUBLIC ADMINI,VARIETY STORE, 2 
  OFFENSES AGAINST PUBLIC SAFETY,DEPARTMENT STORE, 1 
  OFFENSES AGAINST PUBLIC SAFETY,PARK/PLAYGROUND, 1 
  OFFENSES AGAINST PUBLIC SAFETY,PARKING LOT/GARAGE  PRIVATE , 1 
  OFFENSES AGAINST PUBLIC SAFETY,PARKING LOT/GARAGE  PUBLIC , 1 
  OFFENSES AGAINST PUBLIC SAFETY,PUBLIC SCHOOL, 2 
  OFFENSES AGAINST PUBLIC SAFETY,RESIDENCE - APT. HOUSE, 1 
  OFFENSES AGAINST PUBLIC SAFETY,RESIDENCE - PUBLIC HOUSING, 4 
  OFFENSES AGAINST PUBLIC SAFETY,RESIDENCE-HOUSE, 4 
  OFFENSES AGAINST PUBLIC SAFETY,STREET, 19 
  OFFENSES AGAINST THE PERSON,BANK, 1 
  OFFENSES AGAINST THE PERSON,BAR/NIGHT CLUB, 1 
  OFFENSES AGAINST THE PERSON,BEAUTY & NAIL SALON, 1 
  OFFENSES AGAINST THE PERSON,BUS STOP, 1 
  OFFENSES AGAINST THE PERSON,CHAIN STORE, 2 
  OFFENSES AGAINST THE PERSON,CHURCH, 3 
  OFFENSES AGAINST THE PERSON,COMMERCIAL BUILDING, 3 
  OFFENSES AGAINST THE PERSON,FAST FOOD, 1 
  OFFENSES AGAINST THE PERSON,FERRY/FERRY TERMINAL, 5 
  OFFENSES AGAINST THE PERSON,GROCERY/BODEGA, 2 
  OFFENSES AGAINST THE PERSON,HOSPITAL, 1 
  OFFENSES AGAINST THE PERSON,OPEN AREAS  OPEN LOTS , 1 
  OFFENSES AGAINST THE PERSON,OTHER, 4 
  OFFENSES AGAINST THE PERSON,PARK/PLAYGROUND, 1 
  OFFENSES AGAINST THE PERSON,PARKING LOT/GARAGE  PRIVATE , 1 
  OFFENSES AGAINST THE PERSON,PARKING LOT/GARAGE  PUBLIC , 6 
  OFFENSES AGAINST THE PERSON,PUBLIC BUILDING, 4 
  OFFENSES AGAINST THE PERSON,PUBLIC SCHOOL, 11 
  OFFENSES AGAINST THE PERSON,RESIDENCE - APT. HOUSE, 31 
  OFFENSES AGAINST THE PERSON,RESIDENCE - PUBLIC HOUSING, 23 
  OFFENSES AGAINST THE PERSON,RESIDENCE-HOUSE, 84 
  OFFENSES AGAINST THE PERSON,RESTAURANT/DINER, 3 
  OFFENSES AGAINST THE PERSON,STREET, 69 
  OFFENSES AGAINST THE PERSON,TRANSIT FACILITY  OTHER , 1 
  OFFENSES INVOLVING FRAUD,BANK, 5 
  OFFENSES INVOLVING FRAUD,BEAUTY & NAIL SALON, 2 
  OFFENSES INVOLVING FRAUD,CHAIN STORE, 7 
  OFFENSES INVOLVING FRAUD,CHECK CASHING BUSINESS, 3 
  OFFENSES INVOLVING FRAUD,COMMERCIAL BUILDING, 3 
  OFFENSES INVOLVING FRAUD,DOCTOR/DENTIST OFFICE, 1 
  OFFENSES INVOLVING FRAUD,DRUG STORE, 1 
  OFFENSES INVOLVING FRAUD,DRY CLEANER/LAUNDRY, 1 
  OFFENSES INVOLVING FRAUD,FAST FOOD, 2 
  OFFENSES INVOLVING FRAUD,FERRY/FERRY TERMINAL, 1 
  OFFENSES INVOLVING FRAUD,FOOD SUPERMARKET, 4 
  OFFENSES INVOLVING FRAUD,GROCERY/BODEGA, 2 
  OFFENSES INVOLVING FRAUD,OTHER, 2 
  OFFENSES INVOLVING FRAUD,PARK/PLAYGROUND, 1 
  OFFENSES INVOLVING FRAUD,PARKING LOT/GARAGE  PRIVATE , 3 
  OFFENSES INVOLVING FRAUD,PARKING LOT/GARAGE  PUBLIC , 7 
  OFFENSES INVOLVING FRAUD,PUBLIC SCHOOL, 2 
  OFFENSES INVOLVING FRAUD,RESIDENCE - APT. HOUSE, 6 
  OFFENSES INVOLVING FRAUD,RESIDENCE - PUBLIC HOUSING, 12 
  OFFENSES INVOLVING FRAUD,RESIDENCE-HOUSE, 12 
  OFFENSES INVOLVING FRAUD,RESTAURANT/DINER, 1 
  OFFENSES INVOLVING FRAUD,SMALL MERCHANT, 3 
  OFFENSES INVOLVING FRAUD,STREET, 45 
  OFFENSES INVOLVING FRAUD,TRANSIT FACILITY  OTHER , 1 
  OFFENSES INVOLVING FRAUD,VARIETY STORE, 2 
  OFFENSES RELATED TO CHILDREN,COMMERCIAL BUILDING, 1 
  OFFENSES RELATED TO CHILDREN,GROCERY/BODEGA, 1 
  OFFENSES RELATED TO CHILDREN,PARKING LOT/GARAGE  PUBLIC , 1 
  OFFENSES RELATED TO CHILDREN,RESIDENCE - APT. HOUSE, 2 
  OFFENSES RELATED TO CHILDREN,RESIDENCE - PUBLIC HOUSING, 1 
  OFFENSES RELATED TO CHILDREN,RESIDENCE-HOUSE, 6 
  OFFENSES RELATED TO CHILDREN,SMALL MERCHANT, 1 
  OFFENSES RELATED TO CHILDREN,STREET, 3 
  OTHER OFFENSES RELATED TO THEF,ATM, 1 
  OTHER OFFENSES RELATED TO THEF,BEAUTY & NAIL SALON, 9 
  OTHER OFFENSES RELATED TO THEF,CHAIN STORE, 6 
  OTHER OFFENSES RELATED TO THEF,COMMERCIAL BUILDING, 8 
  OTHER OFFENSES RELATED TO THEF,DEPARTMENT STORE, 1 
  OTHER OFFENSES RELATED TO THEF,DRY CLEANER/LAUNDRY, 3 
  OTHER OFFENSES RELATED TO THEF,FACTORY/WAREHOUSE, 1 
  OTHER OFFENSES RELATED TO THEF,FAST FOOD, 1 
  OTHER OFFENSES RELATED TO THEF,FERRY/FERRY TERMINAL, 2 
  OTHER OFFENSES RELATED TO THEF,GAS STATION, 76 
  OTHER OFFENSES RELATED TO THEF,GROCERY/BODEGA, 2 
  OTHER OFFENSES RELATED TO THEF,HOSPITAL, 1 
  OTHER OFFENSES RELATED TO THEF,HOTEL/MOTEL, 2 
  OTHER OFFENSES RELATED TO THEF,OTHER, 5 
  OTHER OFFENSES RELATED TO THEF,PARKING LOT/GARAGE  PUBLIC , 2 
  OTHER OFFENSES RELATED TO THEF,RESIDENCE - APT. HOUSE, 10 
  OTHER OFFENSES RELATED TO THEF,RESIDENCE - PUBLIC HOUSING, 4 
  OTHER OFFENSES RELATED TO THEF,RESIDENCE-HOUSE, 23 
  OTHER OFFENSES RELATED TO THEF,RESTAURANT/DINER, 50 
  OTHER OFFENSES RELATED TO THEF,SMALL MERCHANT, 4 
  OTHER OFFENSES RELATED TO THEF,STORE UNCLASSIFIED, 1 
  OTHER OFFENSES RELATED TO THEF,STREET, 34 
  OTHER OFFENSES RELATED TO THEF,TAXI  LIVERY LICENSED , 6 
  OTHER OFFENSES RELATED TO THEF,TAXI  YELLOW LICENSED , 8 
  OTHER OFFENSES RELATED TO THEF,TELECOMM. STORE, 1 
  OTHER OFFENSES RELATED TO THEF,TRANSIT FACILITY  OTHER , 2 
  OTHER STATE LAWS  NON PENAL LA,BUS  NYC TRANSIT , 1 
  OTHER STATE LAWS  NON PENAL LA,CANDY STORE, 2 
  OTHER STATE LAWS  NON PENAL LA,CHAIN STORE, 1 
  OTHER STATE LAWS  NON PENAL LA,CHECK CASHING BUSINESS, 1 
  OTHER STATE LAWS  NON PENAL LA,COMMERCIAL BUILDING, 1 
  OTHER STATE LAWS  NON PENAL LA,FERRY/FERRY TERMINAL, 3 
  OTHER STATE LAWS  NON PENAL LA,FOOD SUPERMARKET, 3 
  OTHER STATE LAWS  NON PENAL LA,GROCERY/BODEGA, 29 
  OTHER STATE LAWS  NON PENAL LA,PUBLIC BUILDING, 1 
  OTHER STATE LAWS  NON PENAL LA,PUBLIC SCHOOL, 1 
  OTHER STATE LAWS  NON PENAL LA,RESIDENCE - APT. HOUSE, 2 
  OTHER STATE LAWS  NON PENAL LA,RESIDENCE - PUBLIC HOUSING, 3 
  OTHER STATE LAWS  NON PENAL LA,RESIDENCE-HOUSE, 11 
  OTHER STATE LAWS  NON PENAL LA,SMALL MERCHANT, 2 
  OTHER STATE LAWS  NON PENAL LA,STORE UNCLASSIFIED, 1 
  OTHER STATE LAWS  NON PENAL LA,STREET, 18 
  OTHER STATE LAWS  NON PENAL LA,VARIETY STORE, 1 
  PETIT LARCENY,ABANDONED BUILDING, 7 
  PETIT LARCENY,ATM, 17 
  PETIT LARCENY,BANK, 65 
  PETIT LARCENY,BAR/NIGHT CLUB, 96 
  PETIT LARCENY,BEAUTY & NAIL SALON, 95 
  PETIT LARCENY,BOOK/CARD, 35 
  PETIT LARCENY,BRIDGE, 1 
  PETIT LARCENY,BUS  NYC TRANSIT , 11 
  PETIT LARCENY,BUS  OTHER , 1 
  PETIT LARCENY,BUS STOP, 6 
  PETIT LARCENY,BUS TERMINAL, 4 
  PETIT LARCENY,CANDY STORE, 40 
  PETIT LARCENY,CEMETERY, 8 
  PETIT LARCENY,CHAIN STORE, 1986 
  PETIT LARCENY,CHECK CASHING BUSINESS, 38 
  PETIT LARCENY,CHURCH, 86 
  PETIT LARCENY,CLOTHING/BOUTIQUE, 354 
  PETIT LARCENY,COMMERCIAL BUILDING, 1529 
  PETIT LARCENY,CONSTRUCTION SITE, 49 
  PETIT LARCENY,DEPARTMENT STORE, 2668 
  PETIT LARCENY,DOCTOR/DENTIST OFFICE, 99 
  PETIT LARCENY,DRUG STORE, 569 
  PETIT LARCENY,DRY CLEANER/LAUNDRY, 64 
  PETIT LARCENY,FACTORY/WAREHOUSE, 26 
  PETIT LARCENY,FAST FOOD, 113 
  PETIT LARCENY,FERRY/FERRY TERMINAL, 149 
  PETIT LARCENY,FOOD SUPERMARKET, 774 
  PETIT LARCENY,GAS STATION, 256 
  PETIT LARCENY,GROCERY/BODEGA, 625 
  PETIT LARCENY,GYM/FITNESS FACILITY, 210 
  PETIT LARCENY,HIGHWAY/PARKWAY, 1 
  PETIT LARCENY,HOSPITAL, 139 
  PETIT LARCENY,HOTEL/MOTEL, 62 
  PETIT LARCENY,JEWELRY, 15 
  PETIT LARCENY,LIQUOR STORE, 48 
  PETIT LARCENY,LOAN COMPANY, 2 
  PETIT LARCENY,MARINA/PIER, 22 
  PETIT LARCENY,MOSQUE, 3 
  PETIT LARCENY,OPEN AREAS  OPEN LOTS , 89 
  PETIT LARCENY,OTHER, 976 
  PETIT LARCENY,OTHER HOUSE OF WORSHIP, 8 
  PETIT LARCENY,PARK/PLAYGROUND, 71 
  PETIT LARCENY,PARKING LOT/GARAGE  PRIVATE , 332 
  PETIT LARCENY,PARKING LOT/GARAGE  PUBLIC , 486 
  PETIT LARCENY,PHOTO/COPY, 2 
  PETIT LARCENY,PRIVATE/PAROCHIAL SCHOOL, 56 
  PETIT LARCENY,PUBLIC BUILDING, 60 
  PETIT LARCENY,PUBLIC SCHOOL, 468 
  PETIT LARCENY,RESIDENCE - APT. HOUSE, 1511 
  PETIT LARCENY,RESIDENCE - PUBLIC HOUSING, 407 
  PETIT LARCENY,RESIDENCE-HOUSE, 6140 
  PETIT LARCENY,RESTAURANT/DINER, 252 
  PETIT LARCENY,SHOE, 31 
  PETIT LARCENY,SMALL MERCHANT, 177 
  PETIT LARCENY,SOCIAL CLUB/POLICY, 8 
  PETIT LARCENY,STORAGE FACILITY, 32 
  PETIT LARCENY,STORE UNCLASSIFIED, 252 
  PETIT LARCENY,STREET, 5511 
  PETIT LARCENY,SYNAGOGUE, 1 
  PETIT LARCENY,TAXI  LIVERY LICENSED , 9 
  PETIT LARCENY,TAXI  YELLOW LICENSED , 2 
  PETIT LARCENY,TELECOMM. STORE, 44 
  PETIT LARCENY,TRANSIT FACILITY  OTHER , 5 
  PETIT LARCENY,TUNNEL, 10 
  PETIT LARCENY,VARIETY STORE, 98 
  PETIT LARCENY,VIDEO STORE, 24 
  PETIT LARCENY OF MOTOR VEHICLE,COMMERCIAL BUILDING, 1 
  PETIT LARCENY OF MOTOR VEHICLE,OTHER, 2 
  PETIT LARCENY OF MOTOR VEHICLE,RESIDENCE - PUBLIC HOUSING, 1 
  PETIT LARCENY OF MOTOR VEHICLE,RESIDENCE-HOUSE, 10 
  PETIT LARCENY OF MOTOR VEHICLE,RESTAURANT/DINER, 1 
  PETIT LARCENY OF MOTOR VEHICLE,STREET, 5 
  POSSESSION OF STOLEN PROPERTY,BAR/NIGHT CLUB, 4 
  POSSESSION OF STOLEN PROPERTY,BEAUTY & NAIL SALON, 2 
  POSSESSION OF STOLEN PROPERTY,BRIDGE, 2 
  POSSESSION OF STOLEN PROPERTY,CANDY STORE, 1 
  POSSESSION OF STOLEN PROPERTY,CHAIN STORE, 34 
  POSSESSION OF STOLEN PROPERTY,CHECK CASHING BUSINESS, 1 
  POSSESSION OF STOLEN PROPERTY,CLOTHING/BOUTIQUE, 6 
  POSSESSION OF STOLEN PROPERTY,COMMERCIAL BUILDING, 34 
  POSSESSION OF STOLEN PROPERTY,CONSTRUCTION SITE, 2 
  POSSESSION OF STOLEN PROPERTY,DEPARTMENT STORE, 115 
  POSSESSION OF STOLEN PROPERTY,DRUG STORE, 11 
  POSSESSION OF STOLEN PROPERTY,FACTORY/WAREHOUSE, 2 
  POSSESSION OF STOLEN PROPERTY,FAST FOOD, 1 
  POSSESSION OF STOLEN PROPERTY,FERRY/FERRY TERMINAL, 2 
  POSSESSION OF STOLEN PROPERTY,FOOD SUPERMARKET, 26 
  POSSESSION OF STOLEN PROPERTY,GAS STATION, 2 
  POSSESSION OF STOLEN PROPERTY,GROCERY/BODEGA, 28 
  POSSESSION OF STOLEN PROPERTY,GYM/FITNESS FACILITY, 1 
  POSSESSION OF STOLEN PROPERTY,HIGHWAY/PARKWAY, 1 
  POSSESSION OF STOLEN PROPERTY,HOSPITAL, 1 
  POSSESSION OF STOLEN PROPERTY,HOTEL/MOTEL, 1 
  POSSESSION OF STOLEN PROPERTY,JEWELRY, 14 
  POSSESSION OF STOLEN PROPERTY,LIQUOR STORE, 1 
  POSSESSION OF STOLEN PROPERTY,OPEN AREAS  OPEN LOTS , 2 
  POSSESSION OF STOLEN PROPERTY,OTHER, 21 
  POSSESSION OF STOLEN PROPERTY,PARK/PLAYGROUND, 2 
  POSSESSION OF STOLEN PROPERTY,PARKING LOT/GARAGE  PRIVATE , 5 
  POSSESSION OF STOLEN PROPERTY,PARKING LOT/GARAGE  PUBLIC , 5 
  POSSESSION OF STOLEN PROPERTY,PUBLIC BUILDING, 3 
  POSSESSION OF STOLEN PROPERTY,PUBLIC SCHOOL, 15 
  POSSESSION OF STOLEN PROPERTY,RESIDENCE - APT. HOUSE, 25 
  POSSESSION OF STOLEN PROPERTY,RESIDENCE - PUBLIC HOUSING, 11 
  POSSESSION OF STOLEN PROPERTY,RESIDENCE-HOUSE, 60 
  POSSESSION OF STOLEN PROPERTY,RESTAURANT/DINER, 2 
  POSSESSION OF STOLEN PROPERTY,SMALL MERCHANT, 20 
  POSSESSION OF STOLEN PROPERTY,STORAGE FACILITY, 1 
  POSSESSION OF STOLEN PROPERTY,STORE UNCLASSIFIED, 11 
  POSSESSION OF STOLEN PROPERTY,STREET, 115 
  POSSESSION OF STOLEN PROPERTY,TELECOMM. STORE, 1 
  POSSESSION OF STOLEN PROPERTY,TRANSIT FACILITY  OTHER , 3 
  POSSESSION OF STOLEN PROPERTY,TUNNEL, 1 
  POSSESSION OF STOLEN PROPERTY,VARIETY STORE, 1 
  POSSESSION OF STOLEN PROPERTY,VIDEO STORE, 1 
  PROSTITUTION & RELATED OFFENSES,HOTEL/MOTEL, 1 
  SEX CRIMES,BAR/NIGHT CLUB, 6 
  SEX CRIMES,BEAUTY & NAIL SALON, 2 
  SEX CRIMES,BUS  NYC TRANSIT , 5 
  SEX CRIMES,BUS  OTHER , 2 
  SEX CRIMES,BUS STOP, 1 
  SEX CRIMES,BUS TERMINAL, 2 
  SEX CRIMES,CHAIN STORE, 8 
  SEX CRIMES,COMMERCIAL BUILDING, 22 
  SEX CRIMES,DEPARTMENT STORE, 6 
  SEX CRIMES,DOCTOR/DENTIST OFFICE, 4 
  SEX CRIMES,DRY CLEANER/LAUNDRY, 1 
  SEX CRIMES,FAST FOOD, 3 
  SEX CRIMES,FERRY/FERRY TERMINAL, 8 
  SEX CRIMES,FOOD SUPERMARKET, 6 
  SEX CRIMES,GROCERY/BODEGA, 10 
  SEX CRIMES,GYM/FITNESS FACILITY, 1 
  SEX CRIMES,HOSPITAL, 18 
  SEX CRIMES,HOTEL/MOTEL, 5 
  SEX CRIMES,MARINA/PIER, 1 
  SEX CRIMES,OTHER, 25 
  SEX CRIMES,PARK/PLAYGROUND, 5 
  SEX CRIMES,PARKING LOT/GARAGE  PRIVATE , 4 
  SEX CRIMES,PARKING LOT/GARAGE  PUBLIC , 6 
  SEX CRIMES,PRIVATE/PAROCHIAL SCHOOL, 1 
  SEX CRIMES,PUBLIC BUILDING, 6 
  SEX CRIMES,PUBLIC SCHOOL, 61 
  SEX CRIMES,RESIDENCE - APT. HOUSE, 142 
  SEX CRIMES,RESIDENCE - PUBLIC HOUSING, 74 
  SEX CRIMES,RESIDENCE-HOUSE, 360 
  SEX CRIMES,RESTAURANT/DINER, 11 
  SEX CRIMES,SMALL MERCHANT, 3 
  SEX CRIMES,SOCIAL CLUB/POLICY, 1 
  SEX CRIMES,STORE UNCLASSIFIED, 7 
  SEX CRIMES,STREET, 58 
  SEX CRIMES,TAXI  LIVERY LICENSED , 2 
  SEX CRIMES,TRANSIT FACILITY  OTHER , 1 
  UNAUTHORIZED USE OF A VEHICLE,BANK, 1 
  UNAUTHORIZED USE OF A VEHICLE,BAR/NIGHT CLUB, 2 
  UNAUTHORIZED USE OF A VEHICLE,CHAIN STORE, 21 
  UNAUTHORIZED USE OF A VEHICLE,COMMERCIAL BUILDING, 47 
  UNAUTHORIZED USE OF A VEHICLE,CONSTRUCTION SITE, 1 
  UNAUTHORIZED USE OF A VEHICLE,FAST FOOD, 2 
  UNAUTHORIZED USE OF A VEHICLE,FOOD SUPERMARKET, 1 
  UNAUTHORIZED USE OF A VEHICLE,GAS STATION, 1 
  UNAUTHORIZED USE OF A VEHICLE,GROCERY/BODEGA, 2 
  UNAUTHORIZED USE OF A VEHICLE,HOSPITAL, 1 
  UNAUTHORIZED USE OF A VEHICLE,HOTEL/MOTEL, 4 
  UNAUTHORIZED USE OF A VEHICLE,MARINA/PIER, 2 
  UNAUTHORIZED USE OF A VEHICLE,OTHER, 38 
  UNAUTHORIZED USE OF A VEHICLE,PARKING LOT/GARAGE  PRIVATE , 29 
  UNAUTHORIZED USE OF A VEHICLE,PARKING LOT/GARAGE  PUBLIC , 18 
  UNAUTHORIZED USE OF A VEHICLE,PRIVATE/PAROCHIAL SCHOOL, 1 
  UNAUTHORIZED USE OF A VEHICLE,RESIDENCE - APT. HOUSE, 38 
  UNAUTHORIZED USE OF A VEHICLE,RESIDENCE - PUBLIC HOUSING, 38 
  UNAUTHORIZED USE OF A VEHICLE,RESIDENCE-HOUSE, 186 
  UNAUTHORIZED USE OF A VEHICLE,RESTAURANT/DINER, 1 
  UNAUTHORIZED USE OF A VEHICLE,SMALL MERCHANT, 7 
  UNAUTHORIZED USE OF A VEHICLE,STORAGE FACILITY, 1 
  UNAUTHORIZED USE OF A VEHICLE,STORE UNCLASSIFIED, 4 
  UNAUTHORIZED USE OF A VEHICLE,STREET, 398 
  UNAUTHORIZED USE OF A VEHICLE,TAXI  LIVERY LICENSED , 3 
  VEHICLE AND TRAFFIC LAWS,BAR/NIGHT CLUB, 1 
  VEHICLE AND TRAFFIC LAWS,BRIDGE, 2 
  VEHICLE AND TRAFFIC LAWS,CHAIN STORE, 4 
  VEHICLE AND TRAFFIC LAWS,COMMERCIAL BUILDING, 3 
  VEHICLE AND TRAFFIC LAWS,DRUG STORE, 1 
  VEHICLE AND TRAFFIC LAWS,FAST FOOD, 1 
  VEHICLE AND TRAFFIC LAWS,FOOD SUPERMARKET, 1 
  VEHICLE AND TRAFFIC LAWS,GAS STATION, 3 
  VEHICLE AND TRAFFIC LAWS,GROCERY/BODEGA, 1 
  VEHICLE AND TRAFFIC LAWS,HIGHWAY/PARKWAY, 1 
  VEHICLE AND TRAFFIC LAWS,OPEN AREAS  OPEN LOTS , 1 
  VEHICLE AND TRAFFIC LAWS,OTHER, 1 
  VEHICLE AND TRAFFIC LAWS,PARKING LOT/GARAGE  PRIVATE , 6 
  VEHICLE AND TRAFFIC LAWS,PARKING LOT/GARAGE  PUBLIC , 18 
  VEHICLE AND TRAFFIC LAWS,PUBLIC BUILDING, 2 
  VEHICLE AND TRAFFIC LAWS,RESIDENCE - APT. HOUSE, 3 
  VEHICLE AND TRAFFIC LAWS,RESIDENCE - PUBLIC HOUSING, 5 
  VEHICLE AND TRAFFIC LAWS,RESIDENCE-HOUSE, 13 
  VEHICLE AND TRAFFIC LAWS,STREET, 201 
  VEHICLE AND TRAFFIC LAWS,TUNNEL, 1 
