  ADMINISTRATIVE CODE,BANK, 2 
  ADMINISTRATIVE CODE,BAR/NIGHT CLUB, 3 
  ADMINISTRATIVE CODE,BEAUTY & NAIL SALON, 3 
  ADMINISTRATIVE CODE,CANDY STORE, 1 
  ADMINISTRATIVE CODE,CHECK CASHING BUSINESS, 4 
  ADMINISTRATIVE CODE,CHURCH, 7 
  ADMINISTRATIVE CODE,COMMERCIAL BUILDING, 17 
  ADMINISTRATIVE CODE,DOCTOR/DENTIST OFFICE, 4 
  ADMINISTRATIVE CODE,DRUG STORE, 1 
  ADMINISTRATIVE CODE,DRY CLEANER/LAUNDRY, 2 
  ADMINISTRATIVE CODE,FACTORY/WAREHOUSE, 2 
  ADMINISTRATIVE CODE,FAST FOOD, 5 
  ADMINISTRATIVE CODE,GROCERY/BODEGA, 11 
  ADMINISTRATIVE CODE,JEWELRY, 1 
  ADMINISTRATIVE CODE,LIQUOR STORE, 3 
  ADMINISTRATIVE CODE,OTHER, 19 
  ADMINISTRATIVE CODE,PARK/PLAYGROUND, 2 
  ADMINISTRATIVE CODE,PARKING LOT/GARAGE  PUBLIC , 1 
  ADMINISTRATIVE CODE,PHOTO/COPY, 1 
  ADMINISTRATIVE CODE,PRIVATE/PAROCHIAL SCHOOL, 1 
  ADMINISTRATIVE CODE,PUBLIC BUILDING, 2 
  ADMINISTRATIVE CODE,PUBLIC SCHOOL, 5 
  ADMINISTRATIVE CODE,RESIDENCE - APT. HOUSE, 1842 
  ADMINISTRATIVE CODE,RESIDENCE - PUBLIC HOUSING, 35 
  ADMINISTRATIVE CODE,RESIDENCE-HOUSE, 961 
  ADMINISTRATIVE CODE,RESTAURANT/DINER, 9 
  ADMINISTRATIVE CODE,SMALL MERCHANT, 7 
  ADMINISTRATIVE CODE,SOCIAL CLUB/POLICY, 2 
  ADMINISTRATIVE CODE,STORAGE FACILITY, 1 
  ADMINISTRATIVE CODE,STORE UNCLASSIFIED, 5 
  ADMINISTRATIVE CODE,STREET, 26 
  ADMINISTRATIVE CODE,SYNAGOGUE, 1 
  ADMINISTRATIVE CODE,TRANSIT - NYC SUBWAY, 1 
  ADMINISTRATIVE CODE,VARIETY STORE, 2 
  AGRICULTURE & MRKTS LAW-UNCLASSIFIED,ABANDONED BUILDING, 1 
  AGRICULTURE & MRKTS LAW-UNCLASSIFIED,COMMERCIAL BUILDING, 2 
  AGRICULTURE & MRKTS LAW-UNCLASSIFIED,OTHER, 2 
  AGRICULTURE & MRKTS LAW-UNCLASSIFIED,RESIDENCE - APT. HOUSE, 10 
  AGRICULTURE & MRKTS LAW-UNCLASSIFIED,RESIDENCE - PUBLIC HOUSING, 5 
  AGRICULTURE & MRKTS LAW-UNCLASSIFIED,RESIDENCE-HOUSE, 9 
  AGRICULTURE & MRKTS LAW-UNCLASSIFIED,RESTAURANT/DINER, 1 
  AGRICULTURE & MRKTS LAW-UNCLASSIFIED,STREET, 5 
  ALCOHOLIC BEVERAGE CONTROL LAW,BAR/NIGHT CLUB, 31 
  ALCOHOLIC BEVERAGE CONTROL LAW,BEAUTY & NAIL SALON, 3 
  ALCOHOLIC BEVERAGE CONTROL LAW,COMMERCIAL BUILDING, 6 
  ALCOHOLIC BEVERAGE CONTROL LAW,FACTORY/WAREHOUSE, 1 
  ALCOHOLIC BEVERAGE CONTROL LAW,FAST FOOD, 1 
  ALCOHOLIC BEVERAGE CONTROL LAW,GROCERY/BODEGA, 27 
  ALCOHOLIC BEVERAGE CONTROL LAW,LIQUOR STORE, 2 
  ALCOHOLIC BEVERAGE CONTROL LAW,OTHER, 1 
  ALCOHOLIC BEVERAGE CONTROL LAW,PARKING LOT/GARAGE  PRIVATE , 1 
  ALCOHOLIC BEVERAGE CONTROL LAW,RESIDENCE - APT. HOUSE, 8 
  ALCOHOLIC BEVERAGE CONTROL LAW,RESIDENCE-HOUSE, 16 
  ALCOHOLIC BEVERAGE CONTROL LAW,RESTAURANT/DINER, 4 
  ALCOHOLIC BEVERAGE CONTROL LAW,SOCIAL CLUB/POLICY, 16 
  ALCOHOLIC BEVERAGE CONTROL LAW,STORE UNCLASSIFIED, 4 
  ALCOHOLIC BEVERAGE CONTROL LAW,STREET, 1 
  ANTICIPATORY OFFENSES,BANK, 1 
  ANTICIPATORY OFFENSES,COMMERCIAL BUILDING, 2 
  ANTICIPATORY OFFENSES,GROCERY/BODEGA, 1 
  ANTICIPATORY OFFENSES,OTHER, 2 
  ANTICIPATORY OFFENSES,PUBLIC BUILDING, 1 
  ANTICIPATORY OFFENSES,PUBLIC SCHOOL, 2 
  ANTICIPATORY OFFENSES,RESIDENCE - APT. HOUSE, 2 
  ANTICIPATORY OFFENSES,RESIDENCE-HOUSE, 1 
  ANTICIPATORY OFFENSES,STREET, 5 
  ASSAULT 3 & RELATED OFFENSES,ABANDONED BUILDING, 8 
  ASSAULT 3 & RELATED OFFENSES,AIRPORT TERMINAL, 5 
  ASSAULT 3 & RELATED OFFENSES,ATM, 2 
  ASSAULT 3 & RELATED OFFENSES,BANK, 42 
  ASSAULT 3 & RELATED OFFENSES,BAR/NIGHT CLUB, 1364 
  ASSAULT 3 & RELATED OFFENSES,BEAUTY & NAIL SALON, 378 
  ASSAULT 3 & RELATED OFFENSES,BOOK/CARD, 12 
  ASSAULT 3 & RELATED OFFENSES,BRIDGE, 4 
  ASSAULT 3 & RELATED OFFENSES,BUS  NYC TRANSIT , 42 
  ASSAULT 3 & RELATED OFFENSES,BUS  OTHER , 20 
  ASSAULT 3 & RELATED OFFENSES,BUS STOP, 27 
  ASSAULT 3 & RELATED OFFENSES,BUS TERMINAL, 3 
  ASSAULT 3 & RELATED OFFENSES,CANDY STORE, 235 
  ASSAULT 3 & RELATED OFFENSES,CEMETERY, 2 
  ASSAULT 3 & RELATED OFFENSES,CHAIN STORE, 435 
  ASSAULT 3 & RELATED OFFENSES,CHECK CASHING BUSINESS, 24 
  ASSAULT 3 & RELATED OFFENSES,CHURCH, 103 
  ASSAULT 3 & RELATED OFFENSES,CLOTHING/BOUTIQUE, 147 
  ASSAULT 3 & RELATED OFFENSES,COMMERCIAL BUILDING, 1154 
  ASSAULT 3 & RELATED OFFENSES,CONSTRUCTION SITE, 80 
  ASSAULT 3 & RELATED OFFENSES,DEPARTMENT STORE, 272 
  ASSAULT 3 & RELATED OFFENSES,DOCTOR/DENTIST OFFICE, 131 
  ASSAULT 3 & RELATED OFFENSES,DRUG STORE, 127 
  ASSAULT 3 & RELATED OFFENSES,DRY CLEANER/LAUNDRY, 301 
  ASSAULT 3 & RELATED OFFENSES,FACTORY/WAREHOUSE, 124 
  ASSAULT 3 & RELATED OFFENSES,FAST FOOD, 684 
  ASSAULT 3 & RELATED OFFENSES,FOOD SUPERMARKET, 310 
  ASSAULT 3 & RELATED OFFENSES,GAS STATION, 180 
  ASSAULT 3 & RELATED OFFENSES,GROCERY/BODEGA, 1997 
  ASSAULT 3 & RELATED OFFENSES,GYM/FITNESS FACILITY, 107 
  ASSAULT 3 & RELATED OFFENSES,HIGHWAY/PARKWAY, 5 
  ASSAULT 3 & RELATED OFFENSES,HOSPITAL, 650 
  ASSAULT 3 & RELATED OFFENSES,HOTEL/MOTEL, 224 
  ASSAULT 3 & RELATED OFFENSES,JEWELRY, 19 
  ASSAULT 3 & RELATED OFFENSES,LIQUOR STORE, 66 
  ASSAULT 3 & RELATED OFFENSES,LOAN COMPANY, 1 
  ASSAULT 3 & RELATED OFFENSES,MARINA/PIER, 28 
  ASSAULT 3 & RELATED OFFENSES,MOSQUE, 11 
  ASSAULT 3 & RELATED OFFENSES,OPEN AREAS  OPEN LOTS , 95 
  ASSAULT 3 & RELATED OFFENSES,OTHER, 2279 
  ASSAULT 3 & RELATED OFFENSES,OTHER HOUSE OF WORSHIP, 12 
  ASSAULT 3 & RELATED OFFENSES,PARK/PLAYGROUND, 402 
  ASSAULT 3 & RELATED OFFENSES,PARKING LOT/GARAGE  PRIVATE , 135 
  ASSAULT 3 & RELATED OFFENSES,PARKING LOT/GARAGE  PUBLIC , 200 
  ASSAULT 3 & RELATED OFFENSES,PHOTO/COPY, 9 
  ASSAULT 3 & RELATED OFFENSES,PRIVATE/PAROCHIAL SCHOOL, 87 
  ASSAULT 3 & RELATED OFFENSES,PUBLIC BUILDING, 531 
  ASSAULT 3 & RELATED OFFENSES,PUBLIC SCHOOL, 2268 
  ASSAULT 3 & RELATED OFFENSES,RESIDENCE - APT. HOUSE, 43225 
  ASSAULT 3 & RELATED OFFENSES,RESIDENCE - PUBLIC HOUSING, 16709 
  ASSAULT 3 & RELATED OFFENSES,RESIDENCE-HOUSE, 13993 
  ASSAULT 3 & RELATED OFFENSES,RESTAURANT/DINER, 1025 
  ASSAULT 3 & RELATED OFFENSES,SHOE, 33 
  ASSAULT 3 & RELATED OFFENSES,SMALL MERCHANT, 260 
  ASSAULT 3 & RELATED OFFENSES,SOCIAL CLUB/POLICY, 137 
  ASSAULT 3 & RELATED OFFENSES,STORAGE FACILITY, 50 
  ASSAULT 3 & RELATED OFFENSES,STORE UNCLASSIFIED, 309 
  ASSAULT 3 & RELATED OFFENSES,STREET, 17505 
  ASSAULT 3 & RELATED OFFENSES,SYNAGOGUE, 67 
  ASSAULT 3 & RELATED OFFENSES,TAXI  LIVERY LICENSED , 29 
  ASSAULT 3 & RELATED OFFENSES,TAXI  YELLOW LICENSED , 25 
  ASSAULT 3 & RELATED OFFENSES,TAXI/LIVERY  UNLICENSED , 6 
  ASSAULT 3 & RELATED OFFENSES,TELECOMM. STORE, 52 
  ASSAULT 3 & RELATED OFFENSES,TRANSIT - NYC SUBWAY, 24 
  ASSAULT 3 & RELATED OFFENSES,TRANSIT FACILITY  OTHER , 7 
  ASSAULT 3 & RELATED OFFENSES,TUNNEL, 21 
  ASSAULT 3 & RELATED OFFENSES,VARIETY STORE, 118 
  ASSAULT 3 & RELATED OFFENSES,VIDEO STORE, 17 
   BURGLARS TOOLS  ABANDONED BUILDING, 3 
   BURGLARS TOOLS  BANK, 1 
   BURGLARS TOOLS  CHAIN STORE, 12 
   BURGLARS TOOLS  CLOTHING/BOUTIQUE, 4 
   BURGLARS TOOLS  COMMERCIAL BUILDING, 9 
   BURGLARS TOOLS  CONSTRUCTION SITE, 3 
   BURGLARS TOOLS  DEPARTMENT STORE, 22 
   BURGLARS TOOLS  DRY CLEANER/LAUNDRY, 1 
   BURGLARS TOOLS  FACTORY/WAREHOUSE, 4 
   BURGLARS TOOLS  FOOD SUPERMARKET, 1 
   BURGLARS TOOLS  GROCERY/BODEGA, 3 
   BURGLARS TOOLS  GYM/FITNESS FACILITY, 1 
   BURGLARS TOOLS  HOSPITAL, 1 
   BURGLARS TOOLS  OTHER, 9 
   BURGLARS TOOLS  PARK/PLAYGROUND, 2 
   BURGLARS TOOLS  PARKING LOT/GARAGE  PRIVATE , 7 
   BURGLARS TOOLS  PARKING LOT/GARAGE  PUBLIC , 2 
   BURGLARS TOOLS  PUBLIC BUILDING, 1 
   BURGLARS TOOLS  PUBLIC SCHOOL, 2 
   BURGLARS TOOLS  RESIDENCE - APT. HOUSE, 43 
   BURGLARS TOOLS  RESIDENCE - PUBLIC HOUSING, 31 
   BURGLARS TOOLS  RESIDENCE-HOUSE, 48 
   BURGLARS TOOLS  RESTAURANT/DINER, 1 
   BURGLARS TOOLS  STORAGE FACILITY, 1 
   BURGLARS TOOLS  STORE UNCLASSIFIED, 4 
   BURGLARS TOOLS  STREET, 160 
   BURGLARS TOOLS  SYNAGOGUE, 1 
   BURGLARS TOOLS  TELECOMM. STORE, 1 
  CRIMINAL MISCHIEF & RELATED OF,ABANDONED BUILDING, 189 
  CRIMINAL MISCHIEF & RELATED OF,ATM, 24 
  CRIMINAL MISCHIEF & RELATED OF,BANK, 169 
  CRIMINAL MISCHIEF & RELATED OF,BAR/NIGHT CLUB, 287 
  CRIMINAL MISCHIEF & RELATED OF,BEAUTY & NAIL SALON, 337 
  CRIMINAL MISCHIEF & RELATED OF,BOOK/CARD, 7 
  CRIMINAL MISCHIEF & RELATED OF,BRIDGE, 24 
  CRIMINAL MISCHIEF & RELATED OF,BUS  NYC TRANSIT , 30 
  CRIMINAL MISCHIEF & RELATED OF,BUS  OTHER , 27 
  CRIMINAL MISCHIEF & RELATED OF,BUS STOP, 44 
  CRIMINAL MISCHIEF & RELATED OF,BUS TERMINAL, 5 
  CRIMINAL MISCHIEF & RELATED OF,CANDY STORE, 152 
  CRIMINAL MISCHIEF & RELATED OF,CEMETERY, 24 
  CRIMINAL MISCHIEF & RELATED OF,CHAIN STORE, 429 
  CRIMINAL MISCHIEF & RELATED OF,CHECK CASHING BUSINESS, 62 
  CRIMINAL MISCHIEF & RELATED OF,CHURCH, 350 
  CRIMINAL MISCHIEF & RELATED OF,CLOTHING/BOUTIQUE, 214 
  CRIMINAL MISCHIEF & RELATED OF,COMMERCIAL BUILDING, 2978 
  CRIMINAL MISCHIEF & RELATED OF,CONSTRUCTION SITE, 250 
  CRIMINAL MISCHIEF & RELATED OF,DEPARTMENT STORE, 211 
  CRIMINAL MISCHIEF & RELATED OF,DOCTOR/DENTIST OFFICE, 298 
  CRIMINAL MISCHIEF & RELATED OF,DRUG STORE, 196 
  CRIMINAL MISCHIEF & RELATED OF,DRY CLEANER/LAUNDRY, 337 
  CRIMINAL MISCHIEF & RELATED OF,FACTORY/WAREHOUSE, 411 
  CRIMINAL MISCHIEF & RELATED OF,FAST FOOD, 502 
  CRIMINAL MISCHIEF & RELATED OF,FOOD SUPERMARKET, 179 
  CRIMINAL MISCHIEF & RELATED OF,GAS STATION, 239 
  CRIMINAL MISCHIEF & RELATED OF,GROCERY/BODEGA, 1645 
  CRIMINAL MISCHIEF & RELATED OF,GYM/FITNESS FACILITY, 68 
  CRIMINAL MISCHIEF & RELATED OF,HIGHWAY/PARKWAY, 33 
  CRIMINAL MISCHIEF & RELATED OF,HOSPITAL, 157 
  CRIMINAL MISCHIEF & RELATED OF,HOTEL/MOTEL, 67 
  CRIMINAL MISCHIEF & RELATED OF,JEWELRY, 43 
  CRIMINAL MISCHIEF & RELATED OF,LIQUOR STORE, 131 
  CRIMINAL MISCHIEF & RELATED OF,LOAN COMPANY, 10 
  CRIMINAL MISCHIEF & RELATED OF,MARINA/PIER, 20 
  CRIMINAL MISCHIEF & RELATED OF,MOSQUE, 20 
  CRIMINAL MISCHIEF & RELATED OF,OPEN AREAS  OPEN LOTS , 227 
  CRIMINAL MISCHIEF & RELATED OF,OTHER, 2334 
  CRIMINAL MISCHIEF & RELATED OF,OTHER HOUSE OF WORSHIP, 43 
  CRIMINAL MISCHIEF & RELATED OF,PARK/PLAYGROUND, 203 
  CRIMINAL MISCHIEF & RELATED OF,PARKING LOT/GARAGE  PRIVATE , 1428 
  CRIMINAL MISCHIEF & RELATED OF,PARKING LOT/GARAGE  PUBLIC , 1192 
  CRIMINAL MISCHIEF & RELATED OF,PHOTO/COPY, 15 
  CRIMINAL MISCHIEF & RELATED OF,PRIVATE/PAROCHIAL SCHOOL, 138 
  CRIMINAL MISCHIEF & RELATED OF,PUBLIC BUILDING, 503 
  CRIMINAL MISCHIEF & RELATED OF,PUBLIC SCHOOL, 934 
  CRIMINAL MISCHIEF & RELATED OF,RESIDENCE - APT. HOUSE, 18151 
  CRIMINAL MISCHIEF & RELATED OF,RESIDENCE - PUBLIC HOUSING, 8760 
  CRIMINAL MISCHIEF & RELATED OF,RESIDENCE-HOUSE, 10338 
  CRIMINAL MISCHIEF & RELATED OF,RESTAURANT/DINER, 913 
  CRIMINAL MISCHIEF & RELATED OF,SHOE, 40 
  CRIMINAL MISCHIEF & RELATED OF,SMALL MERCHANT, 787 
  CRIMINAL MISCHIEF & RELATED OF,SOCIAL CLUB/POLICY, 41 
  CRIMINAL MISCHIEF & RELATED OF,STORAGE FACILITY, 141 
  CRIMINAL MISCHIEF & RELATED OF,STORE UNCLASSIFIED, 618 
  CRIMINAL MISCHIEF & RELATED OF,STREET, 39460 
  CRIMINAL MISCHIEF & RELATED OF,SYNAGOGUE, 149 
  CRIMINAL MISCHIEF & RELATED OF,TAXI  LIVERY LICENSED , 22 
  CRIMINAL MISCHIEF & RELATED OF,TAXI  YELLOW LICENSED , 19 
  CRIMINAL MISCHIEF & RELATED OF,TELECOMM. STORE, 102 
  CRIMINAL MISCHIEF & RELATED OF,TRANSIT - NYC SUBWAY, 28 
  CRIMINAL MISCHIEF & RELATED OF,TRANSIT FACILITY  OTHER , 95 
  CRIMINAL MISCHIEF & RELATED OF,TUNNEL, 59 
  CRIMINAL MISCHIEF & RELATED OF,VARIETY STORE, 138 
  CRIMINAL MISCHIEF & RELATED OF,VIDEO STORE, 23 
  CRIMINAL TRESPASS,ABANDONED BUILDING, 45 
  CRIMINAL TRESPASS,ATM, 1 
  CRIMINAL TRESPASS,BANK, 18 
  CRIMINAL TRESPASS,BAR/NIGHT CLUB, 18 
  CRIMINAL TRESPASS,BEAUTY & NAIL SALON, 6 
  CRIMINAL TRESPASS,BOOK/CARD, 1 
  CRIMINAL TRESPASS,BRIDGE, 1 
  CRIMINAL TRESPASS,BUS  NYC TRANSIT , 1 
  CRIMINAL TRESPASS,CANDY STORE, 6 
  CRIMINAL TRESPASS,CHAIN STORE, 50 
  CRIMINAL TRESPASS,CHECK CASHING BUSINESS, 4 
  CRIMINAL TRESPASS,CHURCH, 38 
  CRIMINAL TRESPASS,CLOTHING/BOUTIQUE, 8 
  CRIMINAL TRESPASS,COMMERCIAL BUILDING, 175 
  CRIMINAL TRESPASS,CONSTRUCTION SITE, 55 
  CRIMINAL TRESPASS,DEPARTMENT STORE, 33 
  CRIMINAL TRESPASS,DOCTOR/DENTIST OFFICE, 15 
  CRIMINAL TRESPASS,DRUG STORE, 25 
  CRIMINAL TRESPASS,DRY CLEANER/LAUNDRY, 9 
  CRIMINAL TRESPASS,FACTORY/WAREHOUSE, 18 
  CRIMINAL TRESPASS,FAST FOOD, 36 
  CRIMINAL TRESPASS,FOOD SUPERMARKET, 16 
  CRIMINAL TRESPASS,GAS STATION, 24 
  CRIMINAL TRESPASS,GROCERY/BODEGA, 65 
  CRIMINAL TRESPASS,GYM/FITNESS FACILITY, 5 
  CRIMINAL TRESPASS,HOSPITAL, 25 
  CRIMINAL TRESPASS,HOTEL/MOTEL, 10 
  CRIMINAL TRESPASS,JEWELRY, 1 
  CRIMINAL TRESPASS,LIQUOR STORE, 1 
  CRIMINAL TRESPASS,LOAN COMPANY, 1 
  CRIMINAL TRESPASS,MARINA/PIER, 3 
  CRIMINAL TRESPASS,MOSQUE, 6 
  CRIMINAL TRESPASS,OPEN AREAS  OPEN LOTS , 18 
  CRIMINAL TRESPASS,OTHER, 154 
  CRIMINAL TRESPASS,OTHER HOUSE OF WORSHIP, 2 
  CRIMINAL TRESPASS,PARK/PLAYGROUND, 14 
  CRIMINAL TRESPASS,PARKING LOT/GARAGE  PRIVATE , 47 
  CRIMINAL TRESPASS,PARKING LOT/GARAGE  PUBLIC , 5 
  CRIMINAL TRESPASS,PRIVATE/PAROCHIAL SCHOOL, 24 
  CRIMINAL TRESPASS,PUBLIC BUILDING, 90 
  CRIMINAL TRESPASS,PUBLIC SCHOOL, 95 
  CRIMINAL TRESPASS,RESIDENCE - APT. HOUSE, 4788 
  CRIMINAL TRESPASS,RESIDENCE - PUBLIC HOUSING, 1536 
  CRIMINAL TRESPASS,RESIDENCE-HOUSE, 1356 
  CRIMINAL TRESPASS,RESTAURANT/DINER, 46 
  CRIMINAL TRESPASS,SMALL MERCHANT, 9 
  CRIMINAL TRESPASS,SOCIAL CLUB/POLICY, 3 
  CRIMINAL TRESPASS,STORAGE FACILITY, 20 
  CRIMINAL TRESPASS,STORE UNCLASSIFIED, 35 
  CRIMINAL TRESPASS,STREET, 53 
  CRIMINAL TRESPASS,SYNAGOGUE, 26 
  CRIMINAL TRESPASS,TELECOMM. STORE, 3 
  CRIMINAL TRESPASS,TRANSIT FACILITY  OTHER , 5 
  CRIMINAL TRESPASS,VARIETY STORE, 5 
  DANGEROUS DRUGS,ABANDONED BUILDING, 21 
  DANGEROUS DRUGS,ATM, 1 
  DANGEROUS DRUGS,BANK, 6 
  DANGEROUS DRUGS,BAR/NIGHT CLUB, 99 
  DANGEROUS DRUGS,BEAUTY & NAIL SALON, 16 
  DANGEROUS DRUGS,BRIDGE, 2 
  DANGEROUS DRUGS,BUS  NYC TRANSIT , 1 
  DANGEROUS DRUGS,BUS  OTHER , 1 
  DANGEROUS DRUGS,BUS STOP, 6 
  DANGEROUS DRUGS,CANDY STORE, 22 
  DANGEROUS DRUGS,CEMETERY, 1 
  DANGEROUS DRUGS,CHAIN STORE, 37 
  DANGEROUS DRUGS,CHECK CASHING BUSINESS, 1 
  DANGEROUS DRUGS,CHURCH, 5 
  DANGEROUS DRUGS,CLOTHING/BOUTIQUE, 3 
  DANGEROUS DRUGS,COMMERCIAL BUILDING, 64 
  DANGEROUS DRUGS,CONSTRUCTION SITE, 7 
  DANGEROUS DRUGS,DEPARTMENT STORE, 19 
  DANGEROUS DRUGS,DOCTOR/DENTIST OFFICE, 1 
  DANGEROUS DRUGS,DRUG STORE, 16 
  DANGEROUS DRUGS,DRY CLEANER/LAUNDRY, 15 
  DANGEROUS DRUGS,FACTORY/WAREHOUSE, 3 
  DANGEROUS DRUGS,FAST FOOD, 35 
  DANGEROUS DRUGS,FOOD SUPERMARKET, 20 
  DANGEROUS DRUGS,GAS STATION, 25 
  DANGEROUS DRUGS,GROCERY/BODEGA, 174 
  DANGEROUS DRUGS,GYM/FITNESS FACILITY, 1 
  DANGEROUS DRUGS,HIGHWAY/PARKWAY, 5 
  DANGEROUS DRUGS,HOSPITAL, 51 
  DANGEROUS DRUGS,HOTEL/MOTEL, 29 
  DANGEROUS DRUGS,LIQUOR STORE, 8 
  DANGEROUS DRUGS,MARINA/PIER, 22 
  DANGEROUS DRUGS,OPEN AREAS  OPEN LOTS , 118 
  DANGEROUS DRUGS,OTHER, 1211 
  DANGEROUS DRUGS,PARK/PLAYGROUND, 747 
  DANGEROUS DRUGS,PARKING LOT/GARAGE  PRIVATE , 64 
  DANGEROUS DRUGS,PARKING LOT/GARAGE  PUBLIC , 238 
  DANGEROUS DRUGS,PHOTO/COPY, 3 
  DANGEROUS DRUGS,PRIVATE/PAROCHIAL SCHOOL, 2 
  DANGEROUS DRUGS,PUBLIC BUILDING, 468 
  DANGEROUS DRUGS,PUBLIC SCHOOL, 114 
  DANGEROUS DRUGS,RESIDENCE - APT. HOUSE, 4689 
  DANGEROUS DRUGS,RESIDENCE - PUBLIC HOUSING, 14124 
  DANGEROUS DRUGS,RESIDENCE-HOUSE, 722 
  DANGEROUS DRUGS,RESTAURANT/DINER, 41 
  DANGEROUS DRUGS,SHOE, 1 
  DANGEROUS DRUGS,SMALL MERCHANT, 15 
  DANGEROUS DRUGS,SOCIAL CLUB/POLICY, 18 
  DANGEROUS DRUGS,STORAGE FACILITY, 1 
  DANGEROUS DRUGS,STORE UNCLASSIFIED, 24 
  DANGEROUS DRUGS,STREET, 14177 
  DANGEROUS DRUGS,SYNAGOGUE, 2 
  DANGEROUS DRUGS,TAXI  LIVERY LICENSED , 8 
  DANGEROUS DRUGS,TAXI/LIVERY  UNLICENSED , 2 
  DANGEROUS DRUGS,TELECOMM. STORE, 7 
  DANGEROUS DRUGS,TRANSIT - NYC SUBWAY, 10 
  DANGEROUS DRUGS,TRANSIT FACILITY  OTHER , 3 
  DANGEROUS DRUGS,TUNNEL, 14 
  DANGEROUS DRUGS,VARIETY STORE, 8 
  DANGEROUS DRUGS,VIDEO STORE, 2 
  DANGEROUS WEAPONS,ABANDONED BUILDING, 2 
  DANGEROUS WEAPONS,BANK, 2 
  DANGEROUS WEAPONS,BAR/NIGHT CLUB, 35 
  DANGEROUS WEAPONS,BEAUTY & NAIL SALON, 11 
  DANGEROUS WEAPONS,BOOK/CARD, 1 
  DANGEROUS WEAPONS,BUS  NYC TRANSIT , 3 
  DANGEROUS WEAPONS,BUS  OTHER , 1 
  DANGEROUS WEAPONS,BUS STOP, 1 
  DANGEROUS WEAPONS,CANDY STORE, 12 
  DANGEROUS WEAPONS,CHAIN STORE, 24 
  DANGEROUS WEAPONS,CHURCH, 1 
  DANGEROUS WEAPONS,CLOTHING/BOUTIQUE, 4 
  DANGEROUS WEAPONS,COMMERCIAL BUILDING, 42 
  DANGEROUS WEAPONS,CONSTRUCTION SITE, 4 
  DANGEROUS WEAPONS,DEPARTMENT STORE, 18 
  DANGEROUS WEAPONS,DOCTOR/DENTIST OFFICE, 4 
  DANGEROUS WEAPONS,DRUG STORE, 5 
  DANGEROUS WEAPONS,DRY CLEANER/LAUNDRY, 6 
  DANGEROUS WEAPONS,FACTORY/WAREHOUSE, 4 
  DANGEROUS WEAPONS,FAST FOOD, 31 
  DANGEROUS WEAPONS,FOOD SUPERMARKET, 13 
  DANGEROUS WEAPONS,GAS STATION, 6 
  DANGEROUS WEAPONS,GROCERY/BODEGA, 127 
  DANGEROUS WEAPONS,HIGHWAY/PARKWAY, 1 
  DANGEROUS WEAPONS,HOSPITAL, 15 
  DANGEROUS WEAPONS,HOTEL/MOTEL, 6 
  DANGEROUS WEAPONS,LIQUOR STORE, 4 
  DANGEROUS WEAPONS,OPEN AREAS  OPEN LOTS , 5 
  DANGEROUS WEAPONS,OTHER, 137 
  DANGEROUS WEAPONS,OTHER HOUSE OF WORSHIP, 1 
  DANGEROUS WEAPONS,PARK/PLAYGROUND, 53 
  DANGEROUS WEAPONS,PARKING LOT/GARAGE  PRIVATE , 16 
  DANGEROUS WEAPONS,PARKING LOT/GARAGE  PUBLIC , 23 
  DANGEROUS WEAPONS,PRIVATE/PAROCHIAL SCHOOL, 8 
  DANGEROUS WEAPONS,PUBLIC BUILDING, 44 
  DANGEROUS WEAPONS,PUBLIC SCHOOL, 349 
  DANGEROUS WEAPONS,RESIDENCE - APT. HOUSE, 1090 
  DANGEROUS WEAPONS,RESIDENCE - PUBLIC HOUSING, 1487 
  DANGEROUS WEAPONS,RESIDENCE-HOUSE, 368 
  DANGEROUS WEAPONS,RESTAURANT/DINER, 31 
  DANGEROUS WEAPONS,SHOE, 2 
  DANGEROUS WEAPONS,SMALL MERCHANT, 13 
  DANGEROUS WEAPONS,SOCIAL CLUB/POLICY, 3 
  DANGEROUS WEAPONS,STORAGE FACILITY, 3 
  DANGEROUS WEAPONS,STORE UNCLASSIFIED, 13 
  DANGEROUS WEAPONS,STREET, 2270 
  DANGEROUS WEAPONS,TAXI  LIVERY LICENSED , 1 
  DANGEROUS WEAPONS,TAXI  YELLOW LICENSED , 1 
  DANGEROUS WEAPONS,TELECOMM. STORE, 1 
  DANGEROUS WEAPONS,TRANSIT - NYC SUBWAY, 28 
  DANGEROUS WEAPONS,TRANSIT FACILITY  OTHER , 3 
  DANGEROUS WEAPONS,TUNNEL, 4 
  DANGEROUS WEAPONS,VARIETY STORE, 5 
  DISRUPTION OF A RELIGIOUS SERV,CHURCH, 5 
  DISRUPTION OF A RELIGIOUS SERV,MOSQUE, 6 
  DISRUPTION OF A RELIGIOUS SERV,OTHER, 2 
  DISRUPTION OF A RELIGIOUS SERV,SYNAGOGUE, 3 
  ENDAN WELFARE INCOMP,BUS  OTHER , 1 
  ENDAN WELFARE INCOMP,CHAIN STORE, 1 
  ENDAN WELFARE INCOMP,COMMERCIAL BUILDING, 1 
  ENDAN WELFARE INCOMP,DOCTOR/DENTIST OFFICE, 1 
  ENDAN WELFARE INCOMP,GAS STATION, 1 
  ENDAN WELFARE INCOMP,OTHER, 2 
  ENDAN WELFARE INCOMP,PARKING LOT/GARAGE  PRIVATE , 1 
  ENDAN WELFARE INCOMP,PUBLIC BUILDING, 2 
  ENDAN WELFARE INCOMP,PUBLIC SCHOOL, 1 
  ENDAN WELFARE INCOMP,RESIDENCE - APT. HOUSE, 11 
  ENDAN WELFARE INCOMP,RESIDENCE - PUBLIC HOUSING, 8 
  ENDAN WELFARE INCOMP,RESIDENCE-HOUSE, 6 
  ENDAN WELFARE INCOMP,STREET, 3 
  ESCAPE 3,HOSPITAL, 3 
  ESCAPE 3,OTHER, 12 
  ESCAPE 3,PARKING LOT/GARAGE  PRIVATE , 1 
  ESCAPE 3,PUBLIC BUILDING, 2 
  ESCAPE 3,RESIDENCE - APT. HOUSE, 2 
  ESCAPE 3,RESIDENCE - PUBLIC HOUSING, 1 
  ESCAPE 3,RESIDENCE-HOUSE, 3 
  ESCAPE 3,STREET, 3 
  FRAUDS,ABANDONED BUILDING, 2 
  FRAUDS,ATM, 18 
  FRAUDS,BANK, 62 
  FRAUDS,BAR/NIGHT CLUB, 13 
  FRAUDS,BEAUTY & NAIL SALON, 5 
  FRAUDS,BOOK/CARD, 2 
  FRAUDS,BUS  NYC TRANSIT , 1 
  FRAUDS,BUS STOP, 2 
  FRAUDS,CANDY STORE, 6 
  FRAUDS,CHAIN STORE, 28 
  FRAUDS,CHECK CASHING BUSINESS, 10 
  FRAUDS,CHURCH, 5 
  FRAUDS,CLOTHING/BOUTIQUE, 3 
  FRAUDS,COMMERCIAL BUILDING, 61 
  FRAUDS,DEPARTMENT STORE, 17 
  FRAUDS,DOCTOR/DENTIST OFFICE, 10 
  FRAUDS,DRUG STORE, 9 
  FRAUDS,DRY CLEANER/LAUNDRY, 3 
  FRAUDS,FACTORY/WAREHOUSE, 1 
  FRAUDS,FAST FOOD, 7 
  FRAUDS,FOOD SUPERMARKET, 6 
  FRAUDS,GAS STATION, 9 
  FRAUDS,GROCERY/BODEGA, 40 
  FRAUDS,GYM/FITNESS FACILITY, 1 
  FRAUDS,HIGHWAY/PARKWAY, 1 
  FRAUDS,HOSPITAL, 17 
  FRAUDS,HOTEL/MOTEL, 6 
  FRAUDS,JEWELRY, 4 
  FRAUDS,LIQUOR STORE, 2 
  FRAUDS,LOAN COMPANY, 2 
  FRAUDS,OPEN AREAS  OPEN LOTS , 2 
  FRAUDS,OTHER, 318 
  FRAUDS,PARK/PLAYGROUND, 17 
  FRAUDS,PARKING LOT/GARAGE  PRIVATE , 5 
  FRAUDS,PARKING LOT/GARAGE  PUBLIC , 4 
  FRAUDS,PRIVATE/PAROCHIAL SCHOOL, 1 
  FRAUDS,PUBLIC BUILDING, 91 
  FRAUDS,PUBLIC SCHOOL, 10 
  FRAUDS,RESIDENCE - APT. HOUSE, 1587 
  FRAUDS,RESIDENCE - PUBLIC HOUSING, 743 
  FRAUDS,RESIDENCE-HOUSE, 938 
  FRAUDS,RESTAURANT/DINER, 21 
  FRAUDS,SMALL MERCHANT, 12 
  FRAUDS,SOCIAL CLUB/POLICY, 2 
  FRAUDS,STORAGE FACILITY, 3 
  FRAUDS,STORE UNCLASSIFIED, 11 
  FRAUDS,STREET, 514 
  FRAUDS,TELECOMM. STORE, 5 
  FRAUDS,TRANSIT - NYC SUBWAY, 1 
  FRAUDS,TRANSIT FACILITY  OTHER , 1 
  FRAUDS,TUNNEL, 4 
  FRAUDS,VARIETY STORE, 1 
  FRAUDULENT ACCOSTING,BANK, 2 
  FRAUDULENT ACCOSTING,CANDY STORE, 1 
  FRAUDULENT ACCOSTING,CHAIN STORE, 2 
  FRAUDULENT ACCOSTING,CHECK CASHING BUSINESS, 1 
  FRAUDULENT ACCOSTING,CLOTHING/BOUTIQUE, 2 
  FRAUDULENT ACCOSTING,COMMERCIAL BUILDING, 1 
  FRAUDULENT ACCOSTING,DEPARTMENT STORE, 1 
  FRAUDULENT ACCOSTING,DRUG STORE, 1 
  FRAUDULENT ACCOSTING,FAST FOOD, 1 
  FRAUDULENT ACCOSTING,GAS STATION, 1 
  FRAUDULENT ACCOSTING,GROCERY/BODEGA, 2 
  FRAUDULENT ACCOSTING,HOSPITAL, 1 
  FRAUDULENT ACCOSTING,OTHER, 2 
  FRAUDULENT ACCOSTING,PARKING LOT/GARAGE  PRIVATE , 1 
  FRAUDULENT ACCOSTING,PARKING LOT/GARAGE  PUBLIC , 1 
  FRAUDULENT ACCOSTING,RESIDENCE - APT. HOUSE, 8 
  FRAUDULENT ACCOSTING,RESIDENCE - PUBLIC HOUSING, 3 
  FRAUDULENT ACCOSTING,RESIDENCE-HOUSE, 4 
  FRAUDULENT ACCOSTING,RESTAURANT/DINER, 1 
  FRAUDULENT ACCOSTING,STORE UNCLASSIFIED, 1 
  FRAUDULENT ACCOSTING,STREET, 22 
  GAMBLING,BAR/NIGHT CLUB, 10 
  GAMBLING,BEAUTY & NAIL SALON, 8 
  GAMBLING,CHAIN STORE, 1 
  GAMBLING,CLOTHING/BOUTIQUE, 1 
  GAMBLING,COMMERCIAL BUILDING, 4 
  GAMBLING,GAS STATION, 1 
  GAMBLING,GROCERY/BODEGA, 11 
  GAMBLING,LIQUOR STORE, 2 
  GAMBLING,OPEN AREAS  OPEN LOTS , 3 
  GAMBLING,OTHER, 8 
  GAMBLING,PARK/PLAYGROUND, 5 
  GAMBLING,PARKING LOT/GARAGE  PRIVATE , 2 
  GAMBLING,PARKING LOT/GARAGE  PUBLIC , 3 
  GAMBLING,PUBLIC BUILDING, 3 
  GAMBLING,PUBLIC SCHOOL, 1 
  GAMBLING,RESIDENCE - APT. HOUSE, 47 
  GAMBLING,RESIDENCE - PUBLIC HOUSING, 179 
  GAMBLING,RESIDENCE-HOUSE, 3 
  GAMBLING,SOCIAL CLUB/POLICY, 4 
  GAMBLING,STORE UNCLASSIFIED, 7 
  GAMBLING,STREET, 89 
  GAMBLING,TAXI/LIVERY  UNLICENSED , 2 
  GAMBLING,TUNNEL, 1 
  GAMBLING,VARIETY STORE, 3 
  INTOXICATED & IMPAIRED DRIVING,BAR/NIGHT CLUB, 1 
  INTOXICATED & IMPAIRED DRIVING,BUS STOP, 1 
  INTOXICATED & IMPAIRED DRIVING,CANDY STORE, 1 
  INTOXICATED & IMPAIRED DRIVING,CHAIN STORE, 2 
  INTOXICATED & IMPAIRED DRIVING,CHURCH, 1 
  INTOXICATED & IMPAIRED DRIVING,CLOTHING/BOUTIQUE, 1 
  INTOXICATED & IMPAIRED DRIVING,COMMERCIAL BUILDING, 4 
  INTOXICATED & IMPAIRED DRIVING,DEPARTMENT STORE, 1 
  INTOXICATED & IMPAIRED DRIVING,FAST FOOD, 10 
  INTOXICATED & IMPAIRED DRIVING,GAS STATION, 7 
  INTOXICATED & IMPAIRED DRIVING,HIGHWAY/PARKWAY, 49 
  INTOXICATED & IMPAIRED DRIVING,HOSPITAL, 2 
  INTOXICATED & IMPAIRED DRIVING,HOTEL/MOTEL, 2 
  INTOXICATED & IMPAIRED DRIVING,LOAN COMPANY, 1 
  INTOXICATED & IMPAIRED DRIVING,OPEN AREAS  OPEN LOTS , 1 
  INTOXICATED & IMPAIRED DRIVING,OTHER, 29 
  INTOXICATED & IMPAIRED DRIVING,OTHER HOUSE OF WORSHIP, 1 
  INTOXICATED & IMPAIRED DRIVING,PARK/PLAYGROUND, 2 
  INTOXICATED & IMPAIRED DRIVING,PARKING LOT/GARAGE  PRIVATE , 10 
  INTOXICATED & IMPAIRED DRIVING,PARKING LOT/GARAGE  PUBLIC , 11 
  INTOXICATED & IMPAIRED DRIVING,PUBLIC BUILDING, 2 
  INTOXICATED & IMPAIRED DRIVING,PUBLIC SCHOOL, 1 
  INTOXICATED & IMPAIRED DRIVING,RESIDENCE - APT. HOUSE, 19 
  INTOXICATED & IMPAIRED DRIVING,RESIDENCE - PUBLIC HOUSING, 143 
  INTOXICATED & IMPAIRED DRIVING,RESIDENCE-HOUSE, 19 
  INTOXICATED & IMPAIRED DRIVING,RESTAURANT/DINER, 2 
  INTOXICATED & IMPAIRED DRIVING,SMALL MERCHANT, 1 
  INTOXICATED & IMPAIRED DRIVING,STORAGE FACILITY, 1 
  INTOXICATED & IMPAIRED DRIVING,STREET, 2739 
  INTOXICATED & IMPAIRED DRIVING,TAXI  YELLOW LICENSED , 1 
  INTOXICATED & IMPAIRED DRIVING,TRANSIT FACILITY  OTHER , 1 
  INTOXICATED & IMPAIRED DRIVING,TUNNEL, 55 
  JOSTLING,CLOTHING/BOUTIQUE, 1 
  JOSTLING,FOOD SUPERMARKET, 1 
  JOSTLING,OTHER, 1 
  JOSTLING,RESIDENCE - APT. HOUSE, 1 
  JOSTLING,RESIDENCE - PUBLIC HOUSING, 1 
  JOSTLING,STREET, 2 
  LOITERING FOR DRUG PURPOSES,RESIDENCE - APT. HOUSE, 1 
  LOITERING FOR DRUG PURPOSES,STREET, 1 
  NEW YORK CITY HEALTH CODE,GROCERY/BODEGA, 1 
  NEW YORK CITY HEALTH CODE,STREET, 3 
  OFF. AGNST PUB ORD SENSBLTY &,ABANDONED BUILDING, 2 
  OFF. AGNST PUB ORD SENSBLTY &,AIRPORT TERMINAL, 1 
  OFF. AGNST PUB ORD SENSBLTY &,ATM, 1 
  OFF. AGNST PUB ORD SENSBLTY &,BANK, 87 
  OFF. AGNST PUB ORD SENSBLTY &,BAR/NIGHT CLUB, 64 
  OFF. AGNST PUB ORD SENSBLTY &,BEAUTY & NAIL SALON, 230 
  OFF. AGNST PUB ORD SENSBLTY &,BOOK/CARD, 5 
  OFF. AGNST PUB ORD SENSBLTY &,BUS  NYC TRANSIT , 2 
  OFF. AGNST PUB ORD SENSBLTY &,BUS  OTHER , 5 
  OFF. AGNST PUB ORD SENSBLTY &,BUS TERMINAL, 3 
  OFF. AGNST PUB ORD SENSBLTY &,CANDY STORE, 35 
  OFF. AGNST PUB ORD SENSBLTY &,CEMETERY, 1 
  OFF. AGNST PUB ORD SENSBLTY &,CHAIN STORE, 190 
  OFF. AGNST PUB ORD SENSBLTY &,CHECK CASHING BUSINESS, 19 
  OFF. AGNST PUB ORD SENSBLTY &,CHURCH, 94 
  OFF. AGNST PUB ORD SENSBLTY &,CLOTHING/BOUTIQUE, 88 
  OFF. AGNST PUB ORD SENSBLTY &,COMMERCIAL BUILDING, 1465 
  OFF. AGNST PUB ORD SENSBLTY &,CONSTRUCTION SITE, 22 
  OFF. AGNST PUB ORD SENSBLTY &,DEPARTMENT STORE, 108 
  OFF. AGNST PUB ORD SENSBLTY &,DOCTOR/DENTIST OFFICE, 323 
  OFF. AGNST PUB ORD SENSBLTY &,DRUG STORE, 77 
  OFF. AGNST PUB ORD SENSBLTY &,DRY CLEANER/LAUNDRY, 46 
  OFF. AGNST PUB ORD SENSBLTY &,FACTORY/WAREHOUSE, 78 
  OFF. AGNST PUB ORD SENSBLTY &,FAST FOOD, 122 
  OFF. AGNST PUB ORD SENSBLTY &,FOOD SUPERMARKET, 54 
  OFF. AGNST PUB ORD SENSBLTY &,GAS STATION, 31 
  OFF. AGNST PUB ORD SENSBLTY &,GROCERY/BODEGA, 182 
  OFF. AGNST PUB ORD SENSBLTY &,GYM/FITNESS FACILITY, 56 
  OFF. AGNST PUB ORD SENSBLTY &,HIGHWAY/PARKWAY, 5 
  OFF. AGNST PUB ORD SENSBLTY &,HOSPITAL, 433 
  OFF. AGNST PUB ORD SENSBLTY &,HOTEL/MOTEL, 64 
  OFF. AGNST PUB ORD SENSBLTY &,JEWELRY, 19 
  OFF. AGNST PUB ORD SENSBLTY &,LIQUOR STORE, 15 
  OFF. AGNST PUB ORD SENSBLTY &,LOAN COMPANY, 15 
  OFF. AGNST PUB ORD SENSBLTY &,MARINA/PIER, 6 
  OFF. AGNST PUB ORD SENSBLTY &,MOSQUE, 6 
  OFF. AGNST PUB ORD SENSBLTY &,OPEN AREAS  OPEN LOTS , 23 
  OFF. AGNST PUB ORD SENSBLTY &,OTHER, 1335 
  OFF. AGNST PUB ORD SENSBLTY &,OTHER HOUSE OF WORSHIP, 5 
  OFF. AGNST PUB ORD SENSBLTY &,PARK/PLAYGROUND, 32 
  OFF. AGNST PUB ORD SENSBLTY &,PARKING LOT/GARAGE  PRIVATE , 50 
  OFF. AGNST PUB ORD SENSBLTY &,PARKING LOT/GARAGE  PUBLIC , 34 
  OFF. AGNST PUB ORD SENSBLTY &,PHOTO/COPY, 8 
  OFF. AGNST PUB ORD SENSBLTY &,PRIVATE/PAROCHIAL SCHOOL, 107 
  OFF. AGNST PUB ORD SENSBLTY &,PUBLIC BUILDING, 369 
  OFF. AGNST PUB ORD SENSBLTY &,PUBLIC SCHOOL, 678 
  OFF. AGNST PUB ORD SENSBLTY &,RESIDENCE - APT. HOUSE, 29074 
  OFF. AGNST PUB ORD SENSBLTY &,RESIDENCE - PUBLIC HOUSING, 7502 
  OFF. AGNST PUB ORD SENSBLTY &,RESIDENCE-HOUSE, 14283 
  OFF. AGNST PUB ORD SENSBLTY &,RESTAURANT/DINER, 394 
  OFF. AGNST PUB ORD SENSBLTY &,SHOE, 11 
  OFF. AGNST PUB ORD SENSBLTY &,SMALL MERCHANT, 156 
  OFF. AGNST PUB ORD SENSBLTY &,SOCIAL CLUB/POLICY, 23 
  OFF. AGNST PUB ORD SENSBLTY &,STORAGE FACILITY, 36 
  OFF. AGNST PUB ORD SENSBLTY &,STORE UNCLASSIFIED, 209 
  OFF. AGNST PUB ORD SENSBLTY &,STREET, 2429 
  OFF. AGNST PUB ORD SENSBLTY &,SYNAGOGUE, 38 
  OFF. AGNST PUB ORD SENSBLTY &,TAXI  LIVERY LICENSED , 14 
  OFF. AGNST PUB ORD SENSBLTY &,TAXI  YELLOW LICENSED , 2 
  OFF. AGNST PUB ORD SENSBLTY &,TAXI/LIVERY  UNLICENSED , 2 
  OFF. AGNST PUB ORD SENSBLTY &,TELECOMM. STORE, 32 
  OFF. AGNST PUB ORD SENSBLTY &,TRANSIT - NYC SUBWAY, 4 
  OFF. AGNST PUB ORD SENSBLTY &,TRANSIT FACILITY  OTHER , 11 
  OFF. AGNST PUB ORD SENSBLTY &,TUNNEL, 3 
  OFF. AGNST PUB ORD SENSBLTY &,VARIETY STORE, 20 
  OFF. AGNST PUB ORD SENSBLTY &,VIDEO STORE, 5 
  OFFENSES AGAINST PUBLIC ADMINI,ABANDONED BUILDING, 2 
  OFFENSES AGAINST PUBLIC ADMINI,ATM, 1 
  OFFENSES AGAINST PUBLIC ADMINI,BANK, 11 
  OFFENSES AGAINST PUBLIC ADMINI,BAR/NIGHT CLUB, 95 
  OFFENSES AGAINST PUBLIC ADMINI,BEAUTY & NAIL SALON, 19 
  OFFENSES AGAINST PUBLIC ADMINI,BUS  NYC TRANSIT , 2 
  OFFENSES AGAINST PUBLIC ADMINI,BUS  OTHER , 5 
  OFFENSES AGAINST PUBLIC ADMINI,BUS STOP, 6 
  OFFENSES AGAINST PUBLIC ADMINI,CANDY STORE, 15 
  OFFENSES AGAINST PUBLIC ADMINI,CHAIN STORE, 36 
  OFFENSES AGAINST PUBLIC ADMINI,CHECK CASHING BUSINESS, 6 
  OFFENSES AGAINST PUBLIC ADMINI,CHURCH, 17 
  OFFENSES AGAINST PUBLIC ADMINI,CLOTHING/BOUTIQUE, 13 
  OFFENSES AGAINST PUBLIC ADMINI,COMMERCIAL BUILDING, 168 
  OFFENSES AGAINST PUBLIC ADMINI,CONSTRUCTION SITE, 2 
  OFFENSES AGAINST PUBLIC ADMINI,DEPARTMENT STORE, 22 
  OFFENSES AGAINST PUBLIC ADMINI,DOCTOR/DENTIST OFFICE, 13 
  OFFENSES AGAINST PUBLIC ADMINI,DRUG STORE, 11 
  OFFENSES AGAINST PUBLIC ADMINI,DRY CLEANER/LAUNDRY, 15 
  OFFENSES AGAINST PUBLIC ADMINI,FACTORY/WAREHOUSE, 2 
  OFFENSES AGAINST PUBLIC ADMINI,FAST FOOD, 53 
  OFFENSES AGAINST PUBLIC ADMINI,FOOD SUPERMARKET, 16 
  OFFENSES AGAINST PUBLIC ADMINI,GAS STATION, 14 
  OFFENSES AGAINST PUBLIC ADMINI,GROCERY/BODEGA, 102 
  OFFENSES AGAINST PUBLIC ADMINI,GYM/FITNESS FACILITY, 4 
  OFFENSES AGAINST PUBLIC ADMINI,HIGHWAY/PARKWAY, 6 
  OFFENSES AGAINST PUBLIC ADMINI,HOSPITAL, 90 
  OFFENSES AGAINST PUBLIC ADMINI,HOTEL/MOTEL, 6 
  OFFENSES AGAINST PUBLIC ADMINI,LIQUOR STORE, 8 
  OFFENSES AGAINST PUBLIC ADMINI,MARINA/PIER, 2 
  OFFENSES AGAINST PUBLIC ADMINI,OPEN AREAS  OPEN LOTS , 14 
  OFFENSES AGAINST PUBLIC ADMINI,OTHER, 591 
  OFFENSES AGAINST PUBLIC ADMINI,OTHER HOUSE OF WORSHIP, 2 
  OFFENSES AGAINST PUBLIC ADMINI,PARK/PLAYGROUND, 74 
  OFFENSES AGAINST PUBLIC ADMINI,PARKING LOT/GARAGE  PRIVATE , 25 
  OFFENSES AGAINST PUBLIC ADMINI,PARKING LOT/GARAGE  PUBLIC , 33 
  OFFENSES AGAINST PUBLIC ADMINI,PRIVATE/PAROCHIAL SCHOOL, 12 
  OFFENSES AGAINST PUBLIC ADMINI,PUBLIC BUILDING, 224 
  OFFENSES AGAINST PUBLIC ADMINI,PUBLIC SCHOOL, 238 
  OFFENSES AGAINST PUBLIC ADMINI,RESIDENCE - APT. HOUSE, 3234 
  OFFENSES AGAINST PUBLIC ADMINI,RESIDENCE - PUBLIC HOUSING, 2802 
  OFFENSES AGAINST PUBLIC ADMINI,RESIDENCE-HOUSE, 1167 
  OFFENSES AGAINST PUBLIC ADMINI,RESTAURANT/DINER, 80 
  OFFENSES AGAINST PUBLIC ADMINI,SHOE, 1 
  OFFENSES AGAINST PUBLIC ADMINI,SMALL MERCHANT, 19 
  OFFENSES AGAINST PUBLIC ADMINI,SOCIAL CLUB/POLICY, 15 
  OFFENSES AGAINST PUBLIC ADMINI,STORAGE FACILITY, 8 
  OFFENSES AGAINST PUBLIC ADMINI,STORE UNCLASSIFIED, 26 
  OFFENSES AGAINST PUBLIC ADMINI,STREET, 2895 
  OFFENSES AGAINST PUBLIC ADMINI,SYNAGOGUE, 5 
  OFFENSES AGAINST PUBLIC ADMINI,TAXI  LIVERY LICENSED , 3 
  OFFENSES AGAINST PUBLIC ADMINI,TAXI  YELLOW LICENSED , 11 
  OFFENSES AGAINST PUBLIC ADMINI,TAXI/LIVERY  UNLICENSED , 2 
  OFFENSES AGAINST PUBLIC ADMINI,TELECOMM. STORE, 2 
  OFFENSES AGAINST PUBLIC ADMINI,TRANSIT - NYC SUBWAY, 16 
  OFFENSES AGAINST PUBLIC ADMINI,TRANSIT FACILITY  OTHER , 5 
  OFFENSES AGAINST PUBLIC ADMINI,TUNNEL, 8 
  OFFENSES AGAINST PUBLIC ADMINI,VARIETY STORE, 6 
  OFFENSES AGAINST PUBLIC SAFETY,GROCERY/BODEGA, 1 
  OFFENSES AGAINST PUBLIC SAFETY,OTHER, 2 
  OFFENSES AGAINST PUBLIC SAFETY,PARKING LOT/GARAGE  PUBLIC , 1 
  OFFENSES AGAINST PUBLIC SAFETY,PUBLIC SCHOOL, 1 
  OFFENSES AGAINST PUBLIC SAFETY,RESIDENCE - APT. HOUSE, 6 
  OFFENSES AGAINST PUBLIC SAFETY,RESIDENCE - PUBLIC HOUSING, 14 
  OFFENSES AGAINST PUBLIC SAFETY,RESIDENCE-HOUSE, 6 
  OFFENSES AGAINST PUBLIC SAFETY,STREET, 30 
  OFFENSES AGAINST PUBLIC SAFETY,VARIETY STORE, 1 
  OFFENSES AGAINST THE PERSON,BANK, 1 
  OFFENSES AGAINST THE PERSON,BAR/NIGHT CLUB, 11 
  OFFENSES AGAINST THE PERSON,BEAUTY & NAIL SALON, 2 
  OFFENSES AGAINST THE PERSON,BOOK/CARD, 1 
  OFFENSES AGAINST THE PERSON,BUS  OTHER , 1 
  OFFENSES AGAINST THE PERSON,BUS STOP, 1 
  OFFENSES AGAINST THE PERSON,CANDY STORE, 2 
  OFFENSES AGAINST THE PERSON,CHAIN STORE, 2 
  OFFENSES AGAINST THE PERSON,CHURCH, 4 
  OFFENSES AGAINST THE PERSON,CLOTHING/BOUTIQUE, 3 
  OFFENSES AGAINST THE PERSON,COMMERCIAL BUILDING, 13 
  OFFENSES AGAINST THE PERSON,CONSTRUCTION SITE, 1 
  OFFENSES AGAINST THE PERSON,DEPARTMENT STORE, 4 
  OFFENSES AGAINST THE PERSON,DOCTOR/DENTIST OFFICE, 1 
  OFFENSES AGAINST THE PERSON,DRUG STORE, 2 
  OFFENSES AGAINST THE PERSON,DRY CLEANER/LAUNDRY, 1 
  OFFENSES AGAINST THE PERSON,FACTORY/WAREHOUSE, 2 
  OFFENSES AGAINST THE PERSON,FAST FOOD, 7 
  OFFENSES AGAINST THE PERSON,FOOD SUPERMARKET, 3 
  OFFENSES AGAINST THE PERSON,GAS STATION, 4 
  OFFENSES AGAINST THE PERSON,GROCERY/BODEGA, 18 
  OFFENSES AGAINST THE PERSON,GYM/FITNESS FACILITY, 2 
  OFFENSES AGAINST THE PERSON,HOSPITAL, 7 
  OFFENSES AGAINST THE PERSON,HOTEL/MOTEL, 4 
  OFFENSES AGAINST THE PERSON,OPEN AREAS  OPEN LOTS , 4 
  OFFENSES AGAINST THE PERSON,OTHER, 59 
  OFFENSES AGAINST THE PERSON,OTHER HOUSE OF WORSHIP, 1 
  OFFENSES AGAINST THE PERSON,PARK/PLAYGROUND, 8 
  OFFENSES AGAINST THE PERSON,PARKING LOT/GARAGE  PRIVATE , 6 
  OFFENSES AGAINST THE PERSON,PARKING LOT/GARAGE  PUBLIC , 4 
  OFFENSES AGAINST THE PERSON,PRIVATE/PAROCHIAL SCHOOL, 5 
  OFFENSES AGAINST THE PERSON,PUBLIC BUILDING, 14 
  OFFENSES AGAINST THE PERSON,PUBLIC SCHOOL, 39 
  OFFENSES AGAINST THE PERSON,RESIDENCE - APT. HOUSE, 475 
  OFFENSES AGAINST THE PERSON,RESIDENCE - PUBLIC HOUSING, 315 
  OFFENSES AGAINST THE PERSON,RESIDENCE-HOUSE, 187 
  OFFENSES AGAINST THE PERSON,RESTAURANT/DINER, 14 
  OFFENSES AGAINST THE PERSON,SHOE, 1 
  OFFENSES AGAINST THE PERSON,SMALL MERCHANT, 3 
  OFFENSES AGAINST THE PERSON,STORE UNCLASSIFIED, 4 
  OFFENSES AGAINST THE PERSON,STREET, 349 
  OFFENSES AGAINST THE PERSON,SYNAGOGUE, 2 
  OFFENSES AGAINST THE PERSON,TAXI  LIVERY LICENSED , 2 
  OFFENSES AGAINST THE PERSON,TAXI  YELLOW LICENSED , 2 
  OFFENSES AGAINST THE PERSON,TRANSIT FACILITY  OTHER , 2 
  OFFENSES INVOLVING FRAUD,ATM, 1 
  OFFENSES INVOLVING FRAUD,BANK, 18 
  OFFENSES INVOLVING FRAUD,BAR/NIGHT CLUB, 2 
  OFFENSES INVOLVING FRAUD,BEAUTY & NAIL SALON, 15 
  OFFENSES INVOLVING FRAUD,CHAIN STORE, 7 
  OFFENSES INVOLVING FRAUD,CHECK CASHING BUSINESS, 25 
  OFFENSES INVOLVING FRAUD,CHURCH, 1 
  OFFENSES INVOLVING FRAUD,CLOTHING/BOUTIQUE, 22 
  OFFENSES INVOLVING FRAUD,COMMERCIAL BUILDING, 19 
  OFFENSES INVOLVING FRAUD,DEPARTMENT STORE, 11 
  OFFENSES INVOLVING FRAUD,DOCTOR/DENTIST OFFICE, 2 
  OFFENSES INVOLVING FRAUD,DRUG STORE, 3 
  OFFENSES INVOLVING FRAUD,DRY CLEANER/LAUNDRY, 2 
  OFFENSES INVOLVING FRAUD,FAST FOOD, 26 
  OFFENSES INVOLVING FRAUD,FOOD SUPERMARKET, 10 
  OFFENSES INVOLVING FRAUD,GAS STATION, 3 
  OFFENSES INVOLVING FRAUD,GROCERY/BODEGA, 27 
  OFFENSES INVOLVING FRAUD,GYM/FITNESS FACILITY, 1 
  OFFENSES INVOLVING FRAUD,HOSPITAL, 2 
  OFFENSES INVOLVING FRAUD,JEWELRY, 5 
  OFFENSES INVOLVING FRAUD,LIQUOR STORE, 4 
  OFFENSES INVOLVING FRAUD,OPEN AREAS  OPEN LOTS , 2 
  OFFENSES INVOLVING FRAUD,OTHER, 36 
  OFFENSES INVOLVING FRAUD,PARK/PLAYGROUND, 3 
  OFFENSES INVOLVING FRAUD,PARKING LOT/GARAGE  PRIVATE , 4 
  OFFENSES INVOLVING FRAUD,PARKING LOT/GARAGE  PUBLIC , 5 
  OFFENSES INVOLVING FRAUD,PUBLIC BUILDING, 14 
  OFFENSES INVOLVING FRAUD,PUBLIC SCHOOL, 5 
  OFFENSES INVOLVING FRAUD,RESIDENCE - APT. HOUSE, 34 
  OFFENSES INVOLVING FRAUD,RESIDENCE - PUBLIC HOUSING, 61 
  OFFENSES INVOLVING FRAUD,RESIDENCE-HOUSE, 18 
  OFFENSES INVOLVING FRAUD,RESTAURANT/DINER, 16 
  OFFENSES INVOLVING FRAUD,SHOE, 1 
  OFFENSES INVOLVING FRAUD,SMALL MERCHANT, 42 
  OFFENSES INVOLVING FRAUD,STORAGE FACILITY, 1 
  OFFENSES INVOLVING FRAUD,STORE UNCLASSIFIED, 7 
  OFFENSES INVOLVING FRAUD,STREET, 346 
  OFFENSES INVOLVING FRAUD,TELECOMM. STORE, 1 
  OFFENSES INVOLVING FRAUD,VARIETY STORE, 8 
  OFFENSES INVOLVING FRAUD,VIDEO STORE, 1 
  OFFENSES RELATED TO CHILDREN,BAR/NIGHT CLUB, 10 
  OFFENSES RELATED TO CHILDREN,BEAUTY & NAIL SALON, 2 
  OFFENSES RELATED TO CHILDREN,CANDY STORE, 3 
  OFFENSES RELATED TO CHILDREN,CLOTHING/BOUTIQUE, 1 
  OFFENSES RELATED TO CHILDREN,COMMERCIAL BUILDING, 1 
  OFFENSES RELATED TO CHILDREN,GROCERY/BODEGA, 130 
  OFFENSES RELATED TO CHILDREN,LIQUOR STORE, 18 
  OFFENSES RELATED TO CHILDREN,OTHER, 1 
  OFFENSES RELATED TO CHILDREN,RESIDENCE - APT. HOUSE, 11 
  OFFENSES RELATED TO CHILDREN,RESIDENCE - PUBLIC HOUSING, 4 
  OFFENSES RELATED TO CHILDREN,RESIDENCE-HOUSE, 6 
  OFFENSES RELATED TO CHILDREN,RESTAURANT/DINER, 2 
  OFFENSES RELATED TO CHILDREN,SMALL MERCHANT, 5 
  OFFENSES RELATED TO CHILDREN,SOCIAL CLUB/POLICY, 2 
  OFFENSES RELATED TO CHILDREN,STORE UNCLASSIFIED, 1 
  OFFENSES RELATED TO CHILDREN,STREET, 2 
  OTHER OFFENSES RELATED TO THEF,ABANDONED BUILDING, 1 
  OTHER OFFENSES RELATED TO THEF,BANK, 1 
  OTHER OFFENSES RELATED TO THEF,BAR/NIGHT CLUB, 56 
  OTHER OFFENSES RELATED TO THEF,BEAUTY & NAIL SALON, 75 
  OTHER OFFENSES RELATED TO THEF,BUS  NYC TRANSIT , 6 
  OTHER OFFENSES RELATED TO THEF,BUS  OTHER , 1 
  OTHER OFFENSES RELATED TO THEF,BUS STOP, 1 
  OTHER OFFENSES RELATED TO THEF,CANDY STORE, 1 
  OTHER OFFENSES RELATED TO THEF,CHAIN STORE, 11 
  OTHER OFFENSES RELATED TO THEF,CHECK CASHING BUSINESS, 1 
  OTHER OFFENSES RELATED TO THEF,CLOTHING/BOUTIQUE, 1 
  OTHER OFFENSES RELATED TO THEF,COMMERCIAL BUILDING, 41 
  OTHER OFFENSES RELATED TO THEF,DEPARTMENT STORE, 1 
  OTHER OFFENSES RELATED TO THEF,DOCTOR/DENTIST OFFICE, 1 
  OTHER OFFENSES RELATED TO THEF,DRY CLEANER/LAUNDRY, 21 
  OTHER OFFENSES RELATED TO THEF,FAST FOOD, 15 
  OTHER OFFENSES RELATED TO THEF,GAS STATION, 85 
  OTHER OFFENSES RELATED TO THEF,GROCERY/BODEGA, 6 
  OTHER OFFENSES RELATED TO THEF,GYM/FITNESS FACILITY, 1 
  OTHER OFFENSES RELATED TO THEF,HOTEL/MOTEL, 7 
  OTHER OFFENSES RELATED TO THEF,LIQUOR STORE, 1 
  OTHER OFFENSES RELATED TO THEF,OTHER, 45 
  OTHER OFFENSES RELATED TO THEF,PARK/PLAYGROUND, 1 
  OTHER OFFENSES RELATED TO THEF,PARKING LOT/GARAGE  PRIVATE , 8 
  OTHER OFFENSES RELATED TO THEF,PARKING LOT/GARAGE  PUBLIC , 12 
  OTHER OFFENSES RELATED TO THEF,PHOTO/COPY, 1 
  OTHER OFFENSES RELATED TO THEF,PUBLIC BUILDING, 3 
  OTHER OFFENSES RELATED TO THEF,RESIDENCE - APT. HOUSE, 90 
  OTHER OFFENSES RELATED TO THEF,RESIDENCE - PUBLIC HOUSING, 181 
  OTHER OFFENSES RELATED TO THEF,RESIDENCE-HOUSE, 39 
  OTHER OFFENSES RELATED TO THEF,RESTAURANT/DINER, 161 
  OTHER OFFENSES RELATED TO THEF,SHOE, 1 
  OTHER OFFENSES RELATED TO THEF,SMALL MERCHANT, 15 
  OTHER OFFENSES RELATED TO THEF,STORAGE FACILITY, 1 
  OTHER OFFENSES RELATED TO THEF,STORE UNCLASSIFIED, 20 
  OTHER OFFENSES RELATED TO THEF,STREET, 492 
  OTHER OFFENSES RELATED TO THEF,SYNAGOGUE, 1 
  OTHER OFFENSES RELATED TO THEF,TAXI  LIVERY LICENSED , 111 
  OTHER OFFENSES RELATED TO THEF,TAXI  YELLOW LICENSED , 147 
  OTHER OFFENSES RELATED TO THEF,TAXI/LIVERY  UNLICENSED , 10 
  OTHER OFFENSES RELATED TO THEF,TELECOMM. STORE, 3 
  OTHER OFFENSES RELATED TO THEF,TRANSIT - NYC SUBWAY, 5 
  OTHER OFFENSES RELATED TO THEF,TRANSIT FACILITY  OTHER , 1 
  OTHER OFFENSES RELATED TO THEF,VIDEO STORE, 1 
  OTHER STATE LAWS  NON PENAL LA,ATM, 1 
  OTHER STATE LAWS  NON PENAL LA,BAR/NIGHT CLUB, 4 
  OTHER STATE LAWS  NON PENAL LA,CANDY STORE, 10 
  OTHER STATE LAWS  NON PENAL LA,CHAIN STORE, 2 
  OTHER STATE LAWS  NON PENAL LA,CHECK CASHING BUSINESS, 1 
  OTHER STATE LAWS  NON PENAL LA,COMMERCIAL BUILDING, 10 
  OTHER STATE LAWS  NON PENAL LA,CONSTRUCTION SITE, 2 
  OTHER STATE LAWS  NON PENAL LA,DRY CLEANER/LAUNDRY, 1 
  OTHER STATE LAWS  NON PENAL LA,FACTORY/WAREHOUSE, 2 
  OTHER STATE LAWS  NON PENAL LA,FOOD SUPERMARKET, 2 
  OTHER STATE LAWS  NON PENAL LA,GROCERY/BODEGA, 119 
  OTHER STATE LAWS  NON PENAL LA,HOSPITAL, 1 
  OTHER STATE LAWS  NON PENAL LA,OPEN AREAS  OPEN LOTS , 1 
  OTHER STATE LAWS  NON PENAL LA,OTHER, 28 
  OTHER STATE LAWS  NON PENAL LA,PARK/PLAYGROUND, 1 
  OTHER STATE LAWS  NON PENAL LA,PARKING LOT/GARAGE  PUBLIC , 3 
  OTHER STATE LAWS  NON PENAL LA,PUBLIC BUILDING, 2 
  OTHER STATE LAWS  NON PENAL LA,PUBLIC SCHOOL, 1 
  OTHER STATE LAWS  NON PENAL LA,RESIDENCE - APT. HOUSE, 36 
  OTHER STATE LAWS  NON PENAL LA,RESIDENCE - PUBLIC HOUSING, 29 
  OTHER STATE LAWS  NON PENAL LA,RESIDENCE-HOUSE, 20 
  OTHER STATE LAWS  NON PENAL LA,RESTAURANT/DINER, 6 
  OTHER STATE LAWS  NON PENAL LA,SMALL MERCHANT, 3 
  OTHER STATE LAWS  NON PENAL LA,STORAGE FACILITY, 1 
  OTHER STATE LAWS  NON PENAL LA,STORE UNCLASSIFIED, 5 
  OTHER STATE LAWS  NON PENAL LA,STREET, 166 
  OTHER STATE LAWS  NON PENAL LA,VARIETY STORE, 3 
  OTHER STATE LAWS  NON PENAL LAW ,RESIDENCE-HOUSE, 1 
  PETIT LARCENY,ABANDONED BUILDING, 28 
  PETIT LARCENY,AIRPORT TERMINAL, 1 
  PETIT LARCENY,ATM, 125 
  PETIT LARCENY,BANK, 560 
  PETIT LARCENY,BAR/NIGHT CLUB, 1100 
  PETIT LARCENY,BEAUTY & NAIL SALON, 612 
  PETIT LARCENY,BOOK/CARD, 97 
  PETIT LARCENY,BRIDGE, 3 
  PETIT LARCENY,BUS  NYC TRANSIT , 17 
  PETIT LARCENY,BUS  OTHER , 15 
  PETIT LARCENY,BUS STOP, 9 
  PETIT LARCENY,BUS TERMINAL, 8 
  PETIT LARCENY,CANDY STORE, 480 
  PETIT LARCENY,CEMETERY, 20 
  PETIT LARCENY,CHAIN STORE, 12588 
  PETIT LARCENY,CHECK CASHING BUSINESS, 318 
  PETIT LARCENY,CHURCH, 414 
  PETIT LARCENY,CLOTHING/BOUTIQUE, 3178 
  PETIT LARCENY,COMMERCIAL BUILDING, 6224 
  PETIT LARCENY,CONSTRUCTION SITE, 317 
  PETIT LARCENY,DEPARTMENT STORE, 12847 
  PETIT LARCENY,DOCTOR/DENTIST OFFICE, 682 
  PETIT LARCENY,DRUG STORE, 5237 
  PETIT LARCENY,DRY CLEANER/LAUNDRY, 930 
  PETIT LARCENY,FACTORY/WAREHOUSE, 316 
  PETIT LARCENY,FAST FOOD, 1094 
  PETIT LARCENY,FERRY/FERRY TERMINAL, 1 
  PETIT LARCENY,FOOD SUPERMARKET, 4290 
  PETIT LARCENY,GAS STATION, 949 
  PETIT LARCENY,GROCERY/BODEGA, 4763 
  PETIT LARCENY,GYM/FITNESS FACILITY, 1042 
  PETIT LARCENY,HIGHWAY/PARKWAY, 15 
  PETIT LARCENY,HOSPITAL, 1394 
  PETIT LARCENY,HOTEL/MOTEL, 312 
  PETIT LARCENY,JEWELRY, 118 
  PETIT LARCENY,LIQUOR STORE, 354 
  PETIT LARCENY,LOAN COMPANY, 12 
  PETIT LARCENY,MARINA/PIER, 39 
  PETIT LARCENY,MOSQUE, 29 
  PETIT LARCENY,OPEN AREAS  OPEN LOTS , 393 
  PETIT LARCENY,OTHER, 4432 
  PETIT LARCENY,OTHER HOUSE OF WORSHIP, 28 
  PETIT LARCENY,PARK/PLAYGROUND, 478 
  PETIT LARCENY,PARKING LOT/GARAGE  PRIVATE , 1713 
  PETIT LARCENY,PARKING LOT/GARAGE  PUBLIC , 1721 
  PETIT LARCENY,PHOTO/COPY, 40 
  PETIT LARCENY,PRIVATE/PAROCHIAL SCHOOL, 343 
  PETIT LARCENY,PUBLIC BUILDING, 1033 
  PETIT LARCENY,PUBLIC SCHOOL, 3486 
  PETIT LARCENY,RESIDENCE - APT. HOUSE, 20876 
  PETIT LARCENY,RESIDENCE - PUBLIC HOUSING, 5418 
  PETIT LARCENY,RESIDENCE-HOUSE, 10346 
  PETIT LARCENY,RESTAURANT/DINER, 1948 
  PETIT LARCENY,SHOE, 303 
  PETIT LARCENY,SMALL MERCHANT, 1232 
  PETIT LARCENY,SOCIAL CLUB/POLICY, 122 
  PETIT LARCENY,STORAGE FACILITY, 338 
  PETIT LARCENY,STORE UNCLASSIFIED, 1809 
  PETIT LARCENY,STREET, 54222 
  PETIT LARCENY,SYNAGOGUE, 204 
  PETIT LARCENY,TAXI  LIVERY LICENSED , 88 
  PETIT LARCENY,TAXI  YELLOW LICENSED , 53 
  PETIT LARCENY,TAXI/LIVERY  UNLICENSED , 8 
  PETIT LARCENY,TELECOMM. STORE, 778 
  PETIT LARCENY,TRAMWAY, 1 
  PETIT LARCENY,TRANSIT - NYC SUBWAY, 27 
  PETIT LARCENY,TRANSIT FACILITY  OTHER , 69 
  PETIT LARCENY,TUNNEL, 44 
  PETIT LARCENY,VARIETY STORE, 979 
  PETIT LARCENY,VIDEO STORE, 149 
  PETIT LARCENY OF MOTOR VEHICLE,BAR/NIGHT CLUB, 1 
  PETIT LARCENY OF MOTOR VEHICLE,CHURCH, 2 
  PETIT LARCENY OF MOTOR VEHICLE,COMMERCIAL BUILDING, 1 
  PETIT LARCENY OF MOTOR VEHICLE,GAS STATION, 1 
  PETIT LARCENY OF MOTOR VEHICLE,GROCERY/BODEGA, 1 
  PETIT LARCENY OF MOTOR VEHICLE,OPEN AREAS  OPEN LOTS , 3 
  PETIT LARCENY OF MOTOR VEHICLE,OTHER, 6 
  PETIT LARCENY OF MOTOR VEHICLE,PARKING LOT/GARAGE  PRIVATE , 4 
  PETIT LARCENY OF MOTOR VEHICLE,PARKING LOT/GARAGE  PUBLIC , 1 
  PETIT LARCENY OF MOTOR VEHICLE,PUBLIC BUILDING, 3 
  PETIT LARCENY OF MOTOR VEHICLE,RESIDENCE - APT. HOUSE, 23 
  PETIT LARCENY OF MOTOR VEHICLE,RESIDENCE - PUBLIC HOUSING, 8 
  PETIT LARCENY OF MOTOR VEHICLE,RESIDENCE-HOUSE, 19 
  PETIT LARCENY OF MOTOR VEHICLE,RESTAURANT/DINER, 3 
  PETIT LARCENY OF MOTOR VEHICLE,STORE UNCLASSIFIED, 1 
  PETIT LARCENY OF MOTOR VEHICLE,STREET, 173 
  PETIT LARCENY OF MOTOR VEHICLE,TUNNEL, 1 
  POSSESSION OF STOLEN PROPERTY,BANK, 3 
  POSSESSION OF STOLEN PROPERTY,BAR/NIGHT CLUB, 15 
  POSSESSION OF STOLEN PROPERTY,BEAUTY & NAIL SALON, 26 
  POSSESSION OF STOLEN PROPERTY,BOOK/CARD, 2 
  POSSESSION OF STOLEN PROPERTY,CANDY STORE, 27 
  POSSESSION OF STOLEN PROPERTY,CHAIN STORE, 359 
  POSSESSION OF STOLEN PROPERTY,CHECK CASHING BUSINESS, 3 
  POSSESSION OF STOLEN PROPERTY,CHURCH, 2 
  POSSESSION OF STOLEN PROPERTY,CLOTHING/BOUTIQUE, 71 
  POSSESSION OF STOLEN PROPERTY,COMMERCIAL BUILDING, 126 
  POSSESSION OF STOLEN PROPERTY,CONSTRUCTION SITE, 4 
  POSSESSION OF STOLEN PROPERTY,DEPARTMENT STORE, 366 
  POSSESSION OF STOLEN PROPERTY,DOCTOR/DENTIST OFFICE, 6 
  POSSESSION OF STOLEN PROPERTY,DRUG STORE, 171 
  POSSESSION OF STOLEN PROPERTY,DRY CLEANER/LAUNDRY, 10 
  POSSESSION OF STOLEN PROPERTY,FACTORY/WAREHOUSE, 9 
  POSSESSION OF STOLEN PROPERTY,FAST FOOD, 25 
  POSSESSION OF STOLEN PROPERTY,FOOD SUPERMARKET, 213 
  POSSESSION OF STOLEN PROPERTY,GAS STATION, 12 
  POSSESSION OF STOLEN PROPERTY,GROCERY/BODEGA, 377 
  POSSESSION OF STOLEN PROPERTY,GYM/FITNESS FACILITY, 3 
  POSSESSION OF STOLEN PROPERTY,HOSPITAL, 10 
  POSSESSION OF STOLEN PROPERTY,HOTEL/MOTEL, 4 
  POSSESSION OF STOLEN PROPERTY,JEWELRY, 44 
  POSSESSION OF STOLEN PROPERTY,LIQUOR STORE, 5 
  POSSESSION OF STOLEN PROPERTY,LOAN COMPANY, 1 
  POSSESSION OF STOLEN PROPERTY,OPEN AREAS  OPEN LOTS , 3 
  POSSESSION OF STOLEN PROPERTY,OTHER, 115 
  POSSESSION OF STOLEN PROPERTY,PARK/PLAYGROUND, 6 
  POSSESSION OF STOLEN PROPERTY,PARKING LOT/GARAGE  PRIVATE , 13 
  POSSESSION OF STOLEN PROPERTY,PARKING LOT/GARAGE  PUBLIC , 7 
  POSSESSION OF STOLEN PROPERTY,PHOTO/COPY, 2 
  POSSESSION OF STOLEN PROPERTY,PUBLIC BUILDING, 29 
  POSSESSION OF STOLEN PROPERTY,PUBLIC SCHOOL, 59 
  POSSESSION OF STOLEN PROPERTY,RESIDENCE - APT. HOUSE, 157 
  POSSESSION OF STOLEN PROPERTY,RESIDENCE - PUBLIC HOUSING, 100 
  POSSESSION OF STOLEN PROPERTY,RESIDENCE-HOUSE, 87 
  POSSESSION OF STOLEN PROPERTY,RESTAURANT/DINER, 25 
  POSSESSION OF STOLEN PROPERTY,SHOE, 8 
  POSSESSION OF STOLEN PROPERTY,SMALL MERCHANT, 90 
  POSSESSION OF STOLEN PROPERTY,STORAGE FACILITY, 3 
  POSSESSION OF STOLEN PROPERTY,STORE UNCLASSIFIED, 109 
  POSSESSION OF STOLEN PROPERTY,STREET, 607 
  POSSESSION OF STOLEN PROPERTY,SYNAGOGUE, 2 
  POSSESSION OF STOLEN PROPERTY,TAXI  LIVERY LICENSED , 2 
  POSSESSION OF STOLEN PROPERTY,TELECOMM. STORE, 35 
  POSSESSION OF STOLEN PROPERTY,TRANSIT - NYC SUBWAY, 2 
  POSSESSION OF STOLEN PROPERTY,TRANSIT FACILITY  OTHER , 9 
  POSSESSION OF STOLEN PROPERTY,TUNNEL, 1 
  POSSESSION OF STOLEN PROPERTY,VARIETY STORE, 33 
  POSSESSION OF STOLEN PROPERTY,VIDEO STORE, 11 
  PROSTITUTION & RELATED OFFENSES,ABANDONED BUILDING, 2 
  PROSTITUTION & RELATED OFFENSES,HOTEL/MOTEL, 5 
  PROSTITUTION & RELATED OFFENSES,PARKING LOT/GARAGE  PRIVATE , 3 
  PROSTITUTION & RELATED OFFENSES,RESIDENCE - APT. HOUSE, 8 
  PROSTITUTION & RELATED OFFENSES,RESIDENCE - PUBLIC HOUSING, 7 
  PROSTITUTION & RELATED OFFENSES,RESIDENCE-HOUSE, 3 
  PROSTITUTION & RELATED OFFENSES,STREET, 21 
  SEX CRIMES,ABANDONED BUILDING, 4 
  SEX CRIMES,BANK, 3 
  SEX CRIMES,BAR/NIGHT CLUB, 60 
  SEX CRIMES,BEAUTY & NAIL SALON, 20 
  SEX CRIMES,BOOK/CARD, 1 
  SEX CRIMES,BRIDGE, 1 
  SEX CRIMES,BUS  NYC TRANSIT , 9 
  SEX CRIMES,BUS  OTHER , 20 
  SEX CRIMES,BUS STOP, 1 
  SEX CRIMES,CANDY STORE, 8 
  SEX CRIMES,CHAIN STORE, 23 
  SEX CRIMES,CHECK CASHING BUSINESS, 2 
  SEX CRIMES,CHURCH, 20 
  SEX CRIMES,CLOTHING/BOUTIQUE, 12 
  SEX CRIMES,COMMERCIAL BUILDING, 117 
  SEX CRIMES,CONSTRUCTION SITE, 3 
  SEX CRIMES,DEPARTMENT STORE, 18 
  SEX CRIMES,DOCTOR/DENTIST OFFICE, 48 
  SEX CRIMES,DRUG STORE, 13 
  SEX CRIMES,DRY CLEANER/LAUNDRY, 22 
  SEX CRIMES,FACTORY/WAREHOUSE, 4 
  SEX CRIMES,FAST FOOD, 35 
  SEX CRIMES,FOOD SUPERMARKET, 22 
  SEX CRIMES,GAS STATION, 5 
  SEX CRIMES,GROCERY/BODEGA, 87 
  SEX CRIMES,GYM/FITNESS FACILITY, 18 
  SEX CRIMES,HOSPITAL, 112 
  SEX CRIMES,HOTEL/MOTEL, 37 
  SEX CRIMES,JEWELRY, 2 
  SEX CRIMES,LIQUOR STORE, 1 
  SEX CRIMES,MARINA/PIER, 2 
  SEX CRIMES,MOSQUE, 2 
  SEX CRIMES,OPEN AREAS  OPEN LOTS , 3 
  SEX CRIMES,OTHER, 199 
  SEX CRIMES,OTHER HOUSE OF WORSHIP, 1 
  SEX CRIMES,PARK/PLAYGROUND, 36 
  SEX CRIMES,PARKING LOT/GARAGE  PRIVATE , 14 
  SEX CRIMES,PARKING LOT/GARAGE  PUBLIC , 14 
  SEX CRIMES,PHOTO/COPY, 3 
  SEX CRIMES,PRIVATE/PAROCHIAL SCHOOL, 28 
  SEX CRIMES,PUBLIC BUILDING, 47 
  SEX CRIMES,PUBLIC SCHOOL, 367 
  SEX CRIMES,RESIDENCE - APT. HOUSE, 3642 
  SEX CRIMES,RESIDENCE - PUBLIC HOUSING, 1096 
  SEX CRIMES,RESIDENCE-HOUSE, 1086 
  SEX CRIMES,RESTAURANT/DINER, 41 
  SEX CRIMES,SHOE, 1 
  SEX CRIMES,SMALL MERCHANT, 14 
  SEX CRIMES,SOCIAL CLUB/POLICY, 7 
  SEX CRIMES,STORE UNCLASSIFIED, 24 
  SEX CRIMES,STREET, 752 
  SEX CRIMES,SYNAGOGUE, 16 
  SEX CRIMES,TAXI  LIVERY LICENSED , 4 
  SEX CRIMES,TAXI  YELLOW LICENSED , 6 
  SEX CRIMES,TAXI/LIVERY  UNLICENSED , 1 
  SEX CRIMES,TELECOMM. STORE, 1 
  SEX CRIMES,TRAMWAY, 1 
  SEX CRIMES,TRANSIT - NYC SUBWAY, 3 
  SEX CRIMES,TUNNEL, 1 
  SEX CRIMES,VARIETY STORE, 12 
  SEX CRIMES,VIDEO STORE, 2 
  UNAUTHORIZED USE OF A VEHICLE,BAR/NIGHT CLUB, 1 
  UNAUTHORIZED USE OF A VEHICLE,BUS STOP, 1 
  UNAUTHORIZED USE OF A VEHICLE,CEMETERY, 1 
  UNAUTHORIZED USE OF A VEHICLE,CHAIN STORE, 29 
  UNAUTHORIZED USE OF A VEHICLE,COMMERCIAL BUILDING, 183 
  UNAUTHORIZED USE OF A VEHICLE,CONSTRUCTION SITE, 1 
  UNAUTHORIZED USE OF A VEHICLE,DEPARTMENT STORE, 1 
  UNAUTHORIZED USE OF A VEHICLE,FACTORY/WAREHOUSE, 4 
  UNAUTHORIZED USE OF A VEHICLE,GAS STATION, 11 
  UNAUTHORIZED USE OF A VEHICLE,GYM/FITNESS FACILITY, 1 
  UNAUTHORIZED USE OF A VEHICLE,HIGHWAY/PARKWAY, 2 
  UNAUTHORIZED USE OF A VEHICLE,HOSPITAL, 2 
  UNAUTHORIZED USE OF A VEHICLE,HOTEL/MOTEL, 4 
  UNAUTHORIZED USE OF A VEHICLE,LOAN COMPANY, 6 
  UNAUTHORIZED USE OF A VEHICLE,MARINA/PIER, 1 
  UNAUTHORIZED USE OF A VEHICLE,OPEN AREAS  OPEN LOTS , 10 
  UNAUTHORIZED USE OF A VEHICLE,OTHER, 121 
  UNAUTHORIZED USE OF A VEHICLE,PARK/PLAYGROUND, 2 
  UNAUTHORIZED USE OF A VEHICLE,PARKING LOT/GARAGE  PRIVATE , 90 
  UNAUTHORIZED USE OF A VEHICLE,PARKING LOT/GARAGE  PUBLIC , 52 
  UNAUTHORIZED USE OF A VEHICLE,PRIVATE/PAROCHIAL SCHOOL, 1 
  UNAUTHORIZED USE OF A VEHICLE,PUBLIC BUILDING, 2 
  UNAUTHORIZED USE OF A VEHICLE,PUBLIC SCHOOL, 1 
  UNAUTHORIZED USE OF A VEHICLE,RESIDENCE - APT. HOUSE, 119 
  UNAUTHORIZED USE OF A VEHICLE,RESIDENCE - PUBLIC HOUSING, 158 
  UNAUTHORIZED USE OF A VEHICLE,RESIDENCE-HOUSE, 165 
  UNAUTHORIZED USE OF A VEHICLE,RESTAURANT/DINER, 2 
  UNAUTHORIZED USE OF A VEHICLE,SMALL MERCHANT, 17 
  UNAUTHORIZED USE OF A VEHICLE,STORAGE FACILITY, 16 
  UNAUTHORIZED USE OF A VEHICLE,STORE UNCLASSIFIED, 41 
  UNAUTHORIZED USE OF A VEHICLE,STREET, 1724 
  UNAUTHORIZED USE OF A VEHICLE,SYNAGOGUE, 3 
  UNAUTHORIZED USE OF A VEHICLE,TAXI  LIVERY LICENSED , 7 
  UNAUTHORIZED USE OF A VEHICLE,TAXI/LIVERY  UNLICENSED , 1 
  UNAUTHORIZED USE OF A VEHICLE,TRANSIT FACILITY  OTHER , 1 
  VEHICLE AND TRAFFIC LAWS,BANK, 3 
  VEHICLE AND TRAFFIC LAWS,BAR/NIGHT CLUB, 2 
  VEHICLE AND TRAFFIC LAWS,BRIDGE, 2 
  VEHICLE AND TRAFFIC LAWS,BUS  NYC TRANSIT , 1 
  VEHICLE AND TRAFFIC LAWS,BUS STOP, 1 
  VEHICLE AND TRAFFIC LAWS,CHAIN STORE, 5 
  VEHICLE AND TRAFFIC LAWS,COMMERCIAL BUILDING, 10 
  VEHICLE AND TRAFFIC LAWS,CONSTRUCTION SITE, 1 
  VEHICLE AND TRAFFIC LAWS,DEPARTMENT STORE, 4 
  VEHICLE AND TRAFFIC LAWS,DOCTOR/DENTIST OFFICE, 1 
  VEHICLE AND TRAFFIC LAWS,DRY CLEANER/LAUNDRY, 1 
  VEHICLE AND TRAFFIC LAWS,FAST FOOD, 5 
  VEHICLE AND TRAFFIC LAWS,FOOD SUPERMARKET, 3 
  VEHICLE AND TRAFFIC LAWS,GAS STATION, 15 
  VEHICLE AND TRAFFIC LAWS,GROCERY/BODEGA, 4 
  VEHICLE AND TRAFFIC LAWS,HIGHWAY/PARKWAY, 6 
  VEHICLE AND TRAFFIC LAWS,HOSPITAL, 1 
  VEHICLE AND TRAFFIC LAWS,HOTEL/MOTEL, 1 
  VEHICLE AND TRAFFIC LAWS,LIQUOR STORE, 1 
  VEHICLE AND TRAFFIC LAWS,MOSQUE, 1 
  VEHICLE AND TRAFFIC LAWS,OPEN AREAS  OPEN LOTS , 3 
  VEHICLE AND TRAFFIC LAWS,OTHER, 19 
  VEHICLE AND TRAFFIC LAWS,OTHER HOUSE OF WORSHIP, 1 
  VEHICLE AND TRAFFIC LAWS,PARK/PLAYGROUND, 3 
  VEHICLE AND TRAFFIC LAWS,PARKING LOT/GARAGE  PRIVATE , 22 
  VEHICLE AND TRAFFIC LAWS,PARKING LOT/GARAGE  PUBLIC , 31 
  VEHICLE AND TRAFFIC LAWS,PUBLIC BUILDING, 7 
  VEHICLE AND TRAFFIC LAWS,RESIDENCE - APT. HOUSE, 15 
  VEHICLE AND TRAFFIC LAWS,RESIDENCE - PUBLIC HOUSING, 142 
  VEHICLE AND TRAFFIC LAWS,RESIDENCE-HOUSE, 7 
  VEHICLE AND TRAFFIC LAWS,RESTAURANT/DINER, 2 
  VEHICLE AND TRAFFIC LAWS,STORAGE FACILITY, 1 
  VEHICLE AND TRAFFIC LAWS,STORE UNCLASSIFIED, 1 
  VEHICLE AND TRAFFIC LAWS,STREET, 2216 
  VEHICLE AND TRAFFIC LAWS,TAXI  LIVERY LICENSED , 2 
  VEHICLE AND TRAFFIC LAWS,TAXI/LIVERY  UNLICENSED , 1 
  VEHICLE AND TRAFFIC LAWS,TUNNEL, 30 
  VEHICLE AND TRAFFIC LAWS,VARIETY STORE, 1 
