  01,ADMINISTRATIVE CODE, 30 
  01,AGRICULTURE & MRKTS LAW-UNCLASSIFIED, 2 
  01,ASSAULT 3 & RELATED OFFENSES, 1060 
  01, BURGLARS TOOLS   3 
  01,CRIMINAL MISCHIEF & RELATED OF, 1709 
  01,CRIMINAL TRESPASS, 85 
  01,DANGEROUS DRUGS, 292 
  01,DANGEROUS WEAPONS, 114 
  01,FRAUDS, 139 
  01,INTOXICATED & IMPAIRED DRIVING, 75 
  01,OFF. AGNST PUB ORD SENSBLTY &, 1171 
  01,OFFENSES AGAINST PUBLIC ADMINI, 349 
  01,OFFENSES AGAINST THE PERSON, 21 
  01,OFFENSES INVOLVING FRAUD, 9 
  01,OTHER OFFENSES RELATED TO THEF, 21 
  01,OTHER STATE LAWS  NON PENAL LA, 6 
  01,PETIT LARCENY, 1942 
  01,POSSESSION OF STOLEN PROPERTY, 40 
  01,PROSTITUTION & RELATED OFFENSES, 1 
  01,SEX CRIMES, 65 
  01,UNAUTHORIZED USE OF A VEHICLE, 71 
  01,VEHICLE AND TRAFFIC LAWS, 15 
  02,ADMINISTRATIVE CODE, 35 
  02,ALCOHOLIC BEVERAGE CONTROL LAW, 2 
  02,ASSAULT 3 & RELATED OFFENSES, 1031 
  02, BURGLARS TOOLS   4 
  02,CRIMINAL MISCHIEF & RELATED OF, 1560 
  02,CRIMINAL TRESPASS, 89 
  02,DANGEROUS DRUGS, 312 
  02,DANGEROUS WEAPONS, 83 
  02,FRAUDS, 104 
  02,FRAUDULENT ACCOSTING, 1 
  02,INTOXICATED & IMPAIRED DRIVING, 71 
  02,OFF. AGNST PUB ORD SENSBLTY &, 1010 
  02,OFFENSES AGAINST PUBLIC ADMINI, 304 
  02,OFFENSES AGAINST PUBLIC SAFETY, 2 
  02,OFFENSES AGAINST THE PERSON, 13 
  02,OFFENSES INVOLVING FRAUD, 13 
  02,OTHER OFFENSES RELATED TO THEF, 21 
  02,OTHER STATE LAWS  NON PENAL LA, 10 
  02,PETIT LARCENY, 1703 
  02,PETIT LARCENY OF MOTOR VEHICLE, 1 
  02,POSSESSION OF STOLEN PROPERTY, 40 
  02,SEX CRIMES, 64 
  02,UNAUTHORIZED USE OF A VEHICLE, 62 
  02,VEHICLE AND TRAFFIC LAWS, 21 
  03,ADMINISTRATIVE CODE, 25 
  03,ALCOHOLIC BEVERAGE CONTROL LAW, 4 
  03,ASSAULT 3 & RELATED OFFENSES, 1213 
  03, BURGLARS TOOLS   1 
  03,CRIMINAL MISCHIEF & RELATED OF, 1878 
  03,CRIMINAL TRESPASS, 82 
  03,DANGEROUS DRUGS, 311 
  03,DANGEROUS WEAPONS, 78 
  03,ENDAN WELFARE INCOMP, 1 
  03,FRAUDS, 143 
  03,INTOXICATED & IMPAIRED DRIVING, 89 
  03,OFF. AGNST PUB ORD SENSBLTY &, 1187 
  03,OFFENSES AGAINST PUBLIC ADMINI, 395 
  03,OFFENSES AGAINST PUBLIC SAFETY, 2 
  03,OFFENSES AGAINST THE PERSON, 12 
  03,OFFENSES INVOLVING FRAUD, 17 
  03,OFFENSES RELATED TO CHILDREN, 1 
  03,OTHER OFFENSES RELATED TO THEF, 24 
  03,OTHER STATE LAWS  NON PENAL LA, 3 
  03,PETIT LARCENY, 2111 
  03,PETIT LARCENY OF MOTOR VEHICLE, 1 
  03,POSSESSION OF STOLEN PROPERTY, 43 
  03,SEX CRIMES, 82 
  03,UNAUTHORIZED USE OF A VEHICLE, 59 
  03,VEHICLE AND TRAFFIC LAWS, 25 
  04,ADMINISTRATIVE CODE, 26 
  04,ALCOHOLIC BEVERAGE CONTROL LAW, 2 
  04,ASSAULT 3 & RELATED OFFENSES, 1216 
  04, BURGLARS TOOLS   2 
  04,CRIMINAL MISCHIEF & RELATED OF, 1804 
  04,CRIMINAL TRESPASS, 100 
  04,DANGEROUS DRUGS, 312 
  04,DANGEROUS WEAPONS, 89 
  04,FRAUDS, 152 
  04,FRAUDULENT ACCOSTING, 1 
  04,GAMBLING, 1 
  04,INTOXICATED & IMPAIRED DRIVING, 78 
  04,OFF. AGNST PUB ORD SENSBLTY &, 1179 
  04,OFFENSES AGAINST PUBLIC ADMINI, 406 
  04,OFFENSES AGAINST PUBLIC SAFETY, 2 
  04,OFFENSES AGAINST THE PERSON, 25 
  04,OFFENSES INVOLVING FRAUD, 6 
  04,OFFENSES RELATED TO CHILDREN, 1 
  04,OTHER OFFENSES RELATED TO THEF, 18 
  04,OTHER STATE LAWS  NON PENAL LA, 11 
  04,PETIT LARCENY, 2074 
  04,PETIT LARCENY OF MOTOR VEHICLE, 1 
  04,POSSESSION OF STOLEN PROPERTY, 53 
  04,SEX CRIMES, 74 
  04,UNAUTHORIZED USE OF A VEHICLE, 62 
  04,VEHICLE AND TRAFFIC LAWS, 22 
  05,ADMINISTRATIVE CODE, 23 
  05,ASSAULT 3 & RELATED OFFENSES, 1367 
  05, BURGLARS TOOLS   3 
  05,CRIMINAL MISCHIEF & RELATED OF, 1868 
  05,CRIMINAL TRESPASS, 81 
  05,DANGEROUS DRUGS, 301 
  05,DANGEROUS WEAPONS, 102 
  05,FRAUDS, 113 
  05,FRAUDULENT ACCOSTING, 2 
  05,GAMBLING, 1 
  05,INTOXICATED & IMPAIRED DRIVING, 93 
  05,OFF. AGNST PUB ORD SENSBLTY &, 1132 
  05,OFFENSES AGAINST PUBLIC ADMINI, 376 
  05,OFFENSES AGAINST PUBLIC SAFETY, 1 
  05,OFFENSES AGAINST THE PERSON, 27 
  05,OFFENSES INVOLVING FRAUD, 8 
  05,OFFENSES RELATED TO CHILDREN, 4 
  05,OTHER OFFENSES RELATED TO THEF, 17 
  05,OTHER STATE LAWS  NON PENAL LA, 6 
  05,PETIT LARCENY, 2273 
  05,PETIT LARCENY OF MOTOR VEHICLE, 2 
  05,POSSESSION OF STOLEN PROPERTY, 57 
  05,SEX CRIMES, 73 
  05,UNAUTHORIZED USE OF A VEHICLE, 60 
  05,VEHICLE AND TRAFFIC LAWS, 22 
  06,ADMINISTRATIVE CODE, 29 
  06,AGRICULTURE & MRKTS LAW-UNCLASSIFIED, 2 
  06,ALCOHOLIC BEVERAGE CONTROL LAW, 2 
  06,ASSAULT 3 & RELATED OFFENSES, 1268 
  06, BURGLARS TOOLS   4 
  06,CRIMINAL MISCHIEF & RELATED OF, 1953 
  06,CRIMINAL TRESPASS, 112 
  06,DANGEROUS DRUGS, 234 
  06,DANGEROUS WEAPONS, 84 
  06,FRAUDS, 127 
  06,GAMBLING, 1 
  06,INTOXICATED & IMPAIRED DRIVING, 70 
  06,OFF. AGNST PUB ORD SENSBLTY &, 1178 
  06,OFFENSES AGAINST PUBLIC ADMINI, 388 
  06,OFFENSES AGAINST PUBLIC SAFETY, 10 
  06,OFFENSES AGAINST THE PERSON, 24 
  06,OFFENSES INVOLVING FRAUD, 18 
  06,OFFENSES RELATED TO CHILDREN, 2 
  06,OTHER OFFENSES RELATED TO THEF, 25 
  06,OTHER STATE LAWS  NON PENAL LA, 9 
  06,PETIT LARCENY, 2436 
  06,PETIT LARCENY OF MOTOR VEHICLE, 3 
  06,POSSESSION OF STOLEN PROPERTY, 65 
  06,SEX CRIMES, 69 
  06,UNAUTHORIZED USE OF A VEHICLE, 82 
  06,VEHICLE AND TRAFFIC LAWS, 32 
  07,ADMINISTRATIVE CODE, 24 
  07,AGRICULTURE & MRKTS LAW-UNCLASSIFIED, 1 
  07,ANTICIPATORY OFFENSES, 1 
  07,ASSAULT 3 & RELATED OFFENSES, 1329 
  07, BURGLARS TOOLS   5 
  07,CRIMINAL MISCHIEF & RELATED OF, 2092 
  07,CRIMINAL TRESPASS, 103 
  07,DANGEROUS DRUGS, 231 
  07,DANGEROUS WEAPONS, 82 
  07,ENDAN WELFARE INCOMP, 1 
  07,FRAUDS, 103 
  07,GAMBLING, 1 
  07,INTOXICATED & IMPAIRED DRIVING, 63 
  07,OFF. AGNST PUB ORD SENSBLTY &, 1100 
  07,OFFENSES AGAINST PUBLIC ADMINI, 372 
  07,OFFENSES AGAINST PUBLIC SAFETY, 11 
  07,OFFENSES AGAINST THE PERSON, 34 
  07,OFFENSES INVOLVING FRAUD, 8 
  07,OTHER OFFENSES RELATED TO THEF, 26 
  07,OTHER STATE LAWS  NON PENAL LA, 6 
  07,PETIT LARCENY, 2453 
  07,PETIT LARCENY OF MOTOR VEHICLE, 4 
  07,POSSESSION OF STOLEN PROPERTY, 46 
  07,SEX CRIMES, 77 
  07,UNAUTHORIZED USE OF A VEHICLE, 82 
  07,VEHICLE AND TRAFFIC LAWS, 19 
  08,ADMINISTRATIVE CODE, 26 
  08,AGRICULTURE & MRKTS LAW-UNCLASSIFIED, 1 
  08,ALCOHOLIC BEVERAGE CONTROL LAW, 1 
  08,ASSAULT 3 & RELATED OFFENSES, 1293 
  08, BURGLARS TOOLS   3 
  08,CRIMINAL MISCHIEF & RELATED OF, 2085 
  08,CRIMINAL TRESPASS, 96 
  08,DANGEROUS DRUGS, 260 
  08,DANGEROUS WEAPONS, 81 
  08,FRAUDS, 104 
  08,INTOXICATED & IMPAIRED DRIVING, 68 
  08,OFF. AGNST PUB ORD SENSBLTY &, 1126 
  08,OFFENSES AGAINST PUBLIC ADMINI, 338 
  08,OFFENSES AGAINST PUBLIC SAFETY, 1 
  08,OFFENSES AGAINST THE PERSON, 28 
  08,OFFENSES INVOLVING FRAUD, 12 
  08,OFFENSES RELATED TO CHILDREN, 3 
  08,OTHER OFFENSES RELATED TO THEF, 26 
  08,OTHER STATE LAWS  NON PENAL LA, 7 
  08,PETIT LARCENY, 2625 
  08,PETIT LARCENY OF MOTOR VEHICLE, 4 
  08,POSSESSION OF STOLEN PROPERTY, 45 
  08,SEX CRIMES, 75 
  08,UNAUTHORIZED USE OF A VEHICLE, 93 
  08,VEHICLE AND TRAFFIC LAWS, 23 
  09,ADMINISTRATIVE CODE, 43 
  09,AGRICULTURE & MRKTS LAW-UNCLASSIFIED, 1 
  09,ALCOHOLIC BEVERAGE CONTROL LAW, 3 
  09,ASSAULT 3 & RELATED OFFENSES, 1262 
  09, BURGLARS TOOLS   3 
  09,CRIMINAL MISCHIEF & RELATED OF, 1898 
  09,CRIMINAL TRESPASS, 118 
  09,DANGEROUS DRUGS, 297 
  09,DANGEROUS WEAPONS, 109 
  09,ESCAPE 3, 2 
  09,FRAUDS, 117 
  09,FRAUDULENT ACCOSTING, 1 
  09,GAMBLING, 2 
  09,INTOXICATED & IMPAIRED DRIVING, 92 
  09,OFF. AGNST PUB ORD SENSBLTY &, 1121 
  09,OFFENSES AGAINST PUBLIC ADMINI, 404 
  09,OFFENSES AGAINST THE PERSON, 14 
  09,OFFENSES INVOLVING FRAUD, 6 
  09,OFFENSES RELATED TO CHILDREN, 4 
  09,OTHER OFFENSES RELATED TO THEF, 16 
  09,OTHER STATE LAWS  NON PENAL LA, 6 
  09,PETIT LARCENY, 2409 
  09,PETIT LARCENY OF MOTOR VEHICLE, 2 
  09,POSSESSION OF STOLEN PROPERTY, 43 
  09,SEX CRIMES, 85 
  09,UNAUTHORIZED USE OF A VEHICLE, 89 
  09,VEHICLE AND TRAFFIC LAWS, 23 
  10,ADMINISTRATIVE CODE, 38 
  10,AGRICULTURE & MRKTS LAW-UNCLASSIFIED, 1 
  10,ALCOHOLIC BEVERAGE CONTROL LAW, 7 
  10,ASSAULT 3 & RELATED OFFENSES, 1206 
  10, BURGLARS TOOLS   6 
  10,CRIMINAL MISCHIEF & RELATED OF, 1999 
  10,CRIMINAL TRESPASS, 87 
  10,DANGEROUS DRUGS, 253 
  10,DANGEROUS WEAPONS, 100 
  10,FRAUDS, 120 
  10,INTOXICATED & IMPAIRED DRIVING, 88 
  10,OFF. AGNST PUB ORD SENSBLTY &, 1097 
  10,OFFENSES AGAINST PUBLIC ADMINI, 415 
  10,OFFENSES AGAINST PUBLIC SAFETY, 2 
  10,OFFENSES AGAINST THE PERSON, 31 
  10,OFFENSES INVOLVING FRAUD, 13 
  10,OFFENSES RELATED TO CHILDREN, 1 
  10,OTHER OFFENSES RELATED TO THEF, 24 
  10,OTHER STATE LAWS  NON PENAL LA, 5 
  10,PETIT LARCENY, 2406 
  10,PETIT LARCENY OF MOTOR VEHICLE, 1 
  10,POSSESSION OF STOLEN PROPERTY, 49 
  10,SEX CRIMES, 88 
  10,UNAUTHORIZED USE OF A VEHICLE, 71 
  10,VEHICLE AND TRAFFIC LAWS, 25 
  11,ADMINISTRATIVE CODE, 28 
  11,ALCOHOLIC BEVERAGE CONTROL LAW, 2 
  11,ASSAULT 3 & RELATED OFFENSES, 1145 
  11, BURGLARS TOOLS   2 
  11,CRIMINAL MISCHIEF & RELATED OF, 1734 
  11,CRIMINAL TRESPASS, 97 
  11,DANGEROUS DRUGS, 243 
  11,DANGEROUS WEAPONS, 70 
  11,ESCAPE 3, 1 
  11,FRAUDS, 100 
  11,INTOXICATED & IMPAIRED DRIVING, 67 
  11,OFF. AGNST PUB ORD SENSBLTY &, 1009 
  11,OFFENSES AGAINST PUBLIC ADMINI, 388 
  11,OFFENSES AGAINST PUBLIC SAFETY, 2 
  11,OFFENSES AGAINST THE PERSON, 12 
  11,OFFENSES INVOLVING FRAUD, 10 
  11,OTHER OFFENSES RELATED TO THEF, 16 
  11,OTHER STATE LAWS  NON PENAL LA, 8 
  11,PETIT LARCENY, 2428 
  11,PETIT LARCENY OF MOTOR VEHICLE, 1 
  11,POSSESSION OF STOLEN PROPERTY, 62 
  11,SEX CRIMES, 67 
  11,UNAUTHORIZED USE OF A VEHICLE, 57 
  11,VEHICLE AND TRAFFIC LAWS, 18 
  12,ADMINISTRATIVE CODE, 28 
  12,ASSAULT 3 & RELATED OFFENSES, 1121 
  12, BURGLARS TOOLS   2 
  12,CRIMINAL MISCHIEF & RELATED OF, 1531 
  12,CRIMINAL TRESPASS, 88 
  12,DANGEROUS DRUGS, 216 
  12,DANGEROUS WEAPONS, 69 
  12,FRAUDS, 118 
  12,GAMBLING, 2 
  12,INTOXICATED & IMPAIRED DRIVING, 90 
  12,OFF. AGNST PUB ORD SENSBLTY &, 1017 
  12,OFFENSES AGAINST PUBLIC ADMINI, 329 
  12,OFFENSES AGAINST PUBLIC SAFETY, 1 
  12,OFFENSES AGAINST THE PERSON, 19 
  12,OFFENSES INVOLVING FRAUD, 9 
  12,OTHER OFFENSES RELATED TO THEF, 29 
  12,OTHER STATE LAWS  NON PENAL LA, 4 
  12,PETIT LARCENY, 2475 
  12,POSSESSION OF STOLEN PROPERTY, 54 
  12,SEX CRIMES, 59 
  12,UNAUTHORIZED USE OF A VEHICLE, 59 
  12,VEHICLE AND TRAFFIC LAWS, 24 
