  ADMINISTRATIVE CODE,ATM, 1 
  ADMINISTRATIVE CODE,BANK, 5 
  ADMINISTRATIVE CODE,BEAUTY & NAIL SALON, 1 
  ADMINISTRATIVE CODE,BRIDGE, 1 
  ADMINISTRATIVE CODE,CANDY STORE, 1 
  ADMINISTRATIVE CODE,CHAIN STORE, 2 
  ADMINISTRATIVE CODE,CHECK CASHING BUSINESS, 18 
  ADMINISTRATIVE CODE,CLOTHING/BOUTIQUE, 1 
  ADMINISTRATIVE CODE,COMMERCIAL BUILDING, 9 
  ADMINISTRATIVE CODE,DEPARTMENT STORE, 1 
  ADMINISTRATIVE CODE,FAST FOOD, 15 
  ADMINISTRATIVE CODE,GAS STATION, 2 
  ADMINISTRATIVE CODE,GROCERY/BODEGA, 9 
  ADMINISTRATIVE CODE,OTHER, 14 
  ADMINISTRATIVE CODE,PARK/PLAYGROUND, 1 
  ADMINISTRATIVE CODE,PARKING LOT/GARAGE  PRIVATE , 4 
  ADMINISTRATIVE CODE,PUBLIC BUILDING, 3 
  ADMINISTRATIVE CODE,PUBLIC SCHOOL, 2 
  ADMINISTRATIVE CODE,RESIDENCE - APT. HOUSE, 734 
  ADMINISTRATIVE CODE,RESIDENCE - PUBLIC HOUSING, 36 
  ADMINISTRATIVE CODE,RESIDENCE-HOUSE, 270 
  ADMINISTRATIVE CODE,RESTAURANT/DINER, 3 
  ADMINISTRATIVE CODE,SMALL MERCHANT, 1 
  ADMINISTRATIVE CODE,STORE UNCLASSIFIED, 2 
  ADMINISTRATIVE CODE,STREET, 37 
  AGRICULTURE & MRKTS LAW-UNCLASSIFIED,COMMERCIAL BUILDING, 2 
  AGRICULTURE & MRKTS LAW-UNCLASSIFIED,PARK/PLAYGROUND, 1 
  AGRICULTURE & MRKTS LAW-UNCLASSIFIED,PUBLIC BUILDING, 1 
  AGRICULTURE & MRKTS LAW-UNCLASSIFIED,RESIDENCE - APT. HOUSE, 17 
  AGRICULTURE & MRKTS LAW-UNCLASSIFIED,RESIDENCE - PUBLIC HOUSING, 8 
  AGRICULTURE & MRKTS LAW-UNCLASSIFIED,RESIDENCE-HOUSE, 2 
  AGRICULTURE & MRKTS LAW-UNCLASSIFIED,STORAGE FACILITY, 1 
  AGRICULTURE & MRKTS LAW-UNCLASSIFIED,STREET, 7 
  ALCOHOLIC BEVERAGE CONTROL LAW,BAR/NIGHT CLUB, 41 
  ALCOHOLIC BEVERAGE CONTROL LAW,BEAUTY & NAIL SALON, 1 
  ALCOHOLIC BEVERAGE CONTROL LAW,CANDY STORE, 4 
  ALCOHOLIC BEVERAGE CONTROL LAW,CHAIN STORE, 1 
  ALCOHOLIC BEVERAGE CONTROL LAW,CHURCH, 1 
  ALCOHOLIC BEVERAGE CONTROL LAW,CLOTHING/BOUTIQUE, 1 
  ALCOHOLIC BEVERAGE CONTROL LAW,COMMERCIAL BUILDING, 5 
  ALCOHOLIC BEVERAGE CONTROL LAW,FOOD SUPERMARKET, 3 
  ALCOHOLIC BEVERAGE CONTROL LAW,GROCERY/BODEGA, 93 
  ALCOHOLIC BEVERAGE CONTROL LAW,LIQUOR STORE, 14 
  ALCOHOLIC BEVERAGE CONTROL LAW,OTHER, 3 
  ALCOHOLIC BEVERAGE CONTROL LAW,PARK/PLAYGROUND, 3 
  ALCOHOLIC BEVERAGE CONTROL LAW,PARKING LOT/GARAGE  PRIVATE , 1 
  ALCOHOLIC BEVERAGE CONTROL LAW,PRIVATE/PAROCHIAL SCHOOL, 1 
  ALCOHOLIC BEVERAGE CONTROL LAW,PUBLIC BUILDING, 1 
  ALCOHOLIC BEVERAGE CONTROL LAW,RESIDENCE - APT. HOUSE, 5 
  ALCOHOLIC BEVERAGE CONTROL LAW,RESIDENCE - PUBLIC HOUSING, 2 
  ALCOHOLIC BEVERAGE CONTROL LAW,RESIDENCE-HOUSE, 6 
  ALCOHOLIC BEVERAGE CONTROL LAW,RESTAURANT/DINER, 15 
  ALCOHOLIC BEVERAGE CONTROL LAW,SMALL MERCHANT, 3 
  ALCOHOLIC BEVERAGE CONTROL LAW,SOCIAL CLUB/POLICY, 12 
  ALCOHOLIC BEVERAGE CONTROL LAW,STORE UNCLASSIFIED, 3 
  ALCOHOLIC BEVERAGE CONTROL LAW,STREET, 2 
  ALCOHOLIC BEVERAGE CONTROL LAW,VIDEO STORE, 1 
  ANTICIPATORY OFFENSES,GROCERY/BODEGA, 1 
  ANTICIPATORY OFFENSES,PUBLIC SCHOOL, 1 
  ANTICIPATORY OFFENSES,RESIDENCE - APT. HOUSE, 3 
  ANTICIPATORY OFFENSES,STREET, 2 
  ANTICIPATORY OFFENSES,TAXI  LIVERY LICENSED , 1 
  ASSAULT 3 & RELATED OFFENSES,ABANDONED BUILDING, 5 
  ASSAULT 3 & RELATED OFFENSES,ATM, 1 
  ASSAULT 3 & RELATED OFFENSES,BANK, 20 
  ASSAULT 3 & RELATED OFFENSES,BAR/NIGHT CLUB, 573 
  ASSAULT 3 & RELATED OFFENSES,BEAUTY & NAIL SALON, 214 
  ASSAULT 3 & RELATED OFFENSES,BOOK/CARD, 5 
  ASSAULT 3 & RELATED OFFENSES,BRIDGE, 4 
  ASSAULT 3 & RELATED OFFENSES,BUS  NYC TRANSIT , 48 
  ASSAULT 3 & RELATED OFFENSES,BUS  OTHER , 16 
  ASSAULT 3 & RELATED OFFENSES,BUS STOP, 26 
  ASSAULT 3 & RELATED OFFENSES,CANDY STORE, 139 
  ASSAULT 3 & RELATED OFFENSES,CEMETERY, 3 
  ASSAULT 3 & RELATED OFFENSES,CHAIN STORE, 193 
  ASSAULT 3 & RELATED OFFENSES,CHECK CASHING BUSINESS, 16 
  ASSAULT 3 & RELATED OFFENSES,CHURCH, 31 
  ASSAULT 3 & RELATED OFFENSES,CLOTHING/BOUTIQUE, 87 
  ASSAULT 3 & RELATED OFFENSES,COMMERCIAL BUILDING, 458 
  ASSAULT 3 & RELATED OFFENSES,CONSTRUCTION SITE, 13 
  ASSAULT 3 & RELATED OFFENSES,DEPARTMENT STORE, 175 
  ASSAULT 3 & RELATED OFFENSES,DOCTOR/DENTIST OFFICE, 55 
  ASSAULT 3 & RELATED OFFENSES,DRUG STORE, 71 
  ASSAULT 3 & RELATED OFFENSES,DRY CLEANER/LAUNDRY, 171 
  ASSAULT 3 & RELATED OFFENSES,FACTORY/WAREHOUSE, 68 
  ASSAULT 3 & RELATED OFFENSES,FAST FOOD, 341 
  ASSAULT 3 & RELATED OFFENSES,FERRY/FERRY TERMINAL, 1 
  ASSAULT 3 & RELATED OFFENSES,FOOD SUPERMARKET, 163 
  ASSAULT 3 & RELATED OFFENSES,GAS STATION, 135 
  ASSAULT 3 & RELATED OFFENSES,GROCERY/BODEGA, 1045 
  ASSAULT 3 & RELATED OFFENSES,GYM/FITNESS FACILITY, 51 
  ASSAULT 3 & RELATED OFFENSES,HIGHWAY/PARKWAY, 5 
  ASSAULT 3 & RELATED OFFENSES,HOSPITAL, 460 
  ASSAULT 3 & RELATED OFFENSES,HOTEL/MOTEL, 139 
  ASSAULT 3 & RELATED OFFENSES,JEWELRY, 5 
  ASSAULT 3 & RELATED OFFENSES,LIQUOR STORE, 22 
  ASSAULT 3 & RELATED OFFENSES,LOAN COMPANY, 1 
  ASSAULT 3 & RELATED OFFENSES,MARINA/PIER, 3 
  ASSAULT 3 & RELATED OFFENSES,MOSQUE, 9 
  ASSAULT 3 & RELATED OFFENSES,OPEN AREAS  OPEN LOTS , 53 
  ASSAULT 3 & RELATED OFFENSES,OTHER, 1203 
  ASSAULT 3 & RELATED OFFENSES,OTHER HOUSE OF WORSHIP, 6 
  ASSAULT 3 & RELATED OFFENSES,PARK/PLAYGROUND, 243 
  ASSAULT 3 & RELATED OFFENSES,PARKING LOT/GARAGE  PRIVATE , 116 
  ASSAULT 3 & RELATED OFFENSES,PARKING LOT/GARAGE  PUBLIC , 119 
  ASSAULT 3 & RELATED OFFENSES,PHOTO/COPY, 2 
  ASSAULT 3 & RELATED OFFENSES,PRIVATE/PAROCHIAL SCHOOL, 58 
  ASSAULT 3 & RELATED OFFENSES,PUBLIC BUILDING, 427 
  ASSAULT 3 & RELATED OFFENSES,PUBLIC SCHOOL, 1761 
  ASSAULT 3 & RELATED OFFENSES,RESIDENCE - APT. HOUSE, 34974 
  ASSAULT 3 & RELATED OFFENSES,RESIDENCE - PUBLIC HOUSING, 9360 
  ASSAULT 3 & RELATED OFFENSES,RESIDENCE-HOUSE, 5508 
  ASSAULT 3 & RELATED OFFENSES,RESTAURANT/DINER, 538 
  ASSAULT 3 & RELATED OFFENSES,SHOE, 8 
  ASSAULT 3 & RELATED OFFENSES,SMALL MERCHANT, 104 
  ASSAULT 3 & RELATED OFFENSES,SOCIAL CLUB/POLICY, 50 
  ASSAULT 3 & RELATED OFFENSES,STORAGE FACILITY, 27 
  ASSAULT 3 & RELATED OFFENSES,STORE UNCLASSIFIED, 170 
  ASSAULT 3 & RELATED OFFENSES,STREET, 11465 
  ASSAULT 3 & RELATED OFFENSES,SYNAGOGUE, 1 
  ASSAULT 3 & RELATED OFFENSES,TAXI  LIVERY LICENSED , 22 
  ASSAULT 3 & RELATED OFFENSES,TAXI  YELLOW LICENSED , 8 
  ASSAULT 3 & RELATED OFFENSES,TAXI/LIVERY  UNLICENSED , 2 
  ASSAULT 3 & RELATED OFFENSES,TELECOMM. STORE, 34 
  ASSAULT 3 & RELATED OFFENSES,TRAMWAY, 1 
  ASSAULT 3 & RELATED OFFENSES,TRANSIT - NYC SUBWAY, 5 
  ASSAULT 3 & RELATED OFFENSES,TRANSIT FACILITY  OTHER , 3 
  ASSAULT 3 & RELATED OFFENSES,TUNNEL, 13 
  ASSAULT 3 & RELATED OFFENSES,VARIETY STORE, 74 
  ASSAULT 3 & RELATED OFFENSES,VIDEO STORE, 8 
   BURGLARS TOOLS  CHAIN STORE, 3 
   BURGLARS TOOLS  CLOTHING/BOUTIQUE, 4 
   BURGLARS TOOLS  COMMERCIAL BUILDING, 3 
   BURGLARS TOOLS  CONSTRUCTION SITE, 1 
   BURGLARS TOOLS  DEPARTMENT STORE, 3 
   BURGLARS TOOLS  DRUG STORE, 1 
   BURGLARS TOOLS  DRY CLEANER/LAUNDRY, 1 
   BURGLARS TOOLS  FAST FOOD, 1 
   BURGLARS TOOLS  GROCERY/BODEGA, 1 
   BURGLARS TOOLS  OTHER, 3 
   BURGLARS TOOLS  PARKING LOT/GARAGE  PRIVATE , 2 
   BURGLARS TOOLS  PARKING LOT/GARAGE  PUBLIC , 2 
   BURGLARS TOOLS  PUBLIC BUILDING, 2 
   BURGLARS TOOLS  RESIDENCE - APT. HOUSE, 16 
   BURGLARS TOOLS  RESIDENCE - PUBLIC HOUSING, 7 
   BURGLARS TOOLS  RESIDENCE-HOUSE, 7 
   BURGLARS TOOLS  STORE UNCLASSIFIED, 1 
   BURGLARS TOOLS  STREET, 50 
   BURGLARS TOOLS  TRANSIT - NYC SUBWAY, 1 
   BURGLARS TOOLS  TRANSIT FACILITY  OTHER , 1 
  CRIMINAL MISCHIEF & RELATED OF,ABANDONED BUILDING, 60 
  CRIMINAL MISCHIEF & RELATED OF,AIRPORT TERMINAL, 1 
  CRIMINAL MISCHIEF & RELATED OF,ATM, 16 
  CRIMINAL MISCHIEF & RELATED OF,BANK, 73 
  CRIMINAL MISCHIEF & RELATED OF,BAR/NIGHT CLUB, 155 
  CRIMINAL MISCHIEF & RELATED OF,BEAUTY & NAIL SALON, 205 
  CRIMINAL MISCHIEF & RELATED OF,BOOK/CARD, 3 
  CRIMINAL MISCHIEF & RELATED OF,BRIDGE, 16 
  CRIMINAL MISCHIEF & RELATED OF,BUS  NYC TRANSIT , 18 
  CRIMINAL MISCHIEF & RELATED OF,BUS  OTHER , 8 
  CRIMINAL MISCHIEF & RELATED OF,BUS STOP, 9 
  CRIMINAL MISCHIEF & RELATED OF,BUS TERMINAL, 7 
  CRIMINAL MISCHIEF & RELATED OF,CANDY STORE, 88 
  CRIMINAL MISCHIEF & RELATED OF,CEMETERY, 11 
  CRIMINAL MISCHIEF & RELATED OF,CHAIN STORE, 222 
  CRIMINAL MISCHIEF & RELATED OF,CHECK CASHING BUSINESS, 48 
  CRIMINAL MISCHIEF & RELATED OF,CHURCH, 190 
  CRIMINAL MISCHIEF & RELATED OF,CLOTHING/BOUTIQUE, 91 
  CRIMINAL MISCHIEF & RELATED OF,COMMERCIAL BUILDING, 1234 
  CRIMINAL MISCHIEF & RELATED OF,CONSTRUCTION SITE, 72 
  CRIMINAL MISCHIEF & RELATED OF,DEPARTMENT STORE, 134 
  CRIMINAL MISCHIEF & RELATED OF,DOCTOR/DENTIST OFFICE, 162 
  CRIMINAL MISCHIEF & RELATED OF,DRUG STORE, 94 
  CRIMINAL MISCHIEF & RELATED OF,DRY CLEANER/LAUNDRY, 187 
  CRIMINAL MISCHIEF & RELATED OF,FACTORY/WAREHOUSE, 100 
  CRIMINAL MISCHIEF & RELATED OF,FAST FOOD, 349 
  CRIMINAL MISCHIEF & RELATED OF,FOOD SUPERMARKET, 107 
  CRIMINAL MISCHIEF & RELATED OF,GAS STATION, 149 
  CRIMINAL MISCHIEF & RELATED OF,GROCERY/BODEGA, 815 
  CRIMINAL MISCHIEF & RELATED OF,GYM/FITNESS FACILITY, 42 
  CRIMINAL MISCHIEF & RELATED OF,HIGHWAY/PARKWAY, 21 
  CRIMINAL MISCHIEF & RELATED OF,HOSPITAL, 126 
  CRIMINAL MISCHIEF & RELATED OF,HOTEL/MOTEL, 45 
  CRIMINAL MISCHIEF & RELATED OF,JEWELRY, 19 
  CRIMINAL MISCHIEF & RELATED OF,LIQUOR STORE, 44 
  CRIMINAL MISCHIEF & RELATED OF,LOAN COMPANY, 5 
  CRIMINAL MISCHIEF & RELATED OF,MARINA/PIER, 9 
  CRIMINAL MISCHIEF & RELATED OF,MOSQUE, 13 
  CRIMINAL MISCHIEF & RELATED OF,OPEN AREAS  OPEN LOTS , 140 
  CRIMINAL MISCHIEF & RELATED OF,OTHER, 1641 
  CRIMINAL MISCHIEF & RELATED OF,OTHER HOUSE OF WORSHIP, 23 
  CRIMINAL MISCHIEF & RELATED OF,PARK/PLAYGROUND, 121 
  CRIMINAL MISCHIEF & RELATED OF,PARKING LOT/GARAGE  PRIVATE , 1321 
  CRIMINAL MISCHIEF & RELATED OF,PARKING LOT/GARAGE  PUBLIC , 1012 
  CRIMINAL MISCHIEF & RELATED OF,PHOTO/COPY, 5 
  CRIMINAL MISCHIEF & RELATED OF,PRIVATE/PAROCHIAL SCHOOL, 91 
  CRIMINAL MISCHIEF & RELATED OF,PUBLIC BUILDING, 335 
  CRIMINAL MISCHIEF & RELATED OF,PUBLIC SCHOOL, 557 
  CRIMINAL MISCHIEF & RELATED OF,RESIDENCE - APT. HOUSE, 14212 
  CRIMINAL MISCHIEF & RELATED OF,RESIDENCE - PUBLIC HOUSING, 5148 
  CRIMINAL MISCHIEF & RELATED OF,RESIDENCE-HOUSE, 4608 
  CRIMINAL MISCHIEF & RELATED OF,RESTAURANT/DINER, 410 
  CRIMINAL MISCHIEF & RELATED OF,SHOE, 22 
  CRIMINAL MISCHIEF & RELATED OF,SMALL MERCHANT, 278 
  CRIMINAL MISCHIEF & RELATED OF,SOCIAL CLUB/POLICY, 12 
  CRIMINAL MISCHIEF & RELATED OF,STORAGE FACILITY, 85 
  CRIMINAL MISCHIEF & RELATED OF,STORE UNCLASSIFIED, 328 
  CRIMINAL MISCHIEF & RELATED OF,STREET, 24119 
  CRIMINAL MISCHIEF & RELATED OF,SYNAGOGUE, 19 
  CRIMINAL MISCHIEF & RELATED OF,TAXI  LIVERY LICENSED , 17 
  CRIMINAL MISCHIEF & RELATED OF,TAXI  YELLOW LICENSED , 12 
  CRIMINAL MISCHIEF & RELATED OF,TAXI/LIVERY  UNLICENSED , 2 
  CRIMINAL MISCHIEF & RELATED OF,TELECOMM. STORE, 47 
  CRIMINAL MISCHIEF & RELATED OF,TRAMWAY, 1 
  CRIMINAL MISCHIEF & RELATED OF,TRANSIT - NYC SUBWAY, 5 
  CRIMINAL MISCHIEF & RELATED OF,TRANSIT FACILITY  OTHER , 58 
  CRIMINAL MISCHIEF & RELATED OF,TUNNEL, 25 
  CRIMINAL MISCHIEF & RELATED OF,VARIETY STORE, 77 
  CRIMINAL MISCHIEF & RELATED OF,VIDEO STORE, 11 
  CRIMINAL TRESPASS,ABANDONED BUILDING, 12 
  CRIMINAL TRESPASS,ATM, 1 
  CRIMINAL TRESPASS,BANK, 7 
  CRIMINAL TRESPASS,BAR/NIGHT CLUB, 7 
  CRIMINAL TRESPASS,BOOK/CARD, 1 
  CRIMINAL TRESPASS,BUS  OTHER , 1 
  CRIMINAL TRESPASS,CANDY STORE, 6 
  CRIMINAL TRESPASS,CEMETERY, 1 
  CRIMINAL TRESPASS,CHAIN STORE, 28 
  CRIMINAL TRESPASS,CHECK CASHING BUSINESS, 11 
  CRIMINAL TRESPASS,CHURCH, 21 
  CRIMINAL TRESPASS,CLOTHING/BOUTIQUE, 4 
  CRIMINAL TRESPASS,COMMERCIAL BUILDING, 61 
  CRIMINAL TRESPASS,CONSTRUCTION SITE, 15 
  CRIMINAL TRESPASS,DEPARTMENT STORE, 13 
  CRIMINAL TRESPASS,DOCTOR/DENTIST OFFICE, 5 
  CRIMINAL TRESPASS,DRUG STORE, 16 
  CRIMINAL TRESPASS,DRY CLEANER/LAUNDRY, 9 
  CRIMINAL TRESPASS,FACTORY/WAREHOUSE, 9 
  CRIMINAL TRESPASS,FAST FOOD, 27 
  CRIMINAL TRESPASS,FOOD SUPERMARKET, 7 
  CRIMINAL TRESPASS,GAS STATION, 4 
  CRIMINAL TRESPASS,GROCERY/BODEGA, 40 
  CRIMINAL TRESPASS,GYM/FITNESS FACILITY, 4 
  CRIMINAL TRESPASS,HOSPITAL, 28 
  CRIMINAL TRESPASS,HOTEL/MOTEL, 7 
  CRIMINAL TRESPASS,JEWELRY, 1 
  CRIMINAL TRESPASS,LIQUOR STORE, 3 
  CRIMINAL TRESPASS,MARINA/PIER, 1 
  CRIMINAL TRESPASS,MOSQUE, 3 
  CRIMINAL TRESPASS,OPEN AREAS  OPEN LOTS , 6 
  CRIMINAL TRESPASS,OTHER, 178 
  CRIMINAL TRESPASS,OTHER HOUSE OF WORSHIP, 1 
  CRIMINAL TRESPASS,PARK/PLAYGROUND, 84 
  CRIMINAL TRESPASS,PARKING LOT/GARAGE  PRIVATE , 98 
  CRIMINAL TRESPASS,PARKING LOT/GARAGE  PUBLIC , 12 
  CRIMINAL TRESPASS,PRIVATE/PAROCHIAL SCHOOL, 15 
  CRIMINAL TRESPASS,PUBLIC BUILDING, 437 
  CRIMINAL TRESPASS,PUBLIC SCHOOL, 75 
  CRIMINAL TRESPASS,RESIDENCE - APT. HOUSE, 6226 
  CRIMINAL TRESPASS,RESIDENCE - PUBLIC HOUSING, 3686 
  CRIMINAL TRESPASS,RESIDENCE-HOUSE, 538 
  CRIMINAL TRESPASS,RESTAURANT/DINER, 21 
  CRIMINAL TRESPASS,SMALL MERCHANT, 7 
  CRIMINAL TRESPASS,STORAGE FACILITY, 9 
  CRIMINAL TRESPASS,STORE UNCLASSIFIED, 12 
  CRIMINAL TRESPASS,STREET, 379 
  CRIMINAL TRESPASS,TELECOMM. STORE, 5 
  CRIMINAL TRESPASS,TRANSIT FACILITY  OTHER , 3 
  CRIMINAL TRESPASS,VARIETY STORE, 3 
  CRIMINAL TRESPASS,VIDEO STORE, 1 
  DANGEROUS DRUGS,ABANDONED BUILDING, 8 
  DANGEROUS DRUGS,AIRPORT TERMINAL, 1 
  DANGEROUS DRUGS,ATM, 1 
  DANGEROUS DRUGS,BANK, 10 
  DANGEROUS DRUGS,BAR/NIGHT CLUB, 37 
  DANGEROUS DRUGS,BEAUTY & NAIL SALON, 11 
  DANGEROUS DRUGS,BRIDGE, 13 
  DANGEROUS DRUGS,BUS  NYC TRANSIT , 15 
  DANGEROUS DRUGS,BUS  OTHER , 1 
  DANGEROUS DRUGS,BUS STOP, 16 
  DANGEROUS DRUGS,CANDY STORE, 28 
  DANGEROUS DRUGS,CEMETERY, 1 
  DANGEROUS DRUGS,CHAIN STORE, 29 
  DANGEROUS DRUGS,CHECK CASHING BUSINESS, 20 
  DANGEROUS DRUGS,CHURCH, 5 
  DANGEROUS DRUGS,CLOTHING/BOUTIQUE, 4 
  DANGEROUS DRUGS,COMMERCIAL BUILDING, 31 
  DANGEROUS DRUGS,CONSTRUCTION SITE, 2 
  DANGEROUS DRUGS,DEPARTMENT STORE, 21 
  DANGEROUS DRUGS,DRUG STORE, 14 
  DANGEROUS DRUGS,DRY CLEANER/LAUNDRY, 11 
  DANGEROUS DRUGS,FACTORY/WAREHOUSE, 1 
  DANGEROUS DRUGS,FAST FOOD, 45 
  DANGEROUS DRUGS,FOOD SUPERMARKET, 10 
  DANGEROUS DRUGS,GAS STATION, 18 
  DANGEROUS DRUGS,GROCERY/BODEGA, 137 
  DANGEROUS DRUGS,HIGHWAY/PARKWAY, 4 
  DANGEROUS DRUGS,HOSPITAL, 35 
  DANGEROUS DRUGS,HOTEL/MOTEL, 17 
  DANGEROUS DRUGS,LIQUOR STORE, 4 
  DANGEROUS DRUGS,OPEN AREAS  OPEN LOTS , 110 
  DANGEROUS DRUGS,OTHER, 646 
  DANGEROUS DRUGS,OTHER HOUSE OF WORSHIP, 1 
  DANGEROUS DRUGS,PARK/PLAYGROUND, 961 
  DANGEROUS DRUGS,PARKING LOT/GARAGE  PRIVATE , 75 
  DANGEROUS DRUGS,PARKING LOT/GARAGE  PUBLIC , 201 
  DANGEROUS DRUGS,PHOTO/COPY, 1 
  DANGEROUS DRUGS,PRIVATE/PAROCHIAL SCHOOL, 5 
  DANGEROUS DRUGS,PUBLIC BUILDING, 1070 
  DANGEROUS DRUGS,PUBLIC SCHOOL, 81 
  DANGEROUS DRUGS,RESIDENCE - APT. HOUSE, 7006 
  DANGEROUS DRUGS,RESIDENCE - PUBLIC HOUSING, 13977 
  DANGEROUS DRUGS,RESIDENCE-HOUSE, 390 
  DANGEROUS DRUGS,RESTAURANT/DINER, 38 
  DANGEROUS DRUGS,SMALL MERCHANT, 14 
  DANGEROUS DRUGS,SOCIAL CLUB/POLICY, 9 
  DANGEROUS DRUGS,STORAGE FACILITY, 2 
  DANGEROUS DRUGS,STORE UNCLASSIFIED, 22 
  DANGEROUS DRUGS,STREET, 15869 
  DANGEROUS DRUGS,TAXI  LIVERY LICENSED , 11 
  DANGEROUS DRUGS,TAXI  YELLOW LICENSED , 1 
  DANGEROUS DRUGS,TRANSIT - NYC SUBWAY, 9 
  DANGEROUS DRUGS,TRANSIT FACILITY  OTHER , 6 
  DANGEROUS DRUGS,TUNNEL, 5 
  DANGEROUS DRUGS,VARIETY STORE, 8 
  DANGEROUS WEAPONS,AIRPORT TERMINAL, 1 
  DANGEROUS WEAPONS,BANK, 3 
  DANGEROUS WEAPONS,BAR/NIGHT CLUB, 35 
  DANGEROUS WEAPONS,BEAUTY & NAIL SALON, 7 
  DANGEROUS WEAPONS,BRIDGE, 4 
  DANGEROUS WEAPONS,BUS  NYC TRANSIT , 11 
  DANGEROUS WEAPONS,BUS  OTHER , 2 
  DANGEROUS WEAPONS,BUS STOP, 6 
  DANGEROUS WEAPONS,CANDY STORE, 16 
  DANGEROUS WEAPONS,CHAIN STORE, 13 
  DANGEROUS WEAPONS,CHECK CASHING BUSINESS, 1 
  DANGEROUS WEAPONS,CHURCH, 4 
  DANGEROUS WEAPONS,CLOTHING/BOUTIQUE, 3 
  DANGEROUS WEAPONS,COMMERCIAL BUILDING, 22 
  DANGEROUS WEAPONS,CONSTRUCTION SITE, 2 
  DANGEROUS WEAPONS,DEPARTMENT STORE, 11 
  DANGEROUS WEAPONS,DRUG STORE, 10 
  DANGEROUS WEAPONS,DRY CLEANER/LAUNDRY, 3 
  DANGEROUS WEAPONS,FAST FOOD, 14 
  DANGEROUS WEAPONS,FOOD SUPERMARKET, 7 
  DANGEROUS WEAPONS,GAS STATION, 14 
  DANGEROUS WEAPONS,GROCERY/BODEGA, 90 
  DANGEROUS WEAPONS,GYM/FITNESS FACILITY, 1 
  DANGEROUS WEAPONS,HIGHWAY/PARKWAY, 3 
  DANGEROUS WEAPONS,HOSPITAL, 7 
  DANGEROUS WEAPONS,HOTEL/MOTEL, 4 
  DANGEROUS WEAPONS,JEWELRY, 1 
  DANGEROUS WEAPONS,LIQUOR STORE, 2 
  DANGEROUS WEAPONS,OPEN AREAS  OPEN LOTS , 21 
  DANGEROUS WEAPONS,OTHER, 197 
  DANGEROUS WEAPONS,PARK/PLAYGROUND, 110 
  DANGEROUS WEAPONS,PARKING LOT/GARAGE  PRIVATE , 9 
  DANGEROUS WEAPONS,PARKING LOT/GARAGE  PUBLIC , 33 
  DANGEROUS WEAPONS,PRIVATE/PAROCHIAL SCHOOL, 5 
  DANGEROUS WEAPONS,PUBLIC BUILDING, 169 
  DANGEROUS WEAPONS,PUBLIC SCHOOL, 312 
  DANGEROUS WEAPONS,RESIDENCE - APT. HOUSE, 1307 
  DANGEROUS WEAPONS,RESIDENCE - PUBLIC HOUSING, 2392 
  DANGEROUS WEAPONS,RESIDENCE-HOUSE, 149 
  DANGEROUS WEAPONS,RESTAURANT/DINER, 23 
  DANGEROUS WEAPONS,SMALL MERCHANT, 6 
  DANGEROUS WEAPONS,SOCIAL CLUB/POLICY, 5 
  DANGEROUS WEAPONS,STORAGE FACILITY, 2 
  DANGEROUS WEAPONS,STORE UNCLASSIFIED, 15 
  DANGEROUS WEAPONS,STREET, 3752 
  DANGEROUS WEAPONS,TAXI  LIVERY LICENSED , 2 
  DANGEROUS WEAPONS,TRANSIT - NYC SUBWAY, 1 
  DANGEROUS WEAPONS,TRANSIT FACILITY  OTHER , 1 
  DANGEROUS WEAPONS,TUNNEL, 4 
  DANGEROUS WEAPONS,VARIETY STORE, 7 
  DISRUPTION OF A RELIGIOUS SERV,CHURCH, 2 
  DISRUPTION OF A RELIGIOUS SERV,RESIDENCE - APT. HOUSE, 1 
  ENDAN WELFARE INCOMP,BUS STOP, 1 
  ENDAN WELFARE INCOMP,HOSPITAL, 1 
  ENDAN WELFARE INCOMP,OTHER, 1 
  ENDAN WELFARE INCOMP,PRIVATE/PAROCHIAL SCHOOL, 1 
  ENDAN WELFARE INCOMP,RESIDENCE - APT. HOUSE, 5 
  ENDAN WELFARE INCOMP,STREET, 1 
  ESCAPE 3,CHAIN STORE, 1 
  ESCAPE 3,COMMERCIAL BUILDING, 1 
  ESCAPE 3,HOSPITAL, 2 
  ESCAPE 3,OTHER, 7 
  ESCAPE 3,PARK/PLAYGROUND, 1 
  ESCAPE 3,PUBLIC BUILDING, 1 
  ESCAPE 3,RESIDENCE - APT. HOUSE, 5 
  ESCAPE 3,STREET, 7 
  FRAUDS,ABANDONED BUILDING, 2 
  FRAUDS,ATM, 1 
  FRAUDS,BANK, 19 
  FRAUDS,BAR/NIGHT CLUB, 5 
  FRAUDS,BEAUTY & NAIL SALON, 1 
  FRAUDS,BRIDGE, 13 
  FRAUDS,BUS  NYC TRANSIT , 6 
  FRAUDS,BUS STOP, 2 
  FRAUDS,CANDY STORE, 3 
  FRAUDS,CHAIN STORE, 11 
  FRAUDS,CHECK CASHING BUSINESS, 8 
  FRAUDS,CHURCH, 1 
  FRAUDS,CLOTHING/BOUTIQUE, 4 
  FRAUDS,COMMERCIAL BUILDING, 34 
  FRAUDS,DEPARTMENT STORE, 7 
  FRAUDS,DOCTOR/DENTIST OFFICE, 7 
  FRAUDS,DRUG STORE, 8 
  FRAUDS,DRY CLEANER/LAUNDRY, 1 
  FRAUDS,FACTORY/WAREHOUSE, 2 
  FRAUDS,FAST FOOD, 6 
  FRAUDS,FOOD SUPERMARKET, 2 
  FRAUDS,GAS STATION, 2 
  FRAUDS,GROCERY/BODEGA, 14 
  FRAUDS,GYM/FITNESS FACILITY, 1 
  FRAUDS,HOSPITAL, 13 
  FRAUDS,HOTEL/MOTEL, 1 
  FRAUDS,JEWELRY, 1 
  FRAUDS,LOAN COMPANY, 1 
  FRAUDS,OPEN AREAS  OPEN LOTS , 3 
  FRAUDS,OTHER, 191 
  FRAUDS,PARK/PLAYGROUND, 23 
  FRAUDS,PARKING LOT/GARAGE  PRIVATE , 6 
  FRAUDS,PARKING LOT/GARAGE  PUBLIC , 1 
  FRAUDS,PRIVATE/PAROCHIAL SCHOOL, 3 
  FRAUDS,PUBLIC BUILDING, 68 
  FRAUDS,PUBLIC SCHOOL, 7 
  FRAUDS,RESIDENCE - APT. HOUSE, 1044 
  FRAUDS,RESIDENCE - PUBLIC HOUSING, 354 
  FRAUDS,RESIDENCE-HOUSE, 272 
  FRAUDS,RESTAURANT/DINER, 6 
  FRAUDS,SHOE, 2 
  FRAUDS,SMALL MERCHANT, 5 
  FRAUDS,STORAGE FACILITY, 1 
  FRAUDS,STORE UNCLASSIFIED, 7 
  FRAUDS,STREET, 387 
  FRAUDS,TAXI  LIVERY LICENSED , 2 
  FRAUDS,TELECOMM. STORE, 3 
  FRAUDS,TRANSIT - NYC SUBWAY, 1 
  FRAUDS,TRANSIT FACILITY  OTHER , 1 
  FRAUDULENT ACCOSTING,ATM, 1 
  FRAUDULENT ACCOSTING,BANK, 3 
  FRAUDULENT ACCOSTING,BUS STOP, 1 
  FRAUDULENT ACCOSTING,FACTORY/WAREHOUSE, 1 
  FRAUDULENT ACCOSTING,FAST FOOD, 2 
  FRAUDULENT ACCOSTING,HOSPITAL, 1 
  FRAUDULENT ACCOSTING,OTHER, 3 
  FRAUDULENT ACCOSTING,PARKING LOT/GARAGE  PRIVATE , 1 
  FRAUDULENT ACCOSTING,PARKING LOT/GARAGE  PUBLIC , 1 
  FRAUDULENT ACCOSTING,RESIDENCE - APT. HOUSE, 7 
  FRAUDULENT ACCOSTING,RESIDENCE - PUBLIC HOUSING, 1 
  FRAUDULENT ACCOSTING,RESIDENCE-HOUSE, 1 
  FRAUDULENT ACCOSTING,STREET, 59 
  FRAUDULENT ACCOSTING,TELECOMM. STORE, 1 
  GAMBLING,BAR/NIGHT CLUB, 8 
  GAMBLING,BEAUTY & NAIL SALON, 4 
  GAMBLING,CANDY STORE, 2 
  GAMBLING,CLOTHING/BOUTIQUE, 1 
  GAMBLING,COMMERCIAL BUILDING, 3 
  GAMBLING,FOOD SUPERMARKET, 1 
  GAMBLING,GAS STATION, 1 
  GAMBLING,GROCERY/BODEGA, 14 
  GAMBLING,OTHER, 2 
  GAMBLING,PARK/PLAYGROUND, 6 
  GAMBLING,PARKING LOT/GARAGE  PUBLIC , 2 
  GAMBLING,PUBLIC BUILDING, 6 
  GAMBLING,RESIDENCE - APT. HOUSE, 27 
  GAMBLING,RESIDENCE - PUBLIC HOUSING, 87 
  GAMBLING,RESIDENCE-HOUSE, 1 
  GAMBLING,RESTAURANT/DINER, 1 
  GAMBLING,SMALL MERCHANT, 4 
  GAMBLING,SOCIAL CLUB/POLICY, 6 
  GAMBLING,STORE UNCLASSIFIED, 3 
  GAMBLING,STREET, 156 
  GAMBLING,VARIETY STORE, 1 
  INTOXICATED & IMPAIRED DRIVING,BANK, 1 
  INTOXICATED & IMPAIRED DRIVING,BAR/NIGHT CLUB, 4 
  INTOXICATED & IMPAIRED DRIVING,BRIDGE, 382 
  INTOXICATED & IMPAIRED DRIVING,BUS STOP, 1 
  INTOXICATED & IMPAIRED DRIVING,CANDY STORE, 1 
  INTOXICATED & IMPAIRED DRIVING,CLOTHING/BOUTIQUE, 1 
  INTOXICATED & IMPAIRED DRIVING,COMMERCIAL BUILDING, 4 
  INTOXICATED & IMPAIRED DRIVING,DRY CLEANER/LAUNDRY, 1 
  INTOXICATED & IMPAIRED DRIVING,FAST FOOD, 4 
  INTOXICATED & IMPAIRED DRIVING,FOOD SUPERMARKET, 1 
  INTOXICATED & IMPAIRED DRIVING,GAS STATION, 7 
  INTOXICATED & IMPAIRED DRIVING,HIGHWAY/PARKWAY, 29 
  INTOXICATED & IMPAIRED DRIVING,HOSPITAL, 4 
  INTOXICATED & IMPAIRED DRIVING,LIQUOR STORE, 1 
  INTOXICATED & IMPAIRED DRIVING,MARINA/PIER, 1 
  INTOXICATED & IMPAIRED DRIVING,OPEN AREAS  OPEN LOTS , 1 
  INTOXICATED & IMPAIRED DRIVING,OTHER, 12 
  INTOXICATED & IMPAIRED DRIVING,PARK/PLAYGROUND, 1 
  INTOXICATED & IMPAIRED DRIVING,PARKING LOT/GARAGE  PRIVATE , 13 
  INTOXICATED & IMPAIRED DRIVING,PARKING LOT/GARAGE  PUBLIC , 21 
  INTOXICATED & IMPAIRED DRIVING,PUBLIC BUILDING, 5 
  INTOXICATED & IMPAIRED DRIVING,PUBLIC SCHOOL, 1 
  INTOXICATED & IMPAIRED DRIVING,RESIDENCE - APT. HOUSE, 35 
  INTOXICATED & IMPAIRED DRIVING,RESIDENCE - PUBLIC HOUSING, 116 
  INTOXICATED & IMPAIRED DRIVING,RESIDENCE-HOUSE, 12 
  INTOXICATED & IMPAIRED DRIVING,SOCIAL CLUB/POLICY, 1 
  INTOXICATED & IMPAIRED DRIVING,STORAGE FACILITY, 1 
  INTOXICATED & IMPAIRED DRIVING,STREET, 1713 
  INTOXICATED & IMPAIRED DRIVING,TAXI  LIVERY LICENSED , 1 
  INTOXICATED & IMPAIRED DRIVING,TRANSIT FACILITY  OTHER , 5 
  JOSTLING,BUS STOP, 1 
  JOSTLING,CHAIN STORE, 1 
  JOSTLING,RESIDENCE - APT. HOUSE, 1 
  JOSTLING,STREET, 5 
  LOITERING FOR DRUG PURPOSES,RESIDENCE - APT. HOUSE, 4 
  LOITERING FOR DRUG PURPOSES,RESIDENCE - PUBLIC HOUSING, 2 
  LOITERING FOR DRUG PURPOSES,RESIDENCE-HOUSE, 2 
  LOITERING FOR DRUG PURPOSES,STREET, 1 
  NEW YORK CITY HEALTH CODE,FACTORY/WAREHOUSE, 1 
  NEW YORK CITY HEALTH CODE,OTHER, 1 
  NEW YORK CITY HEALTH CODE,RESIDENCE - PUBLIC HOUSING, 1 
  NEW YORK CITY HEALTH CODE,STREET, 1 
  OFF. AGNST PUB ORD SENSBLTY &,ABANDONED BUILDING, 4 
  OFF. AGNST PUB ORD SENSBLTY &,AIRPORT TERMINAL, 1 
  OFF. AGNST PUB ORD SENSBLTY &,ATM, 1 
  OFF. AGNST PUB ORD SENSBLTY &,BANK, 39 
  OFF. AGNST PUB ORD SENSBLTY &,BAR/NIGHT CLUB, 39 
  OFF. AGNST PUB ORD SENSBLTY &,BEAUTY & NAIL SALON, 130 
  OFF. AGNST PUB ORD SENSBLTY &,BOOK/CARD, 4 
  OFF. AGNST PUB ORD SENSBLTY &,BUS  NYC TRANSIT , 1 
  OFF. AGNST PUB ORD SENSBLTY &,BUS  OTHER , 1 
  OFF. AGNST PUB ORD SENSBLTY &,BUS STOP, 7 
  OFF. AGNST PUB ORD SENSBLTY &,BUS TERMINAL, 2 
  OFF. AGNST PUB ORD SENSBLTY &,CANDY STORE, 15 
  OFF. AGNST PUB ORD SENSBLTY &,CEMETERY, 1 
  OFF. AGNST PUB ORD SENSBLTY &,CHAIN STORE, 78 
  OFF. AGNST PUB ORD SENSBLTY &,CHECK CASHING BUSINESS, 18 
  OFF. AGNST PUB ORD SENSBLTY &,CHURCH, 49 
  OFF. AGNST PUB ORD SENSBLTY &,CLOTHING/BOUTIQUE, 24 
  OFF. AGNST PUB ORD SENSBLTY &,COMMERCIAL BUILDING, 622 
  OFF. AGNST PUB ORD SENSBLTY &,CONSTRUCTION SITE, 8 
  OFF. AGNST PUB ORD SENSBLTY &,DEPARTMENT STORE, 58 
  OFF. AGNST PUB ORD SENSBLTY &,DOCTOR/DENTIST OFFICE, 136 
  OFF. AGNST PUB ORD SENSBLTY &,DRUG STORE, 29 
  OFF. AGNST PUB ORD SENSBLTY &,DRY CLEANER/LAUNDRY, 20 
  OFF. AGNST PUB ORD SENSBLTY &,FACTORY/WAREHOUSE, 26 
  OFF. AGNST PUB ORD SENSBLTY &,FAST FOOD, 63 
  OFF. AGNST PUB ORD SENSBLTY &,FOOD SUPERMARKET, 29 
  OFF. AGNST PUB ORD SENSBLTY &,GAS STATION, 16 
  OFF. AGNST PUB ORD SENSBLTY &,GROCERY/BODEGA, 78 
  OFF. AGNST PUB ORD SENSBLTY &,GYM/FITNESS FACILITY, 26 
  OFF. AGNST PUB ORD SENSBLTY &,HIGHWAY/PARKWAY, 1 
  OFF. AGNST PUB ORD SENSBLTY &,HOSPITAL, 340 
  OFF. AGNST PUB ORD SENSBLTY &,HOTEL/MOTEL, 25 
  OFF. AGNST PUB ORD SENSBLTY &,JEWELRY, 8 
  OFF. AGNST PUB ORD SENSBLTY &,LIQUOR STORE, 3 
  OFF. AGNST PUB ORD SENSBLTY &,LOAN COMPANY, 4 
  OFF. AGNST PUB ORD SENSBLTY &,MOSQUE, 1 
  OFF. AGNST PUB ORD SENSBLTY &,OPEN AREAS  OPEN LOTS , 11 
  OFF. AGNST PUB ORD SENSBLTY &,OTHER, 1258 
  OFF. AGNST PUB ORD SENSBLTY &,OTHER HOUSE OF WORSHIP, 2 
  OFF. AGNST PUB ORD SENSBLTY &,PARK/PLAYGROUND, 33 
  OFF. AGNST PUB ORD SENSBLTY &,PARKING LOT/GARAGE  PRIVATE , 28 
  OFF. AGNST PUB ORD SENSBLTY &,PARKING LOT/GARAGE  PUBLIC , 15 
  OFF. AGNST PUB ORD SENSBLTY &,PHOTO/COPY, 1 
  OFF. AGNST PUB ORD SENSBLTY &,PRIVATE/PAROCHIAL SCHOOL, 56 
  OFF. AGNST PUB ORD SENSBLTY &,PUBLIC BUILDING, 243 
  OFF. AGNST PUB ORD SENSBLTY &,PUBLIC SCHOOL, 482 
  OFF. AGNST PUB ORD SENSBLTY &,RESIDENCE - APT. HOUSE, 22630 
  OFF. AGNST PUB ORD SENSBLTY &,RESIDENCE - PUBLIC HOUSING, 4529 
  OFF. AGNST PUB ORD SENSBLTY &,RESIDENCE-HOUSE, 4881 
  OFF. AGNST PUB ORD SENSBLTY &,RESTAURANT/DINER, 152 
  OFF. AGNST PUB ORD SENSBLTY &,SHOE, 3 
  OFF. AGNST PUB ORD SENSBLTY &,SMALL MERCHANT, 64 
  OFF. AGNST PUB ORD SENSBLTY &,SOCIAL CLUB/POLICY, 3 
  OFF. AGNST PUB ORD SENSBLTY &,STORAGE FACILITY, 19 
  OFF. AGNST PUB ORD SENSBLTY &,STORE UNCLASSIFIED, 61 
  OFF. AGNST PUB ORD SENSBLTY &,STREET, 1553 
  OFF. AGNST PUB ORD SENSBLTY &,SYNAGOGUE, 4 
  OFF. AGNST PUB ORD SENSBLTY &,TAXI  LIVERY LICENSED , 3 
  OFF. AGNST PUB ORD SENSBLTY &,TELECOMM. STORE, 17 
  OFF. AGNST PUB ORD SENSBLTY &,TRANSIT - NYC SUBWAY, 3 
  OFF. AGNST PUB ORD SENSBLTY &,TRANSIT FACILITY  OTHER , 4 
  OFF. AGNST PUB ORD SENSBLTY &,TUNNEL, 1 
  OFF. AGNST PUB ORD SENSBLTY &,VARIETY STORE, 11 
  OFF. AGNST PUB ORD SENSBLTY &,VIDEO STORE, 2 
  OFFENSES AGAINST MARRIAGE UNCL,RESIDENCE-HOUSE, 1 
  OFFENSES AGAINST PUBLIC ADMINI,ABANDONED BUILDING, 3 
  OFFENSES AGAINST PUBLIC ADMINI,BANK, 7 
  OFFENSES AGAINST PUBLIC ADMINI,BAR/NIGHT CLUB, 76 
  OFFENSES AGAINST PUBLIC ADMINI,BEAUTY & NAIL SALON, 28 
  OFFENSES AGAINST PUBLIC ADMINI,BRIDGE, 9 
  OFFENSES AGAINST PUBLIC ADMINI,BUS  NYC TRANSIT , 14 
  OFFENSES AGAINST PUBLIC ADMINI,BUS  OTHER , 1 
  OFFENSES AGAINST PUBLIC ADMINI,BUS STOP, 4 
  OFFENSES AGAINST PUBLIC ADMINI,BUS TERMINAL, 1 
  OFFENSES AGAINST PUBLIC ADMINI,CANDY STORE, 16 
  OFFENSES AGAINST PUBLIC ADMINI,CHAIN STORE, 30 
  OFFENSES AGAINST PUBLIC ADMINI,CHECK CASHING BUSINESS, 8 
  OFFENSES AGAINST PUBLIC ADMINI,CHURCH, 14 
  OFFENSES AGAINST PUBLIC ADMINI,CLOTHING/BOUTIQUE, 10 
  OFFENSES AGAINST PUBLIC ADMINI,COMMERCIAL BUILDING, 105 
  OFFENSES AGAINST PUBLIC ADMINI,CONSTRUCTION SITE, 1 
  OFFENSES AGAINST PUBLIC ADMINI,DEPARTMENT STORE, 12 
  OFFENSES AGAINST PUBLIC ADMINI,DOCTOR/DENTIST OFFICE, 19 
  OFFENSES AGAINST PUBLIC ADMINI,DRUG STORE, 7 
  OFFENSES AGAINST PUBLIC ADMINI,DRY CLEANER/LAUNDRY, 11 
  OFFENSES AGAINST PUBLIC ADMINI,FACTORY/WAREHOUSE, 3 
  OFFENSES AGAINST PUBLIC ADMINI,FAST FOOD, 33 
  OFFENSES AGAINST PUBLIC ADMINI,FOOD SUPERMARKET, 14 
  OFFENSES AGAINST PUBLIC ADMINI,GAS STATION, 15 
  OFFENSES AGAINST PUBLIC ADMINI,GROCERY/BODEGA, 91 
  OFFENSES AGAINST PUBLIC ADMINI,GYM/FITNESS FACILITY, 5 
  OFFENSES AGAINST PUBLIC ADMINI,HIGHWAY/PARKWAY, 1 
  OFFENSES AGAINST PUBLIC ADMINI,HOSPITAL, 73 
  OFFENSES AGAINST PUBLIC ADMINI,HOTEL/MOTEL, 18 
  OFFENSES AGAINST PUBLIC ADMINI,JEWELRY, 1 
  OFFENSES AGAINST PUBLIC ADMINI,LIQUOR STORE, 1 
  OFFENSES AGAINST PUBLIC ADMINI,LOAN COMPANY, 2 
  OFFENSES AGAINST PUBLIC ADMINI,MARINA/PIER, 1 
  OFFENSES AGAINST PUBLIC ADMINI,OPEN AREAS  OPEN LOTS , 16 
  OFFENSES AGAINST PUBLIC ADMINI,OTHER, 4548 
  OFFENSES AGAINST PUBLIC ADMINI,OTHER HOUSE OF WORSHIP, 1 
  OFFENSES AGAINST PUBLIC ADMINI,PARK/PLAYGROUND, 56 
  OFFENSES AGAINST PUBLIC ADMINI,PARKING LOT/GARAGE  PRIVATE , 24 
  OFFENSES AGAINST PUBLIC ADMINI,PARKING LOT/GARAGE  PUBLIC , 13 
  OFFENSES AGAINST PUBLIC ADMINI,PRIVATE/PAROCHIAL SCHOOL, 9 
  OFFENSES AGAINST PUBLIC ADMINI,PUBLIC BUILDING, 325 
  OFFENSES AGAINST PUBLIC ADMINI,PUBLIC SCHOOL, 202 
  OFFENSES AGAINST PUBLIC ADMINI,RESIDENCE - APT. HOUSE, 6089 
  OFFENSES AGAINST PUBLIC ADMINI,RESIDENCE - PUBLIC HOUSING, 2635 
  OFFENSES AGAINST PUBLIC ADMINI,RESIDENCE-HOUSE, 1018 
  OFFENSES AGAINST PUBLIC ADMINI,RESTAURANT/DINER, 38 
  OFFENSES AGAINST PUBLIC ADMINI,SHOE, 1 
  OFFENSES AGAINST PUBLIC ADMINI,SMALL MERCHANT, 11 
  OFFENSES AGAINST PUBLIC ADMINI,SOCIAL CLUB/POLICY, 7 
  OFFENSES AGAINST PUBLIC ADMINI,STORAGE FACILITY, 3 
  OFFENSES AGAINST PUBLIC ADMINI,STORE UNCLASSIFIED, 15 
  OFFENSES AGAINST PUBLIC ADMINI,STREET, 2589 
  OFFENSES AGAINST PUBLIC ADMINI,SYNAGOGUE, 4 
  OFFENSES AGAINST PUBLIC ADMINI,TAXI  LIVERY LICENSED , 2 
  OFFENSES AGAINST PUBLIC ADMINI,TAXI/LIVERY  UNLICENSED , 1 
  OFFENSES AGAINST PUBLIC ADMINI,TELECOMM. STORE, 1 
  OFFENSES AGAINST PUBLIC ADMINI,TRANSIT - NYC SUBWAY, 1 
  OFFENSES AGAINST PUBLIC ADMINI,TRANSIT FACILITY  OTHER , 5 
  OFFENSES AGAINST PUBLIC ADMINI,TUNNEL, 5 
  OFFENSES AGAINST PUBLIC ADMINI,VARIETY STORE, 6 
  OFFENSES AGAINST PUBLIC ADMINI,VIDEO STORE, 2 
  OFFENSES AGAINST PUBLIC SAFETY,CLOTHING/BOUTIQUE, 3 
  OFFENSES AGAINST PUBLIC SAFETY,PARKING LOT/GARAGE  PUBLIC , 3 
  OFFENSES AGAINST PUBLIC SAFETY,PUBLIC BUILDING, 1 
  OFFENSES AGAINST PUBLIC SAFETY,PUBLIC SCHOOL, 1 
  OFFENSES AGAINST PUBLIC SAFETY,RESIDENCE - APT. HOUSE, 8 
  OFFENSES AGAINST PUBLIC SAFETY,RESIDENCE - PUBLIC HOUSING, 11 
  OFFENSES AGAINST PUBLIC SAFETY,RESIDENCE-HOUSE, 3 
  OFFENSES AGAINST PUBLIC SAFETY,STREET, 69 
  OFFENSES AGAINST THE PERSON,BANK, 1 
  OFFENSES AGAINST THE PERSON,BAR/NIGHT CLUB, 14 
  OFFENSES AGAINST THE PERSON,BEAUTY & NAIL SALON, 3 
  OFFENSES AGAINST THE PERSON,BUS  NYC TRANSIT , 2 
  OFFENSES AGAINST THE PERSON,BUS  OTHER , 2 
  OFFENSES AGAINST THE PERSON,CANDY STORE, 2 
  OFFENSES AGAINST THE PERSON,CHECK CASHING BUSINESS, 1 
  OFFENSES AGAINST THE PERSON,CLOTHING/BOUTIQUE, 1 
  OFFENSES AGAINST THE PERSON,COMMERCIAL BUILDING, 11 
  OFFENSES AGAINST THE PERSON,DOCTOR/DENTIST OFFICE, 1 
  OFFENSES AGAINST THE PERSON,DRY CLEANER/LAUNDRY, 1 
  OFFENSES AGAINST THE PERSON,FAST FOOD, 7 
  OFFENSES AGAINST THE PERSON,GAS STATION, 5 
  OFFENSES AGAINST THE PERSON,GROCERY/BODEGA, 14 
  OFFENSES AGAINST THE PERSON,HIGHWAY/PARKWAY, 4 
  OFFENSES AGAINST THE PERSON,HOSPITAL, 5 
  OFFENSES AGAINST THE PERSON,HOTEL/MOTEL, 4 
  OFFENSES AGAINST THE PERSON,MARINA/PIER, 1 
  OFFENSES AGAINST THE PERSON,OPEN AREAS  OPEN LOTS , 1 
  OFFENSES AGAINST THE PERSON,OTHER, 49 
  OFFENSES AGAINST THE PERSON,PARK/PLAYGROUND, 18 
  OFFENSES AGAINST THE PERSON,PARKING LOT/GARAGE  PRIVATE , 2 
  OFFENSES AGAINST THE PERSON,PARKING LOT/GARAGE  PUBLIC , 5 
  OFFENSES AGAINST THE PERSON,PRIVATE/PAROCHIAL SCHOOL, 2 
  OFFENSES AGAINST THE PERSON,PUBLIC BUILDING, 17 
  OFFENSES AGAINST THE PERSON,PUBLIC SCHOOL, 65 
  OFFENSES AGAINST THE PERSON,RESIDENCE - APT. HOUSE, 399 
  OFFENSES AGAINST THE PERSON,RESIDENCE - PUBLIC HOUSING, 221 
  OFFENSES AGAINST THE PERSON,RESIDENCE-HOUSE, 70 
  OFFENSES AGAINST THE PERSON,RESTAURANT/DINER, 4 
  OFFENSES AGAINST THE PERSON,SMALL MERCHANT, 2 
  OFFENSES AGAINST THE PERSON,SOCIAL CLUB/POLICY, 1 
  OFFENSES AGAINST THE PERSON,STORAGE FACILITY, 1 
  OFFENSES AGAINST THE PERSON,STORE UNCLASSIFIED, 3 
  OFFENSES AGAINST THE PERSON,STREET, 438 
  OFFENSES INVOLVING FRAUD,AIRPORT TERMINAL, 1 
  OFFENSES INVOLVING FRAUD,BANK, 19 
  OFFENSES INVOLVING FRAUD,BAR/NIGHT CLUB, 2 
  OFFENSES INVOLVING FRAUD,BEAUTY & NAIL SALON, 19 
  OFFENSES INVOLVING FRAUD,CANDY STORE, 7 
  OFFENSES INVOLVING FRAUD,CHAIN STORE, 8 
  OFFENSES INVOLVING FRAUD,CHECK CASHING BUSINESS, 22 
  OFFENSES INVOLVING FRAUD,CHURCH, 1 
  OFFENSES INVOLVING FRAUD,CLOTHING/BOUTIQUE, 41 
  OFFENSES INVOLVING FRAUD,COMMERCIAL BUILDING, 16 
  OFFENSES INVOLVING FRAUD,DEPARTMENT STORE, 6 
  OFFENSES INVOLVING FRAUD,DOCTOR/DENTIST OFFICE, 2 
  OFFENSES INVOLVING FRAUD,DRUG STORE, 10 
  OFFENSES INVOLVING FRAUD,DRY CLEANER/LAUNDRY, 15 
  OFFENSES INVOLVING FRAUD,FAST FOOD, 23 
  OFFENSES INVOLVING FRAUD,FOOD SUPERMARKET, 2 
  OFFENSES INVOLVING FRAUD,GROCERY/BODEGA, 43 
  OFFENSES INVOLVING FRAUD,HIGHWAY/PARKWAY, 1 
  OFFENSES INVOLVING FRAUD,HOSPITAL, 1 
  OFFENSES INVOLVING FRAUD,JEWELRY, 3 
  OFFENSES INVOLVING FRAUD,LIQUOR STORE, 1 
  OFFENSES INVOLVING FRAUD,OPEN AREAS  OPEN LOTS , 2 
  OFFENSES INVOLVING FRAUD,OTHER, 37 
  OFFENSES INVOLVING FRAUD,PARK/PLAYGROUND, 12 
  OFFENSES INVOLVING FRAUD,PARKING LOT/GARAGE  PRIVATE , 11 
  OFFENSES INVOLVING FRAUD,PARKING LOT/GARAGE  PUBLIC , 23 
  OFFENSES INVOLVING FRAUD,PUBLIC BUILDING, 7 
  OFFENSES INVOLVING FRAUD,RESIDENCE - APT. HOUSE, 67 
  OFFENSES INVOLVING FRAUD,RESIDENCE - PUBLIC HOUSING, 76 
  OFFENSES INVOLVING FRAUD,RESIDENCE-HOUSE, 13 
  OFFENSES INVOLVING FRAUD,RESTAURANT/DINER, 26 
  OFFENSES INVOLVING FRAUD,SMALL MERCHANT, 22 
  OFFENSES INVOLVING FRAUD,STORE UNCLASSIFIED, 20 
  OFFENSES INVOLVING FRAUD,STREET, 544 
  OFFENSES INVOLVING FRAUD,TELECOMM. STORE, 3 
  OFFENSES INVOLVING FRAUD,TRANSIT - NYC SUBWAY, 2 
  OFFENSES INVOLVING FRAUD,TRANSIT FACILITY  OTHER , 1 
  OFFENSES INVOLVING FRAUD,VARIETY STORE, 11 
  OFFENSES INVOLVING FRAUD,VIDEO STORE, 1 
  OFFENSES RELATED TO CHILDREN,BAR/NIGHT CLUB, 13 
  OFFENSES RELATED TO CHILDREN,CANDY STORE, 1 
  OFFENSES RELATED TO CHILDREN,GROCERY/BODEGA, 142 
  OFFENSES RELATED TO CHILDREN,LIQUOR STORE, 7 
  OFFENSES RELATED TO CHILDREN,OTHER, 1 
  OFFENSES RELATED TO CHILDREN,PARK/PLAYGROUND, 3 
  OFFENSES RELATED TO CHILDREN,RESIDENCE - APT. HOUSE, 15 
  OFFENSES RELATED TO CHILDREN,RESIDENCE - PUBLIC HOUSING, 3 
  OFFENSES RELATED TO CHILDREN,RESIDENCE-HOUSE, 1 
  OFFENSES RELATED TO CHILDREN,SMALL MERCHANT, 2 
  OFFENSES RELATED TO CHILDREN,STORE UNCLASSIFIED, 2 
  OFFENSES RELATED TO CHILDREN,STREET, 5 
  OTHER OFFENSES RELATED TO THEF,ABANDONED BUILDING, 1 
  OTHER OFFENSES RELATED TO THEF,BANK, 1 
  OTHER OFFENSES RELATED TO THEF,BAR/NIGHT CLUB, 12 
  OTHER OFFENSES RELATED TO THEF,BEAUTY & NAIL SALON, 30 
  OTHER OFFENSES RELATED TO THEF,BUS  NYC TRANSIT , 41 
  OTHER OFFENSES RELATED TO THEF,BUS  OTHER , 1 
  OTHER OFFENSES RELATED TO THEF,BUS STOP, 9 
  OTHER OFFENSES RELATED TO THEF,CHAIN STORE, 6 
  OTHER OFFENSES RELATED TO THEF,CHECK CASHING BUSINESS, 3 
  OTHER OFFENSES RELATED TO THEF,CLOTHING/BOUTIQUE, 1 
  OTHER OFFENSES RELATED TO THEF,COMMERCIAL BUILDING, 13 
  OTHER OFFENSES RELATED TO THEF,DRY CLEANER/LAUNDRY, 6 
  OTHER OFFENSES RELATED TO THEF,FACTORY/WAREHOUSE, 2 
  OTHER OFFENSES RELATED TO THEF,FAST FOOD, 5 
  OTHER OFFENSES RELATED TO THEF,GAS STATION, 48 
  OTHER OFFENSES RELATED TO THEF,GROCERY/BODEGA, 5 
  OTHER OFFENSES RELATED TO THEF,HOSPITAL, 1 
  OTHER OFFENSES RELATED TO THEF,HOTEL/MOTEL, 2 
  OTHER OFFENSES RELATED TO THEF,OPEN AREAS  OPEN LOTS , 3 
  OTHER OFFENSES RELATED TO THEF,OTHER, 25 
  OTHER OFFENSES RELATED TO THEF,PARK/PLAYGROUND, 1 
  OTHER OFFENSES RELATED TO THEF,PARKING LOT/GARAGE  PRIVATE , 11 
  OTHER OFFENSES RELATED TO THEF,PARKING LOT/GARAGE  PUBLIC , 3 
  OTHER OFFENSES RELATED TO THEF,PUBLIC BUILDING, 1 
  OTHER OFFENSES RELATED TO THEF,RESIDENCE - APT. HOUSE, 60 
  OTHER OFFENSES RELATED TO THEF,RESIDENCE - PUBLIC HOUSING, 73 
  OTHER OFFENSES RELATED TO THEF,RESIDENCE-HOUSE, 14 
  OTHER OFFENSES RELATED TO THEF,RESTAURANT/DINER, 63 
  OTHER OFFENSES RELATED TO THEF,SMALL MERCHANT, 14 
  OTHER OFFENSES RELATED TO THEF,STORE UNCLASSIFIED, 4 
  OTHER OFFENSES RELATED TO THEF,STREET, 269 
  OTHER OFFENSES RELATED TO THEF,TAXI  LIVERY LICENSED , 81 
  OTHER OFFENSES RELATED TO THEF,TAXI  YELLOW LICENSED , 62 
  OTHER OFFENSES RELATED TO THEF,TAXI/LIVERY  UNLICENSED , 5 
  OTHER OFFENSES RELATED TO THEF,TELECOMM. STORE, 1 
  OTHER OFFENSES RELATED TO THEF,TRANSIT - NYC SUBWAY, 1 
  OTHER OFFENSES RELATED TO THEF,TRANSIT FACILITY  OTHER , 1 
  OTHER OFFENSES RELATED TO THEF,VARIETY STORE, 1 
  OTHER STATE LAWS  NON PENAL LA,ATM, 1 
  OTHER STATE LAWS  NON PENAL LA,BANK, 3 
  OTHER STATE LAWS  NON PENAL LA,BAR/NIGHT CLUB, 9 
  OTHER STATE LAWS  NON PENAL LA,BEAUTY & NAIL SALON, 1 
  OTHER STATE LAWS  NON PENAL LA,BRIDGE, 45 
  OTHER STATE LAWS  NON PENAL LA,BUS STOP, 1 
  OTHER STATE LAWS  NON PENAL LA,CANDY STORE, 26 
  OTHER STATE LAWS  NON PENAL LA,CHAIN STORE, 5 
  OTHER STATE LAWS  NON PENAL LA,CHECK CASHING BUSINESS, 8 
  OTHER STATE LAWS  NON PENAL LA,COMMERCIAL BUILDING, 2 
  OTHER STATE LAWS  NON PENAL LA,DEPARTMENT STORE, 1 
  OTHER STATE LAWS  NON PENAL LA,DRY CLEANER/LAUNDRY, 2 
  OTHER STATE LAWS  NON PENAL LA,FAST FOOD, 7 
  OTHER STATE LAWS  NON PENAL LA,FOOD SUPERMARKET, 5 
  OTHER STATE LAWS  NON PENAL LA,GAS STATION, 1 
  OTHER STATE LAWS  NON PENAL LA,GROCERY/BODEGA, 200 
  OTHER STATE LAWS  NON PENAL LA,HOSPITAL, 4 
  OTHER STATE LAWS  NON PENAL LA,LIQUOR STORE, 3 
  OTHER STATE LAWS  NON PENAL LA,OPEN AREAS  OPEN LOTS , 1 
  OTHER STATE LAWS  NON PENAL LA,OTHER, 17 
  OTHER STATE LAWS  NON PENAL LA,PARK/PLAYGROUND, 1 
  OTHER STATE LAWS  NON PENAL LA,PARKING LOT/GARAGE  PRIVATE , 3 
  OTHER STATE LAWS  NON PENAL LA,PARKING LOT/GARAGE  PUBLIC , 7 
  OTHER STATE LAWS  NON PENAL LA,PUBLIC BUILDING, 8 
  OTHER STATE LAWS  NON PENAL LA,PUBLIC SCHOOL, 2 
  OTHER STATE LAWS  NON PENAL LA,RESIDENCE - APT. HOUSE, 38 
  OTHER STATE LAWS  NON PENAL LA,RESIDENCE - PUBLIC HOUSING, 81 
  OTHER STATE LAWS  NON PENAL LA,RESIDENCE-HOUSE, 12 
  OTHER STATE LAWS  NON PENAL LA,RESTAURANT/DINER, 10 
  OTHER STATE LAWS  NON PENAL LA,SMALL MERCHANT, 7 
  OTHER STATE LAWS  NON PENAL LA,STORE UNCLASSIFIED, 9 
  OTHER STATE LAWS  NON PENAL LA,STREET, 337 
  OTHER STATE LAWS  NON PENAL LA,TAXI  YELLOW LICENSED , 1 
  OTHER STATE LAWS  NON PENAL LA,TRANSIT FACILITY  OTHER , 1 
  OTHER STATE LAWS  NON PENAL LA,TUNNEL, 1 
  OTHER STATE LAWS  NON PENAL LA,VARIETY STORE, 3 
  OTHER STATE LAWS  NON PENAL LAW ,BAR/NIGHT CLUB, 1 
  OTHER STATE LAWS  NON PENAL LAW ,STREET, 1 
  PETIT LARCENY,ABANDONED BUILDING, 9 
  PETIT LARCENY,AIRPORT TERMINAL, 2 
  PETIT LARCENY,ATM, 61 
  PETIT LARCENY,BANK, 238 
  PETIT LARCENY,BAR/NIGHT CLUB, 231 
  PETIT LARCENY,BEAUTY & NAIL SALON, 289 
  PETIT LARCENY,BOOK/CARD, 23 
  PETIT LARCENY,BRIDGE, 2 
  PETIT LARCENY,BUS  NYC TRANSIT , 13 
  PETIT LARCENY,BUS  OTHER , 6 
  PETIT LARCENY,BUS STOP, 8 
  PETIT LARCENY,BUS TERMINAL, 1 
  PETIT LARCENY,CANDY STORE, 196 
  PETIT LARCENY,CEMETERY, 2 
  PETIT LARCENY,CHAIN STORE, 6445 
  PETIT LARCENY,CHECK CASHING BUSINESS, 264 
  PETIT LARCENY,CHURCH, 191 
  PETIT LARCENY,CLOTHING/BOUTIQUE, 1229 
  PETIT LARCENY,COMMERCIAL BUILDING, 2382 
  PETIT LARCENY,CONSTRUCTION SITE, 114 
  PETIT LARCENY,DEPARTMENT STORE, 7821 
  PETIT LARCENY,DOCTOR/DENTIST OFFICE, 317 
  PETIT LARCENY,DRUG STORE, 2836 
  PETIT LARCENY,DRY CLEANER/LAUNDRY, 467 
  PETIT LARCENY,FACTORY/WAREHOUSE, 137 
  PETIT LARCENY,FAST FOOD, 521 
  PETIT LARCENY,FOOD SUPERMARKET, 2468 
  PETIT LARCENY,GAS STATION, 503 
  PETIT LARCENY,GROCERY/BODEGA, 1820 
  PETIT LARCENY,GYM/FITNESS FACILITY, 587 
  PETIT LARCENY,HIGHWAY/PARKWAY, 3 
  PETIT LARCENY,HOSPITAL, 705 
  PETIT LARCENY,HOTEL/MOTEL, 130 
  PETIT LARCENY,JEWELRY, 39 
  PETIT LARCENY,LIQUOR STORE, 112 
  PETIT LARCENY,LOAN COMPANY, 3 
  PETIT LARCENY,MARINA/PIER, 16 
  PETIT LARCENY,MOSQUE, 22 
  PETIT LARCENY,OPEN AREAS  OPEN LOTS , 202 
  PETIT LARCENY,OTHER, 2553 
  PETIT LARCENY,OTHER HOUSE OF WORSHIP, 7 
  PETIT LARCENY,PARK/PLAYGROUND, 283 
  PETIT LARCENY,PARKING LOT/GARAGE  PRIVATE , 1353 
  PETIT LARCENY,PARKING LOT/GARAGE  PUBLIC , 1100 
  PETIT LARCENY,PHOTO/COPY, 8 
  PETIT LARCENY,PRIVATE/PAROCHIAL SCHOOL, 167 
  PETIT LARCENY,PUBLIC BUILDING, 520 
  PETIT LARCENY,PUBLIC SCHOOL, 1975 
  PETIT LARCENY,RESIDENCE - APT. HOUSE, 11387 
  PETIT LARCENY,RESIDENCE - PUBLIC HOUSING, 3617 
  PETIT LARCENY,RESIDENCE-HOUSE, 3167 
  PETIT LARCENY,RESTAURANT/DINER, 572 
  PETIT LARCENY,SHOE, 97 
  PETIT LARCENY,SMALL MERCHANT, 453 
  PETIT LARCENY,SOCIAL CLUB/POLICY, 42 
  PETIT LARCENY,STORAGE FACILITY, 321 
  PETIT LARCENY,STORE UNCLASSIFIED, 1044 
  PETIT LARCENY,STREET, 28340 
  PETIT LARCENY,SYNAGOGUE, 5 
  PETIT LARCENY,TAXI  LIVERY LICENSED , 81 
  PETIT LARCENY,TAXI  YELLOW LICENSED , 19 
  PETIT LARCENY,TAXI/LIVERY  UNLICENSED , 8 
  PETIT LARCENY,TELECOMM. STORE, 280 
  PETIT LARCENY,TRANSIT - NYC SUBWAY, 6 
  PETIT LARCENY,TRANSIT FACILITY  OTHER , 35 
  PETIT LARCENY,TUNNEL, 39 
  PETIT LARCENY,VARIETY STORE, 503 
  PETIT LARCENY,VIDEO STORE, 60 
  PETIT LARCENY OF MOTOR VEHICLE,COMMERCIAL BUILDING, 1 
  PETIT LARCENY OF MOTOR VEHICLE,PARKING LOT/GARAGE  PRIVATE , 4 
  PETIT LARCENY OF MOTOR VEHICLE,PARKING LOT/GARAGE  PUBLIC , 2 
  PETIT LARCENY OF MOTOR VEHICLE,RESIDENCE - APT. HOUSE, 4 
  PETIT LARCENY OF MOTOR VEHICLE,RESIDENCE - PUBLIC HOUSING, 9 
  PETIT LARCENY OF MOTOR VEHICLE,RESIDENCE-HOUSE, 1 
  PETIT LARCENY OF MOTOR VEHICLE,STORAGE FACILITY, 1 
  PETIT LARCENY OF MOTOR VEHICLE,STREET, 57 
  POSSESSION OF STOLEN PROPERTY,BANK, 2 
  POSSESSION OF STOLEN PROPERTY,BAR/NIGHT CLUB, 1 
  POSSESSION OF STOLEN PROPERTY,BEAUTY & NAIL SALON, 25 
  POSSESSION OF STOLEN PROPERTY,BRIDGE, 4 
  POSSESSION OF STOLEN PROPERTY,BUS STOP, 1 
  POSSESSION OF STOLEN PROPERTY,CANDY STORE, 26 
  POSSESSION OF STOLEN PROPERTY,CHAIN STORE, 139 
  POSSESSION OF STOLEN PROPERTY,CHECK CASHING BUSINESS, 6 
  POSSESSION OF STOLEN PROPERTY,CHURCH, 2 
  POSSESSION OF STOLEN PROPERTY,CLOTHING/BOUTIQUE, 40 
  POSSESSION OF STOLEN PROPERTY,COMMERCIAL BUILDING, 62 
  POSSESSION OF STOLEN PROPERTY,CONSTRUCTION SITE, 5 
  POSSESSION OF STOLEN PROPERTY,DEPARTMENT STORE, 190 
  POSSESSION OF STOLEN PROPERTY,DOCTOR/DENTIST OFFICE, 2 
  POSSESSION OF STOLEN PROPERTY,DRUG STORE, 68 
  POSSESSION OF STOLEN PROPERTY,DRY CLEANER/LAUNDRY, 4 
  POSSESSION OF STOLEN PROPERTY,FACTORY/WAREHOUSE, 5 
  POSSESSION OF STOLEN PROPERTY,FAST FOOD, 21 
  POSSESSION OF STOLEN PROPERTY,FOOD SUPERMARKET, 61 
  POSSESSION OF STOLEN PROPERTY,GAS STATION, 7 
  POSSESSION OF STOLEN PROPERTY,GROCERY/BODEGA, 208 
  POSSESSION OF STOLEN PROPERTY,GYM/FITNESS FACILITY, 2 
  POSSESSION OF STOLEN PROPERTY,HOSPITAL, 8 
  POSSESSION OF STOLEN PROPERTY,HOTEL/MOTEL, 1 
  POSSESSION OF STOLEN PROPERTY,JEWELRY, 29 
  POSSESSION OF STOLEN PROPERTY,LIQUOR STORE, 7 
  POSSESSION OF STOLEN PROPERTY,MOSQUE, 1 
  POSSESSION OF STOLEN PROPERTY,OPEN AREAS  OPEN LOTS , 2 
  POSSESSION OF STOLEN PROPERTY,OTHER, 71 
  POSSESSION OF STOLEN PROPERTY,PARK/PLAYGROUND, 5 
  POSSESSION OF STOLEN PROPERTY,PARKING LOT/GARAGE  PRIVATE , 11 
  POSSESSION OF STOLEN PROPERTY,PARKING LOT/GARAGE  PUBLIC , 2 
  POSSESSION OF STOLEN PROPERTY,PHOTO/COPY, 1 
  POSSESSION OF STOLEN PROPERTY,PRIVATE/PAROCHIAL SCHOOL, 2 
  POSSESSION OF STOLEN PROPERTY,PUBLIC BUILDING, 22 
  POSSESSION OF STOLEN PROPERTY,PUBLIC SCHOOL, 62 
  POSSESSION OF STOLEN PROPERTY,RESIDENCE - APT. HOUSE, 96 
  POSSESSION OF STOLEN PROPERTY,RESIDENCE - PUBLIC HOUSING, 59 
  POSSESSION OF STOLEN PROPERTY,RESIDENCE-HOUSE, 23 
  POSSESSION OF STOLEN PROPERTY,RESTAURANT/DINER, 19 
  POSSESSION OF STOLEN PROPERTY,SHOE, 2 
  POSSESSION OF STOLEN PROPERTY,SMALL MERCHANT, 39 
  POSSESSION OF STOLEN PROPERTY,STORAGE FACILITY, 5 
  POSSESSION OF STOLEN PROPERTY,STORE UNCLASSIFIED, 61 
  POSSESSION OF STOLEN PROPERTY,STREET, 361 
  POSSESSION OF STOLEN PROPERTY,TAXI  LIVERY LICENSED , 1 
  POSSESSION OF STOLEN PROPERTY,TELECOMM. STORE, 37 
  POSSESSION OF STOLEN PROPERTY,TRANSIT FACILITY  OTHER , 4 
  POSSESSION OF STOLEN PROPERTY,VARIETY STORE, 30 
  POSSESSION OF STOLEN PROPERTY,VIDEO STORE, 12 
  PROSTITUTION & RELATED OFFENSES,HOTEL/MOTEL, 1 
  PROSTITUTION & RELATED OFFENSES,OTHER, 1 
  PROSTITUTION & RELATED OFFENSES,PARK/PLAYGROUND, 2 
  PROSTITUTION & RELATED OFFENSES,PUBLIC BUILDING, 1 
  PROSTITUTION & RELATED OFFENSES,RESIDENCE - APT. HOUSE, 7 
  PROSTITUTION & RELATED OFFENSES,RESIDENCE - PUBLIC HOUSING, 4 
  PROSTITUTION & RELATED OFFENSES,STREET, 22 
  SEX CRIMES,BANK, 1 
  SEX CRIMES,BAR/NIGHT CLUB, 17 
  SEX CRIMES,BEAUTY & NAIL SALON, 11 
  SEX CRIMES,BUS  NYC TRANSIT , 4 
  SEX CRIMES,BUS  OTHER , 8 
  SEX CRIMES,BUS STOP, 3 
  SEX CRIMES,CANDY STORE, 10 
  SEX CRIMES,CHAIN STORE, 11 
  SEX CRIMES,CHECK CASHING BUSINESS, 3 
  SEX CRIMES,CHURCH, 10 
  SEX CRIMES,CLOTHING/BOUTIQUE, 9 
  SEX CRIMES,COMMERCIAL BUILDING, 30 
  SEX CRIMES,DEPARTMENT STORE, 14 
  SEX CRIMES,DOCTOR/DENTIST OFFICE, 20 
  SEX CRIMES,DRUG STORE, 2 
  SEX CRIMES,DRY CLEANER/LAUNDRY, 13 
  SEX CRIMES,FACTORY/WAREHOUSE, 3 
  SEX CRIMES,FAST FOOD, 8 
  SEX CRIMES,FOOD SUPERMARKET, 12 
  SEX CRIMES,GAS STATION, 1 
  SEX CRIMES,GROCERY/BODEGA, 39 
  SEX CRIMES,GYM/FITNESS FACILITY, 3 
  SEX CRIMES,HOSPITAL, 86 
  SEX CRIMES,HOTEL/MOTEL, 43 
  SEX CRIMES,JEWELRY, 1 
  SEX CRIMES,MOSQUE, 1 
  SEX CRIMES,OPEN AREAS  OPEN LOTS , 5 
  SEX CRIMES,OTHER, 189 
  SEX CRIMES,OTHER HOUSE OF WORSHIP, 1 
  SEX CRIMES,PARK/PLAYGROUND, 27 
  SEX CRIMES,PARKING LOT/GARAGE  PRIVATE , 2 
  SEX CRIMES,PARKING LOT/GARAGE  PUBLIC , 4 
  SEX CRIMES,PHOTO/COPY, 1 
  SEX CRIMES,PRIVATE/PAROCHIAL SCHOOL, 13 
  SEX CRIMES,PUBLIC BUILDING, 45 
  SEX CRIMES,PUBLIC SCHOOL, 243 
  SEX CRIMES,RESIDENCE - APT. HOUSE, 2500 
  SEX CRIMES,RESIDENCE - PUBLIC HOUSING, 536 
  SEX CRIMES,RESIDENCE-HOUSE, 325 
  SEX CRIMES,RESTAURANT/DINER, 13 
  SEX CRIMES,SHOE, 2 
  SEX CRIMES,SMALL MERCHANT, 13 
  SEX CRIMES,SOCIAL CLUB/POLICY, 2 
  SEX CRIMES,STORAGE FACILITY, 1 
  SEX CRIMES,STORE UNCLASSIFIED, 12 
  SEX CRIMES,STREET, 421 
  SEX CRIMES,TAXI  LIVERY LICENSED , 5 
  SEX CRIMES,TAXI/LIVERY  UNLICENSED , 2 
  SEX CRIMES,TELECOMM. STORE, 2 
  SEX CRIMES,TRANSIT - NYC SUBWAY, 1 
  SEX CRIMES,TRANSIT FACILITY  OTHER , 2 
  SEX CRIMES,VARIETY STORE, 4 
  SEX CRIMES,VIDEO STORE, 1 
  UNAUTHORIZED USE OF A VEHICLE,BAR/NIGHT CLUB, 2 
  UNAUTHORIZED USE OF A VEHICLE,BRIDGE, 1 
  UNAUTHORIZED USE OF A VEHICLE,CHAIN STORE, 11 
  UNAUTHORIZED USE OF A VEHICLE,COMMERCIAL BUILDING, 52 
  UNAUTHORIZED USE OF A VEHICLE,DOCTOR/DENTIST OFFICE, 1 
  UNAUTHORIZED USE OF A VEHICLE,GAS STATION, 5 
  UNAUTHORIZED USE OF A VEHICLE,GROCERY/BODEGA, 1 
  UNAUTHORIZED USE OF A VEHICLE,HOSPITAL, 2 
  UNAUTHORIZED USE OF A VEHICLE,HOTEL/MOTEL, 2 
  UNAUTHORIZED USE OF A VEHICLE,LOAN COMPANY, 1 
  UNAUTHORIZED USE OF A VEHICLE,OPEN AREAS  OPEN LOTS , 3 
  UNAUTHORIZED USE OF A VEHICLE,OTHER, 42 
  UNAUTHORIZED USE OF A VEHICLE,PARKING LOT/GARAGE  PRIVATE , 58 
  UNAUTHORIZED USE OF A VEHICLE,PARKING LOT/GARAGE  PUBLIC , 21 
  UNAUTHORIZED USE OF A VEHICLE,PRIVATE/PAROCHIAL SCHOOL, 1 
  UNAUTHORIZED USE OF A VEHICLE,PUBLIC BUILDING, 3 
  UNAUTHORIZED USE OF A VEHICLE,RESIDENCE - APT. HOUSE, 76 
  UNAUTHORIZED USE OF A VEHICLE,RESIDENCE - PUBLIC HOUSING, 73 
  UNAUTHORIZED USE OF A VEHICLE,RESIDENCE-HOUSE, 38 
  UNAUTHORIZED USE OF A VEHICLE,RESTAURANT/DINER, 1 
  UNAUTHORIZED USE OF A VEHICLE,SMALL MERCHANT, 4 
  UNAUTHORIZED USE OF A VEHICLE,SOCIAL CLUB/POLICY, 1 
  UNAUTHORIZED USE OF A VEHICLE,STORAGE FACILITY, 15 
  UNAUTHORIZED USE OF A VEHICLE,STORE UNCLASSIFIED, 14 
  UNAUTHORIZED USE OF A VEHICLE,STREET, 696 
  UNAUTHORIZED USE OF A VEHICLE,TAXI  LIVERY LICENSED , 2 
  UNAUTHORIZED USE OF A VEHICLE,TAXI/LIVERY  UNLICENSED , 2 
  UNAUTHORIZED USE OF A VEHICLE,TUNNEL, 1 
  VEHICLE AND TRAFFIC LAWS,BAR/NIGHT CLUB, 2 
  VEHICLE AND TRAFFIC LAWS,BRIDGE, 309 
  VEHICLE AND TRAFFIC LAWS,BUS STOP, 2 
  VEHICLE AND TRAFFIC LAWS,BUS TERMINAL, 1 
  VEHICLE AND TRAFFIC LAWS,CANDY STORE, 2 
  VEHICLE AND TRAFFIC LAWS,CHAIN STORE, 4 
  VEHICLE AND TRAFFIC LAWS,CHECK CASHING BUSINESS, 1 
  VEHICLE AND TRAFFIC LAWS,COMMERCIAL BUILDING, 4 
  VEHICLE AND TRAFFIC LAWS,DEPARTMENT STORE, 1 
  VEHICLE AND TRAFFIC LAWS,DRUG STORE, 1 
  VEHICLE AND TRAFFIC LAWS,FACTORY/WAREHOUSE, 1 
  VEHICLE AND TRAFFIC LAWS,FAST FOOD, 3 
  VEHICLE AND TRAFFIC LAWS,FOOD SUPERMARKET, 1 
  VEHICLE AND TRAFFIC LAWS,GAS STATION, 9 
  VEHICLE AND TRAFFIC LAWS,GROCERY/BODEGA, 2 
  VEHICLE AND TRAFFIC LAWS,HIGHWAY/PARKWAY, 20 
  VEHICLE AND TRAFFIC LAWS,HOSPITAL, 5 
  VEHICLE AND TRAFFIC LAWS,HOTEL/MOTEL, 1 
  VEHICLE AND TRAFFIC LAWS,OPEN AREAS  OPEN LOTS , 3 
  VEHICLE AND TRAFFIC LAWS,OTHER, 13 
  VEHICLE AND TRAFFIC LAWS,OTHER HOUSE OF WORSHIP, 1 
  VEHICLE AND TRAFFIC LAWS,PARK/PLAYGROUND, 2 
  VEHICLE AND TRAFFIC LAWS,PARKING LOT/GARAGE  PRIVATE , 17 
  VEHICLE AND TRAFFIC LAWS,PARKING LOT/GARAGE  PUBLIC , 19 
  VEHICLE AND TRAFFIC LAWS,PUBLIC BUILDING, 4 
  VEHICLE AND TRAFFIC LAWS,RESIDENCE - APT. HOUSE, 17 
  VEHICLE AND TRAFFIC LAWS,RESIDENCE - PUBLIC HOUSING, 214 
  VEHICLE AND TRAFFIC LAWS,RESIDENCE-HOUSE, 9 
  VEHICLE AND TRAFFIC LAWS,RESTAURANT/DINER, 2 
  VEHICLE AND TRAFFIC LAWS,STORE UNCLASSIFIED, 2 
  VEHICLE AND TRAFFIC LAWS,STREET, 1871 
  VEHICLE AND TRAFFIC LAWS,TAXI  LIVERY LICENSED , 1 
  VEHICLE AND TRAFFIC LAWS,TRANSIT FACILITY  OTHER , 2 
  VEHICLE AND TRAFFIC LAWS,TUNNEL, 1 
