  ADMINISTRATIVE CODE, ATTEMPTED,44
  ADMINISTRATIVE CODE, COMPLETED,7375
  AGRICULTURE & MRKTS LAW-UNCLASSIFIED, ATTEMPTED,1
  AGRICULTURE & MRKTS LAW-UNCLASSIFIED, COMPLETED,136
  ALCOHOLIC BEVERAGE CONTROL LAW, ATTEMPTED,7
  ALCOHOLIC BEVERAGE CONTROL LAW, COMPLETED,527
  ANTICIPATORY OFFENSES, ATTEMPTED,2
  ANTICIPATORY OFFENSES, COMPLETED,43
  ASSAULT 3 & RELATED OFFENSES, ATTEMPTED,2118
  ASSAULT 3 & RELATED OFFENSES, COMPLETED,312847
  BURGLARS TOOLS, ATTEMPTED,8
  BURGLARS TOOLS, COMPLETED,1054
  CRIMINAL MISCHIEF & RELATED OF, ATTEMPTED,974
  CRIMINAL MISCHIEF & RELATED OF, COMPLETED,285958
  CRIMINAL TRESPASS, ATTEMPTED,248
  CRIMINAL TRESPASS, COMPLETED,43842
  DANGEROUS DRUGS, ATTEMPTED,664
  DANGEROUS DRUGS, COMPLETED,111912
  DANGEROUS WEAPONS, ATTEMPTED,211
  DANGEROUS WEAPONS, COMPLETED,24705
  DISRUPTION OF A RELIGIOUS SERV, COMPLETED,37
  ENDAN WELFARE INCOMP, ATTEMPTED,1
  ENDAN WELFARE INCOMP, COMPLETED,90
  ESCAPE 3, ATTEMPTED,18
  ESCAPE 3, COMPLETED,66
  FORTUNE TELLING, COMPLETED,3
  FRAUDS, ATTEMPTED,691
  FRAUDS, COMPLETED,15434
  FRAUDULENT ACCOSTING, ATTEMPTED,23
  FRAUDULENT ACCOSTING, COMPLETED,974
  GAMBLING, ATTEMPTED,8
  GAMBLING, COMPLETED,1269
  INTOXICATED & IMPAIRED DRIVING, ATTEMPTED,136
  INTOXICATED & IMPAIRED DRIVING, COMPLETED,12778
  JOSTLING, ATTEMPTED,5
  JOSTLING, COMPLETED,72
  LOITERING FOR DRUG PURPOSES, COMPLETED,15
  NEW YORK CITY HEALTH CODE, COMPLETED,22
  OFF. AGNST PUB ORD SENSBLTY &, ATTEMPTED,554
  OFF. AGNST PUB ORD SENSBLTY &, COMPLETED,187940
  OFFENSES AGAINST MARRIAGE UNCL, COMPLETED,1
  OFFENSES AGAINST PUBLIC ADMINI, ATTEMPTED,415
  OFFENSES AGAINST PUBLIC ADMINI, COMPLETED,54629
  OFFENSES AGAINST PUBLIC SAFETY, ATTEMPTED,2
  OFFENSES AGAINST PUBLIC SAFETY, COMPLETED,295
  OFFENSES AGAINST THE PERSON, ATTEMPTED,68
  OFFENSES AGAINST THE PERSON, COMPLETED,5161
  OFFENSES INVOLVING FRAUD, ATTEMPTED,61
  OFFENSES INVOLVING FRAUD, COMPLETED,4495
  OFFENSES RELATED TO CHILDREN, ATTEMPTED,1
  OFFENSES RELATED TO CHILDREN, COMPLETED,966
  OTHER OFFENSES RELATED TO THEF, ATTEMPTED,39
  OTHER OFFENSES RELATED TO THEF, COMPLETED,5489
  OTHER STATE LAWS  NON PENAL LA, ATTEMPTED,15
  OTHER STATE LAWS  NON PENAL LA, COMPLETED,2072
  OTHER STATE LAWS  NON PENAL LAW , COMPLETED,6
  PETIT LARCENY, ATTEMPTED,7017
  PETIT LARCENY, COMPLETED,537334
  PETIT LARCENY OF MOTOR VEHICLE, ATTEMPTED,20
  PETIT LARCENY OF MOTOR VEHICLE, COMPLETED,604
  POSSESSION OF STOLEN PROPERTY, ATTEMPTED,373
  POSSESSION OF STOLEN PROPERTY, COMPLETED,9974
  PROSTITUTION & RELATED OFFENSES, ATTEMPTED,5
  PROSTITUTION & RELATED OFFENSES, COMPLETED,177
  SEX CRIMES, ATTEMPTED,473
  SEX CRIMES, COMPLETED,23070
  THEFT OF SERVICES, COMPLETED,3
  UNAUTHORIZED USE OF A VEHICLE, ATTEMPTED,127
  UNAUTHORIZED USE OF A VEHICLE, COMPLETED,8288
  VEHICLE AND TRAFFIC LAWS, ATTEMPTED,40
  VEHICLE AND TRAFFIC LAWS, COMPLETED,10734
