  ADMINISTRATIVE CODE,AIRPORT TERMINAL, 1 
  ADMINISTRATIVE CODE,BAR/NIGHT CLUB, 4 
  ADMINISTRATIVE CODE,BEAUTY & NAIL SALON, 6 
  ADMINISTRATIVE CODE,CHURCH, 3 
  ADMINISTRATIVE CODE,CLOTHING/BOUTIQUE, 2 
  ADMINISTRATIVE CODE,COMMERCIAL BUILDING, 13 
  ADMINISTRATIVE CODE,CONSTRUCTION SITE, 2 
  ADMINISTRATIVE CODE,DRY CLEANER/LAUNDRY, 1 
  ADMINISTRATIVE CODE,FACTORY/WAREHOUSE, 1 
  ADMINISTRATIVE CODE,FAST FOOD, 2 
  ADMINISTRATIVE CODE,GROCERY/BODEGA, 5 
  ADMINISTRATIVE CODE,OPEN AREAS  OPEN LOTS , 1 
  ADMINISTRATIVE CODE,OTHER, 14 
  ADMINISTRATIVE CODE,PARK/PLAYGROUND, 2 
  ADMINISTRATIVE CODE,PARKING LOT/GARAGE  PRIVATE , 1 
  ADMINISTRATIVE CODE,PARKING LOT/GARAGE  PUBLIC , 1 
  ADMINISTRATIVE CODE,PUBLIC SCHOOL, 3 
  ADMINISTRATIVE CODE,RESIDENCE - APT. HOUSE, 915 
  ADMINISTRATIVE CODE,RESIDENCE - PUBLIC HOUSING, 17 
  ADMINISTRATIVE CODE,RESIDENCE-HOUSE, 1263 
  ADMINISTRATIVE CODE,RESTAURANT/DINER, 5 
  ADMINISTRATIVE CODE,SMALL MERCHANT, 2 
  ADMINISTRATIVE CODE,SOCIAL CLUB/POLICY, 1 
  ADMINISTRATIVE CODE,STORE UNCLASSIFIED, 2 
  ADMINISTRATIVE CODE,STREET, 25 
  ADMINISTRATIVE CODE,VARIETY STORE, 1 
  AGRICULTURE & MRKTS LAW-UNCLASSIFIED,PARK/PLAYGROUND, 1 
  AGRICULTURE & MRKTS LAW-UNCLASSIFIED,PUBLIC BUILDING, 1 
  AGRICULTURE & MRKTS LAW-UNCLASSIFIED,RESIDENCE - APT. HOUSE, 7 
  AGRICULTURE & MRKTS LAW-UNCLASSIFIED,RESIDENCE - PUBLIC HOUSING, 4 
  AGRICULTURE & MRKTS LAW-UNCLASSIFIED,RESIDENCE-HOUSE, 11 
  AGRICULTURE & MRKTS LAW-UNCLASSIFIED,STREET, 7 
  ALCOHOLIC BEVERAGE CONTROL LAW,BAR/NIGHT CLUB, 40 
  ALCOHOLIC BEVERAGE CONTROL LAW,COMMERCIAL BUILDING, 1 
  ALCOHOLIC BEVERAGE CONTROL LAW,GROCERY/BODEGA, 10 
  ALCOHOLIC BEVERAGE CONTROL LAW,GYM/FITNESS FACILITY, 1 
  ALCOHOLIC BEVERAGE CONTROL LAW,RESIDENCE - APT. HOUSE, 1 
  ALCOHOLIC BEVERAGE CONTROL LAW,RESTAURANT/DINER, 9 
  ALCOHOLIC BEVERAGE CONTROL LAW,SOCIAL CLUB/POLICY, 3 
  ANTICIPATORY OFFENSES,CHAIN STORE, 1 
  ANTICIPATORY OFFENSES,DOCTOR/DENTIST OFFICE, 1 
  ANTICIPATORY OFFENSES,PUBLIC SCHOOL, 1 
  ANTICIPATORY OFFENSES,RESIDENCE - APT. HOUSE, 1 
  ANTICIPATORY OFFENSES,RESIDENCE-HOUSE, 1 
  ANTICIPATORY OFFENSES,STREET, 1 
  ASSAULT 3 & RELATED OFFENSES,ABANDONED BUILDING, 5 
  ASSAULT 3 & RELATED OFFENSES,AIRPORT TERMINAL, 63 
  ASSAULT 3 & RELATED OFFENSES,ATM, 5 
  ASSAULT 3 & RELATED OFFENSES,BANK, 38 
  ASSAULT 3 & RELATED OFFENSES,BAR/NIGHT CLUB, 2456 
  ASSAULT 3 & RELATED OFFENSES,BEAUTY & NAIL SALON, 243 
  ASSAULT 3 & RELATED OFFENSES,BOOK/CARD, 5 
  ASSAULT 3 & RELATED OFFENSES,BRIDGE, 1 
  ASSAULT 3 & RELATED OFFENSES,BUS  NYC TRANSIT , 30 
  ASSAULT 3 & RELATED OFFENSES,BUS  OTHER , 24 
  ASSAULT 3 & RELATED OFFENSES,BUS STOP, 23 
  ASSAULT 3 & RELATED OFFENSES,BUS TERMINAL, 5 
  ASSAULT 3 & RELATED OFFENSES,CANDY STORE, 100 
  ASSAULT 3 & RELATED OFFENSES,CEMETERY, 5 
  ASSAULT 3 & RELATED OFFENSES,CHAIN STORE, 311 
  ASSAULT 3 & RELATED OFFENSES,CHECK CASHING BUSINESS, 22 
  ASSAULT 3 & RELATED OFFENSES,CHURCH, 69 
  ASSAULT 3 & RELATED OFFENSES,CLOTHING/BOUTIQUE, 113 
  ASSAULT 3 & RELATED OFFENSES,COMMERCIAL BUILDING, 964 
  ASSAULT 3 & RELATED OFFENSES,CONSTRUCTION SITE, 39 
  ASSAULT 3 & RELATED OFFENSES,DEPARTMENT STORE, 169 
  ASSAULT 3 & RELATED OFFENSES,DOCTOR/DENTIST OFFICE, 91 
  ASSAULT 3 & RELATED OFFENSES,DRUG STORE, 103 
  ASSAULT 3 & RELATED OFFENSES,DRY CLEANER/LAUNDRY, 195 
  ASSAULT 3 & RELATED OFFENSES,FACTORY/WAREHOUSE, 96 
  ASSAULT 3 & RELATED OFFENSES,FAST FOOD, 395 
  ASSAULT 3 & RELATED OFFENSES,FOOD SUPERMARKET, 193 
  ASSAULT 3 & RELATED OFFENSES,GAS STATION, 191 
  ASSAULT 3 & RELATED OFFENSES,GROCERY/BODEGA, 928 
  ASSAULT 3 & RELATED OFFENSES,GYM/FITNESS FACILITY, 74 
  ASSAULT 3 & RELATED OFFENSES,HIGHWAY/PARKWAY, 7 
  ASSAULT 3 & RELATED OFFENSES,HOSPITAL, 454 
  ASSAULT 3 & RELATED OFFENSES,HOTEL/MOTEL, 309 
  ASSAULT 3 & RELATED OFFENSES,JEWELRY, 24 
  ASSAULT 3 & RELATED OFFENSES,LIQUOR STORE, 43 
  ASSAULT 3 & RELATED OFFENSES,MARINA/PIER, 4 
  ASSAULT 3 & RELATED OFFENSES,MOSQUE, 16 
  ASSAULT 3 & RELATED OFFENSES,OPEN AREAS  OPEN LOTS , 71 
  ASSAULT 3 & RELATED OFFENSES,OTHER, 1255 
  ASSAULT 3 & RELATED OFFENSES,OTHER HOUSE OF WORSHIP, 13 
  ASSAULT 3 & RELATED OFFENSES,PARK/PLAYGROUND, 249 
  ASSAULT 3 & RELATED OFFENSES,PARKING LOT/GARAGE  PRIVATE , 222 
  ASSAULT 3 & RELATED OFFENSES,PARKING LOT/GARAGE  PUBLIC , 223 
  ASSAULT 3 & RELATED OFFENSES,PHOTO/COPY, 8 
  ASSAULT 3 & RELATED OFFENSES,PRIVATE/PAROCHIAL SCHOOL, 59 
  ASSAULT 3 & RELATED OFFENSES,PUBLIC BUILDING, 208 
  ASSAULT 3 & RELATED OFFENSES,PUBLIC SCHOOL, 1332 
  ASSAULT 3 & RELATED OFFENSES,RESIDENCE - APT. HOUSE, 23389 
  ASSAULT 3 & RELATED OFFENSES,RESIDENCE - PUBLIC HOUSING, 4087 
  ASSAULT 3 & RELATED OFFENSES,RESIDENCE-HOUSE, 20583 
  ASSAULT 3 & RELATED OFFENSES,RESTAURANT/DINER, 1016 
  ASSAULT 3 & RELATED OFFENSES,SHOE, 17 
  ASSAULT 3 & RELATED OFFENSES,SMALL MERCHANT, 206 
  ASSAULT 3 & RELATED OFFENSES,SOCIAL CLUB/POLICY, 107 
  ASSAULT 3 & RELATED OFFENSES,STORAGE FACILITY, 20 
  ASSAULT 3 & RELATED OFFENSES,STORE UNCLASSIFIED, 247 
  ASSAULT 3 & RELATED OFFENSES,STREET, 12006 
  ASSAULT 3 & RELATED OFFENSES,SYNAGOGUE, 14 
  ASSAULT 3 & RELATED OFFENSES,TAXI  LIVERY LICENSED , 22 
  ASSAULT 3 & RELATED OFFENSES,TAXI  YELLOW LICENSED , 16 
  ASSAULT 3 & RELATED OFFENSES,TAXI/LIVERY  UNLICENSED , 8 
  ASSAULT 3 & RELATED OFFENSES,TELECOMM. STORE, 38 
  ASSAULT 3 & RELATED OFFENSES,TRAMWAY, 1 
  ASSAULT 3 & RELATED OFFENSES,TRANSIT - NYC SUBWAY, 4 
  ASSAULT 3 & RELATED OFFENSES,TRANSIT FACILITY  OTHER , 7 
  ASSAULT 3 & RELATED OFFENSES,TUNNEL, 8 
  ASSAULT 3 & RELATED OFFENSES,VARIETY STORE, 52 
  ASSAULT 3 & RELATED OFFENSES,VIDEO STORE, 8 
   BURGLARS TOOLS  ABANDONED BUILDING, 2 
   BURGLARS TOOLS  CHAIN STORE, 6 
   BURGLARS TOOLS  CHURCH, 2 
   BURGLARS TOOLS  CLOTHING/BOUTIQUE, 3 
   BURGLARS TOOLS  COMMERCIAL BUILDING, 3 
   BURGLARS TOOLS  CONSTRUCTION SITE, 2 
   BURGLARS TOOLS  DEPARTMENT STORE, 13 
   BURGLARS TOOLS  DRUG STORE, 1 
   BURGLARS TOOLS  FACTORY/WAREHOUSE, 1 
   BURGLARS TOOLS  FOOD SUPERMARKET, 1 
   BURGLARS TOOLS  GROCERY/BODEGA, 1 
   BURGLARS TOOLS  GYM/FITNESS FACILITY, 2 
   BURGLARS TOOLS  HOTEL/MOTEL, 1 
   BURGLARS TOOLS  JEWELRY, 1 
   BURGLARS TOOLS  OPEN AREAS  OPEN LOTS , 1 
   BURGLARS TOOLS  OTHER, 10 
   BURGLARS TOOLS  PARK/PLAYGROUND, 1 
   BURGLARS TOOLS  PARKING LOT/GARAGE  PRIVATE , 8 
   BURGLARS TOOLS  PARKING LOT/GARAGE  PUBLIC , 2 
   BURGLARS TOOLS  PUBLIC BUILDING, 1 
   BURGLARS TOOLS  PUBLIC SCHOOL, 2 
   BURGLARS TOOLS  RESIDENCE - APT. HOUSE, 22 
   BURGLARS TOOLS  RESIDENCE - PUBLIC HOUSING, 5 
   BURGLARS TOOLS  RESIDENCE-HOUSE, 68 
   BURGLARS TOOLS  RESTAURANT/DINER, 3 
   BURGLARS TOOLS  STORE UNCLASSIFIED, 2 
   BURGLARS TOOLS  STREET, 88 
   BURGLARS TOOLS  TUNNEL, 1 
   BURGLARS TOOLS  VARIETY STORE, 1 
  CRIMINAL MISCHIEF & RELATED OF,ABANDONED BUILDING, 151 
  CRIMINAL MISCHIEF & RELATED OF,AIRPORT TERMINAL, 26 
  CRIMINAL MISCHIEF & RELATED OF,ATM, 26 
  CRIMINAL MISCHIEF & RELATED OF,BANK, 180 
  CRIMINAL MISCHIEF & RELATED OF,BAR/NIGHT CLUB, 361 
  CRIMINAL MISCHIEF & RELATED OF,BEAUTY & NAIL SALON, 236 
  CRIMINAL MISCHIEF & RELATED OF,BOOK/CARD, 20 
  CRIMINAL MISCHIEF & RELATED OF,BRIDGE, 80 
  CRIMINAL MISCHIEF & RELATED OF,BUS  NYC TRANSIT , 23 
  CRIMINAL MISCHIEF & RELATED OF,BUS  OTHER , 13 
  CRIMINAL MISCHIEF & RELATED OF,BUS STOP, 27 
  CRIMINAL MISCHIEF & RELATED OF,BUS TERMINAL, 10 
  CRIMINAL MISCHIEF & RELATED OF,CANDY STORE, 84 
  CRIMINAL MISCHIEF & RELATED OF,CEMETERY, 46 
  CRIMINAL MISCHIEF & RELATED OF,CHAIN STORE, 347 
  CRIMINAL MISCHIEF & RELATED OF,CHECK CASHING BUSINESS, 28 
  CRIMINAL MISCHIEF & RELATED OF,CHURCH, 261 
  CRIMINAL MISCHIEF & RELATED OF,CLOTHING/BOUTIQUE, 103 
  CRIMINAL MISCHIEF & RELATED OF,COMMERCIAL BUILDING, 2327 
  CRIMINAL MISCHIEF & RELATED OF,CONSTRUCTION SITE, 206 
  CRIMINAL MISCHIEF & RELATED OF,DEPARTMENT STORE, 113 
  CRIMINAL MISCHIEF & RELATED OF,DOCTOR/DENTIST OFFICE, 218 
  CRIMINAL MISCHIEF & RELATED OF,DRUG STORE, 174 
  CRIMINAL MISCHIEF & RELATED OF,DRY CLEANER/LAUNDRY, 226 
  CRIMINAL MISCHIEF & RELATED OF,FACTORY/WAREHOUSE, 222 
  CRIMINAL MISCHIEF & RELATED OF,FAST FOOD, 355 
  CRIMINAL MISCHIEF & RELATED OF,FOOD SUPERMARKET, 148 
  CRIMINAL MISCHIEF & RELATED OF,GAS STATION, 262 
  CRIMINAL MISCHIEF & RELATED OF,GROCERY/BODEGA, 823 
  CRIMINAL MISCHIEF & RELATED OF,GYM/FITNESS FACILITY, 67 
  CRIMINAL MISCHIEF & RELATED OF,HIGHWAY/PARKWAY, 39 
  CRIMINAL MISCHIEF & RELATED OF,HOSPITAL, 110 
  CRIMINAL MISCHIEF & RELATED OF,HOTEL/MOTEL, 160 
  CRIMINAL MISCHIEF & RELATED OF,JEWELRY, 18 
  CRIMINAL MISCHIEF & RELATED OF,LIQUOR STORE, 69 
  CRIMINAL MISCHIEF & RELATED OF,LOAN COMPANY, 10 
  CRIMINAL MISCHIEF & RELATED OF,MARINA/PIER, 18 
  CRIMINAL MISCHIEF & RELATED OF,MOSQUE, 19 
  CRIMINAL MISCHIEF & RELATED OF,OPEN AREAS  OPEN LOTS , 204 
  CRIMINAL MISCHIEF & RELATED OF,OTHER, 2099 
  CRIMINAL MISCHIEF & RELATED OF,OTHER HOUSE OF WORSHIP, 32 
  CRIMINAL MISCHIEF & RELATED OF,PARK/PLAYGROUND, 210 
  CRIMINAL MISCHIEF & RELATED OF,PARKING LOT/GARAGE  PRIVATE , 1779 
  CRIMINAL MISCHIEF & RELATED OF,PARKING LOT/GARAGE  PUBLIC , 1586 
  CRIMINAL MISCHIEF & RELATED OF,PHOTO/COPY, 13 
  CRIMINAL MISCHIEF & RELATED OF,PRIVATE/PAROCHIAL SCHOOL, 103 
  CRIMINAL MISCHIEF & RELATED OF,PUBLIC BUILDING, 313 
  CRIMINAL MISCHIEF & RELATED OF,PUBLIC SCHOOL, 732 
  CRIMINAL MISCHIEF & RELATED OF,RESIDENCE - APT. HOUSE, 9413 
  CRIMINAL MISCHIEF & RELATED OF,RESIDENCE - PUBLIC HOUSING, 2295 
  CRIMINAL MISCHIEF & RELATED OF,RESIDENCE-HOUSE, 14043 
  CRIMINAL MISCHIEF & RELATED OF,RESTAURANT/DINER, 695 
  CRIMINAL MISCHIEF & RELATED OF,SHOE, 22 
  CRIMINAL MISCHIEF & RELATED OF,SMALL MERCHANT, 443 
  CRIMINAL MISCHIEF & RELATED OF,SOCIAL CLUB/POLICY, 48 
  CRIMINAL MISCHIEF & RELATED OF,STORAGE FACILITY, 79 
  CRIMINAL MISCHIEF & RELATED OF,STORE UNCLASSIFIED, 422 
  CRIMINAL MISCHIEF & RELATED OF,STREET, 27594 
  CRIMINAL MISCHIEF & RELATED OF,SYNAGOGUE, 79 
  CRIMINAL MISCHIEF & RELATED OF,TAXI  LIVERY LICENSED , 20 
  CRIMINAL MISCHIEF & RELATED OF,TAXI  YELLOW LICENSED , 19 
  CRIMINAL MISCHIEF & RELATED OF,TELECOMM. STORE, 39 
  CRIMINAL MISCHIEF & RELATED OF,TRANSIT - NYC SUBWAY, 13 
  CRIMINAL MISCHIEF & RELATED OF,TRANSIT FACILITY  OTHER , 90 
  CRIMINAL MISCHIEF & RELATED OF,TUNNEL, 36 
  CRIMINAL MISCHIEF & RELATED OF,VARIETY STORE, 77 
  CRIMINAL MISCHIEF & RELATED OF,VIDEO STORE, 19 
  CRIMINAL TRESPASS,ABANDONED BUILDING, 25 
  CRIMINAL TRESPASS,AIRPORT TERMINAL, 524 
  CRIMINAL TRESPASS,ATM, 2 
  CRIMINAL TRESPASS,BANK, 17 
  CRIMINAL TRESPASS,BAR/NIGHT CLUB, 38 
  CRIMINAL TRESPASS,BEAUTY & NAIL SALON, 8 
  CRIMINAL TRESPASS,BRIDGE, 1 
  CRIMINAL TRESPASS,CANDY STORE, 4 
  CRIMINAL TRESPASS,CEMETERY, 2 
  CRIMINAL TRESPASS,CHAIN STORE, 57 
  CRIMINAL TRESPASS,CHECK CASHING BUSINESS, 1 
  CRIMINAL TRESPASS,CHURCH, 36 
  CRIMINAL TRESPASS,CLOTHING/BOUTIQUE, 13 
  CRIMINAL TRESPASS,COMMERCIAL BUILDING, 322 
  CRIMINAL TRESPASS,CONSTRUCTION SITE, 43 
  CRIMINAL TRESPASS,DEPARTMENT STORE, 31 
  CRIMINAL TRESPASS,DOCTOR/DENTIST OFFICE, 14 
  CRIMINAL TRESPASS,DRUG STORE, 22 
  CRIMINAL TRESPASS,DRY CLEANER/LAUNDRY, 15 
  CRIMINAL TRESPASS,FACTORY/WAREHOUSE, 9 
  CRIMINAL TRESPASS,FAST FOOD, 40 
  CRIMINAL TRESPASS,FOOD SUPERMARKET, 18 
  CRIMINAL TRESPASS,GAS STATION, 12 
  CRIMINAL TRESPASS,GROCERY/BODEGA, 47 
  CRIMINAL TRESPASS,GYM/FITNESS FACILITY, 13 
  CRIMINAL TRESPASS,HOSPITAL, 27 
  CRIMINAL TRESPASS,HOTEL/MOTEL, 26 
  CRIMINAL TRESPASS,JEWELRY, 1 
  CRIMINAL TRESPASS,LIQUOR STORE, 1 
  CRIMINAL TRESPASS,MARINA/PIER, 5 
  CRIMINAL TRESPASS,MOSQUE, 9 
  CRIMINAL TRESPASS,OPEN AREAS  OPEN LOTS , 16 
  CRIMINAL TRESPASS,OTHER, 289 
  CRIMINAL TRESPASS,OTHER HOUSE OF WORSHIP, 7 
  CRIMINAL TRESPASS,PARK/PLAYGROUND, 39 
  CRIMINAL TRESPASS,PARKING LOT/GARAGE  PRIVATE , 107 
  CRIMINAL TRESPASS,PARKING LOT/GARAGE  PUBLIC , 28 
  CRIMINAL TRESPASS,PHOTO/COPY, 1 
  CRIMINAL TRESPASS,PRIVATE/PAROCHIAL SCHOOL, 17 
  CRIMINAL TRESPASS,PUBLIC BUILDING, 61 
  CRIMINAL TRESPASS,PUBLIC SCHOOL, 113 
  CRIMINAL TRESPASS,RESIDENCE - APT. HOUSE, 2975 
  CRIMINAL TRESPASS,RESIDENCE - PUBLIC HOUSING, 293 
  CRIMINAL TRESPASS,RESIDENCE-HOUSE, 2253 
  CRIMINAL TRESPASS,RESTAURANT/DINER, 49 
  CRIMINAL TRESPASS,SMALL MERCHANT, 11 
  CRIMINAL TRESPASS,SOCIAL CLUB/POLICY, 11 
  CRIMINAL TRESPASS,STORAGE FACILITY, 21 
  CRIMINAL TRESPASS,STORE UNCLASSIFIED, 32 
  CRIMINAL TRESPASS,STREET, 37 
  CRIMINAL TRESPASS,SYNAGOGUE, 9 
  CRIMINAL TRESPASS,TAXI  LIVERY LICENSED , 1 
  CRIMINAL TRESPASS,TELECOMM. STORE, 2 
  CRIMINAL TRESPASS,TRANSIT FACILITY  OTHER , 9 
  CRIMINAL TRESPASS,VARIETY STORE, 5 
  CRIMINAL TRESPASS,VIDEO STORE, 1 
  DANGEROUS DRUGS,ABANDONED BUILDING, 51 
  DANGEROUS DRUGS,AIRPORT TERMINAL, 30 
  DANGEROUS DRUGS,ATM, 1 
  DANGEROUS DRUGS,BANK, 1 
  DANGEROUS DRUGS,BAR/NIGHT CLUB, 47 
  DANGEROUS DRUGS,BEAUTY & NAIL SALON, 6 
  DANGEROUS DRUGS,BUS  OTHER , 1 
  DANGEROUS DRUGS,BUS STOP, 3 
  DANGEROUS DRUGS,BUS TERMINAL, 1 
  DANGEROUS DRUGS,CANDY STORE, 1 
  DANGEROUS DRUGS,CEMETERY, 2 
  DANGEROUS DRUGS,CHAIN STORE, 10 
  DANGEROUS DRUGS,CHECK CASHING BUSINESS, 1 
  DANGEROUS DRUGS,CHURCH, 2 
  DANGEROUS DRUGS,CLOTHING/BOUTIQUE, 2 
  DANGEROUS DRUGS,COMMERCIAL BUILDING, 28 
  DANGEROUS DRUGS,CONSTRUCTION SITE, 1 
  DANGEROUS DRUGS,DEPARTMENT STORE, 11 
  DANGEROUS DRUGS,DRUG STORE, 11 
  DANGEROUS DRUGS,DRY CLEANER/LAUNDRY, 6 
  DANGEROUS DRUGS,FACTORY/WAREHOUSE, 1 
  DANGEROUS DRUGS,FAST FOOD, 17 
  DANGEROUS DRUGS,FOOD SUPERMARKET, 1 
  DANGEROUS DRUGS,GAS STATION, 6 
  DANGEROUS DRUGS,GROCERY/BODEGA, 22 
  DANGEROUS DRUGS,HIGHWAY/PARKWAY, 3 
  DANGEROUS DRUGS,HOSPITAL, 53 
  DANGEROUS DRUGS,HOTEL/MOTEL, 15 
  DANGEROUS DRUGS,LIQUOR STORE, 1 
  DANGEROUS DRUGS,OPEN AREAS  OPEN LOTS , 26 
  DANGEROUS DRUGS,OTHER, 199 
  DANGEROUS DRUGS,PARK/PLAYGROUND, 105 
  DANGEROUS DRUGS,PARKING LOT/GARAGE  PRIVATE , 37 
  DANGEROUS DRUGS,PARKING LOT/GARAGE  PUBLIC , 47 
  DANGEROUS DRUGS,PRIVATE/PAROCHIAL SCHOOL, 4 
  DANGEROUS DRUGS,PUBLIC BUILDING, 50 
  DANGEROUS DRUGS,PUBLIC SCHOOL, 79 
  DANGEROUS DRUGS,RESIDENCE - APT. HOUSE, 468 
  DANGEROUS DRUGS,RESIDENCE - PUBLIC HOUSING, 552 
  DANGEROUS DRUGS,RESIDENCE-HOUSE, 299 
  DANGEROUS DRUGS,RESTAURANT/DINER, 22 
  DANGEROUS DRUGS,SMALL MERCHANT, 1 
  DANGEROUS DRUGS,SOCIAL CLUB/POLICY, 11 
  DANGEROUS DRUGS,STORAGE FACILITY, 5 
  DANGEROUS DRUGS,STORE UNCLASSIFIED, 5 
  DANGEROUS DRUGS,STREET, 2476 
  DANGEROUS DRUGS,TELECOMM. STORE, 1 
  DANGEROUS DRUGS,TRANSIT FACILITY  OTHER , 1 
  DANGEROUS DRUGS,TUNNEL, 22 
  DANGEROUS DRUGS,VARIETY STORE, 1 
  DANGEROUS WEAPONS,AIRPORT TERMINAL, 416 
  DANGEROUS WEAPONS,BANK, 4 
  DANGEROUS WEAPONS,BAR/NIGHT CLUB, 70 
  DANGEROUS WEAPONS,BEAUTY & NAIL SALON, 5 
  DANGEROUS WEAPONS,BUS  OTHER , 1 
  DANGEROUS WEAPONS,BUS STOP, 1 
  DANGEROUS WEAPONS,BUS TERMINAL, 2 
  DANGEROUS WEAPONS,CANDY STORE, 4 
  DANGEROUS WEAPONS,CHAIN STORE, 23 
  DANGEROUS WEAPONS,CHURCH, 3 
  DANGEROUS WEAPONS,CLOTHING/BOUTIQUE, 5 
  DANGEROUS WEAPONS,COMMERCIAL BUILDING, 37 
  DANGEROUS WEAPONS,CONSTRUCTION SITE, 1 
  DANGEROUS WEAPONS,DEPARTMENT STORE, 24 
  DANGEROUS WEAPONS,DOCTOR/DENTIST OFFICE, 1 
  DANGEROUS WEAPONS,DRUG STORE, 8 
  DANGEROUS WEAPONS,DRY CLEANER/LAUNDRY, 7 
  DANGEROUS WEAPONS,FACTORY/WAREHOUSE, 5 
  DANGEROUS WEAPONS,FAST FOOD, 19 
  DANGEROUS WEAPONS,FOOD SUPERMARKET, 7 
  DANGEROUS WEAPONS,GAS STATION, 3 
  DANGEROUS WEAPONS,GROCERY/BODEGA, 41 
  DANGEROUS WEAPONS,GYM/FITNESS FACILITY, 2 
  DANGEROUS WEAPONS,HIGHWAY/PARKWAY, 1 
  DANGEROUS WEAPONS,HOSPITAL, 6 
  DANGEROUS WEAPONS,HOTEL/MOTEL, 10 
  DANGEROUS WEAPONS,JEWELRY, 2 
  DANGEROUS WEAPONS,LIQUOR STORE, 1 
  DANGEROUS WEAPONS,MARINA/PIER, 1 
  DANGEROUS WEAPONS,OPEN AREAS  OPEN LOTS , 9 
  DANGEROUS WEAPONS,OTHER, 93 
  DANGEROUS WEAPONS,PARK/PLAYGROUND, 55 
  DANGEROUS WEAPONS,PARKING LOT/GARAGE  PRIVATE , 20 
  DANGEROUS WEAPONS,PARKING LOT/GARAGE  PUBLIC , 21 
  DANGEROUS WEAPONS,PRIVATE/PAROCHIAL SCHOOL, 4 
  DANGEROUS WEAPONS,PUBLIC BUILDING, 42 
  DANGEROUS WEAPONS,PUBLIC SCHOOL, 268 
  DANGEROUS WEAPONS,RESIDENCE - APT. HOUSE, 489 
  DANGEROUS WEAPONS,RESIDENCE - PUBLIC HOUSING, 494 
  DANGEROUS WEAPONS,RESIDENCE-HOUSE, 462 
  DANGEROUS WEAPONS,RESTAURANT/DINER, 23 
  DANGEROUS WEAPONS,SHOE, 2 
  DANGEROUS WEAPONS,SMALL MERCHANT, 14 
  DANGEROUS WEAPONS,SOCIAL CLUB/POLICY, 6 
  DANGEROUS WEAPONS,STORE UNCLASSIFIED, 15 
  DANGEROUS WEAPONS,STREET, 1735 
  DANGEROUS WEAPONS,TAXI  LIVERY LICENSED , 1 
  DANGEROUS WEAPONS,TELECOMM. STORE, 2 
  DANGEROUS WEAPONS,TRANSIT - NYC SUBWAY, 3 
  DANGEROUS WEAPONS,TRANSIT FACILITY  OTHER , 2 
  DANGEROUS WEAPONS,TUNNEL, 4 
  DANGEROUS WEAPONS,VARIETY STORE, 4 
  DISRUPTION OF A RELIGIOUS SERV,CHURCH, 6 
  DISRUPTION OF A RELIGIOUS SERV,MOSQUE, 3 
  DISRUPTION OF A RELIGIOUS SERV,OTHER HOUSE OF WORSHIP, 1 
  DISRUPTION OF A RELIGIOUS SERV,SYNAGOGUE, 1 
  ENDAN WELFARE INCOMP,OTHER, 1 
  ENDAN WELFARE INCOMP,PARKING LOT/GARAGE  PUBLIC , 1 
  ENDAN WELFARE INCOMP,PUBLIC BUILDING, 1 
  ENDAN WELFARE INCOMP,PUBLIC SCHOOL, 1 
  ENDAN WELFARE INCOMP,RESIDENCE - APT. HOUSE, 12 
  ENDAN WELFARE INCOMP,RESIDENCE-HOUSE, 9 
  ENDAN WELFARE INCOMP,RESTAURANT/DINER, 1 
  ENDAN WELFARE INCOMP,STREET, 3 
  ESCAPE 3,AIRPORT TERMINAL, 1 
  ESCAPE 3,COMMERCIAL BUILDING, 1 
  ESCAPE 3,OTHER, 5 
  ESCAPE 3,PUBLIC BUILDING, 2 
  ESCAPE 3,RESIDENCE - APT. HOUSE, 1 
  ESCAPE 3,RESIDENCE-HOUSE, 3 
  ESCAPE 3,RESTAURANT/DINER, 1 
  ESCAPE 3,STREET, 1 
  FORTUNE TELLING,RESIDENCE - APT. HOUSE, 2 
  FRAUDS,ABANDONED BUILDING, 1 
  FRAUDS,AIRPORT TERMINAL, 23 
  FRAUDS,ATM, 8 
  FRAUDS,BANK, 88 
  FRAUDS,BAR/NIGHT CLUB, 21 
  FRAUDS,BEAUTY & NAIL SALON, 3 
  FRAUDS,BRIDGE, 2 
  FRAUDS,BUS  NYC TRANSIT , 1 
  FRAUDS,BUS STOP, 1 
  FRAUDS,CANDY STORE, 2 
  FRAUDS,CHAIN STORE, 18 
  FRAUDS,CHECK CASHING BUSINESS, 7 
  FRAUDS,CLOTHING/BOUTIQUE, 5 
  FRAUDS,COMMERCIAL BUILDING, 53 
  FRAUDS,DEPARTMENT STORE, 11 
  FRAUDS,DOCTOR/DENTIST OFFICE, 7 
  FRAUDS,DRUG STORE, 12 
  FRAUDS,DRY CLEANER/LAUNDRY, 1 
  FRAUDS,FACTORY/WAREHOUSE, 5 
  FRAUDS,FAST FOOD, 6 
  FRAUDS,FOOD SUPERMARKET, 8 
  FRAUDS,GAS STATION, 7 
  FRAUDS,GROCERY/BODEGA, 20 
  FRAUDS,GYM/FITNESS FACILITY, 3 
  FRAUDS,HIGHWAY/PARKWAY, 2 
  FRAUDS,HOSPITAL, 6 
  FRAUDS,HOTEL/MOTEL, 4 
  FRAUDS,JEWELRY, 2 
  FRAUDS,LOAN COMPANY, 1 
  FRAUDS,OTHER, 173 
  FRAUDS,PARK/PLAYGROUND, 7 
  FRAUDS,PARKING LOT/GARAGE  PRIVATE , 6 
  FRAUDS,PARKING LOT/GARAGE  PUBLIC , 6 
  FRAUDS,PRIVATE/PAROCHIAL SCHOOL, 1 
  FRAUDS,PUBLIC BUILDING, 50 
  FRAUDS,PUBLIC SCHOOL, 8 
  FRAUDS,RESIDENCE - APT. HOUSE, 1007 
  FRAUDS,RESIDENCE - PUBLIC HOUSING, 113 
  FRAUDS,RESIDENCE-HOUSE, 1257 
  FRAUDS,RESTAURANT/DINER, 12 
  FRAUDS,SHOE, 1 
  FRAUDS,SMALL MERCHANT, 11 
  FRAUDS,SOCIAL CLUB/POLICY, 2 
  FRAUDS,STORAGE FACILITY, 1 
  FRAUDS,STORE UNCLASSIFIED, 13 
  FRAUDS,STREET, 295 
  FRAUDS,TAXI  LIVERY LICENSED , 1 
  FRAUDS,TAXI  YELLOW LICENSED , 1 
  FRAUDS,TELECOMM. STORE, 3 
  FRAUDS,TRANSIT FACILITY  OTHER , 1 
  FRAUDS,TUNNEL, 19 
  FRAUDS,VARIETY STORE, 2 
  FRAUDS,VIDEO STORE, 1 
  FRAUDULENT ACCOSTING,AIRPORT TERMINAL, 21 
  FRAUDULENT ACCOSTING,CHAIN STORE, 1 
  FRAUDULENT ACCOSTING,COMMERCIAL BUILDING, 17 
  FRAUDULENT ACCOSTING,FOOD SUPERMARKET, 2 
  FRAUDULENT ACCOSTING,GAS STATION, 1 
  FRAUDULENT ACCOSTING,GROCERY/BODEGA, 2 
  FRAUDULENT ACCOSTING,OTHER, 6 
  FRAUDULENT ACCOSTING,PARKING LOT/GARAGE  PUBLIC , 1 
  FRAUDULENT ACCOSTING,PUBLIC BUILDING, 1 
  FRAUDULENT ACCOSTING,RESIDENCE - APT. HOUSE, 4 
  FRAUDULENT ACCOSTING,RESIDENCE-HOUSE, 3 
  FRAUDULENT ACCOSTING,STORE UNCLASSIFIED, 1 
  FRAUDULENT ACCOSTING,STREET, 16 
  FRAUDULENT ACCOSTING,TRANSIT FACILITY  OTHER , 1 
  GAMBLING,BAR/NIGHT CLUB, 14 
  GAMBLING,BEAUTY & NAIL SALON, 1 
  GAMBLING,COMMERCIAL BUILDING, 3 
  GAMBLING,FOOD SUPERMARKET, 1 
  GAMBLING,GROCERY/BODEGA, 8 
  GAMBLING,PARK/PLAYGROUND, 1 
  GAMBLING,RESIDENCE - APT. HOUSE, 7 
  GAMBLING,RESIDENCE - PUBLIC HOUSING, 17 
  GAMBLING,RESTAURANT/DINER, 5 
  GAMBLING,SMALL MERCHANT, 1 
  GAMBLING,SOCIAL CLUB/POLICY, 1 
  GAMBLING,STORE UNCLASSIFIED, 1 
  GAMBLING,STREET, 6 
  INTOXICATED & IMPAIRED DRIVING,AIRPORT TERMINAL, 3 
  INTOXICATED & IMPAIRED DRIVING,BANK, 2 
  INTOXICATED & IMPAIRED DRIVING,BAR/NIGHT CLUB, 3 
  INTOXICATED & IMPAIRED DRIVING,BRIDGE, 23 
  INTOXICATED & IMPAIRED DRIVING,BUS STOP, 2 
  INTOXICATED & IMPAIRED DRIVING,CHAIN STORE, 2 
  INTOXICATED & IMPAIRED DRIVING,CHURCH, 1 
  INTOXICATED & IMPAIRED DRIVING,COMMERCIAL BUILDING, 4 
  INTOXICATED & IMPAIRED DRIVING,CONSTRUCTION SITE, 1 
  INTOXICATED & IMPAIRED DRIVING,FAST FOOD, 12 
  INTOXICATED & IMPAIRED DRIVING,FOOD SUPERMARKET, 1 
  INTOXICATED & IMPAIRED DRIVING,GAS STATION, 5 
  INTOXICATED & IMPAIRED DRIVING,GROCERY/BODEGA, 1 
  INTOXICATED & IMPAIRED DRIVING,HIGHWAY/PARKWAY, 29 
  INTOXICATED & IMPAIRED DRIVING,HOSPITAL, 4 
  INTOXICATED & IMPAIRED DRIVING,HOTEL/MOTEL, 2 
  INTOXICATED & IMPAIRED DRIVING,OPEN AREAS  OPEN LOTS , 2 
  INTOXICATED & IMPAIRED DRIVING,OTHER, 37 
  INTOXICATED & IMPAIRED DRIVING,PARK/PLAYGROUND, 3 
  INTOXICATED & IMPAIRED DRIVING,PARKING LOT/GARAGE  PRIVATE , 22 
  INTOXICATED & IMPAIRED DRIVING,PARKING LOT/GARAGE  PUBLIC , 30 
  INTOXICATED & IMPAIRED DRIVING,PUBLIC BUILDING, 4 
  INTOXICATED & IMPAIRED DRIVING,RESIDENCE - APT. HOUSE, 9 
  INTOXICATED & IMPAIRED DRIVING,RESIDENCE - PUBLIC HOUSING, 24 
  INTOXICATED & IMPAIRED DRIVING,RESIDENCE-HOUSE, 37 
  INTOXICATED & IMPAIRED DRIVING,RESTAURANT/DINER, 2 
  INTOXICATED & IMPAIRED DRIVING,STORAGE FACILITY, 1 
  INTOXICATED & IMPAIRED DRIVING,STREET, 2556 
  INTOXICATED & IMPAIRED DRIVING,TRANSIT FACILITY  OTHER , 3 
  INTOXICATED & IMPAIRED DRIVING,TUNNEL, 230 
  JOSTLING,BUS  OTHER , 1 
  JOSTLING,CANDY STORE, 1 
  JOSTLING,CHAIN STORE, 1 
  JOSTLING,CLOTHING/BOUTIQUE, 2 
  JOSTLING,GROCERY/BODEGA, 1 
  JOSTLING,HOSPITAL, 1 
  JOSTLING,PUBLIC BUILDING, 1 
  JOSTLING,STREET, 3 
  LOITERING FOR DRUG PURPOSES,RESIDENCE-HOUSE, 1 
  NEW YORK CITY HEALTH CODE,RESIDENCE - PUBLIC HOUSING, 1 
  NEW YORK CITY HEALTH CODE,STREET, 1 
  OFF. AGNST PUB ORD SENSBLTY &,ABANDONED BUILDING, 4 
  OFF. AGNST PUB ORD SENSBLTY &,AIRPORT TERMINAL, 45 
  OFF. AGNST PUB ORD SENSBLTY &,BANK, 103 
  OFF. AGNST PUB ORD SENSBLTY &,BAR/NIGHT CLUB, 97 
  OFF. AGNST PUB ORD SENSBLTY &,BEAUTY & NAIL SALON, 117 
  OFF. AGNST PUB ORD SENSBLTY &,BOOK/CARD, 5 
  OFF. AGNST PUB ORD SENSBLTY &,BRIDGE, 1 
  OFF. AGNST PUB ORD SENSBLTY &,BUS  NYC TRANSIT , 1 
  OFF. AGNST PUB ORD SENSBLTY &,BUS  OTHER , 2 
  OFF. AGNST PUB ORD SENSBLTY &,BUS STOP, 2 
  OFF. AGNST PUB ORD SENSBLTY &,BUS TERMINAL, 3 
  OFF. AGNST PUB ORD SENSBLTY &,CANDY STORE, 9 
  OFF. AGNST PUB ORD SENSBLTY &,CEMETERY, 4 
  OFF. AGNST PUB ORD SENSBLTY &,CHAIN STORE, 134 
  OFF. AGNST PUB ORD SENSBLTY &,CHECK CASHING BUSINESS, 7 
  OFF. AGNST PUB ORD SENSBLTY &,CHURCH, 60 
  OFF. AGNST PUB ORD SENSBLTY &,CLOTHING/BOUTIQUE, 51 
  OFF. AGNST PUB ORD SENSBLTY &,COMMERCIAL BUILDING, 1275 
  OFF. AGNST PUB ORD SENSBLTY &,CONSTRUCTION SITE, 15 
  OFF. AGNST PUB ORD SENSBLTY &,DEPARTMENT STORE, 94 
  OFF. AGNST PUB ORD SENSBLTY &,DOCTOR/DENTIST OFFICE, 232 
  OFF. AGNST PUB ORD SENSBLTY &,DRUG STORE, 50 
  OFF. AGNST PUB ORD SENSBLTY &,DRY CLEANER/LAUNDRY, 41 
  OFF. AGNST PUB ORD SENSBLTY &,FACTORY/WAREHOUSE, 48 
  OFF. AGNST PUB ORD SENSBLTY &,FAST FOOD, 84 
  OFF. AGNST PUB ORD SENSBLTY &,FOOD SUPERMARKET, 50 
  OFF. AGNST PUB ORD SENSBLTY &,GAS STATION, 24 
  OFF. AGNST PUB ORD SENSBLTY &,GROCERY/BODEGA, 63 
  OFF. AGNST PUB ORD SENSBLTY &,GYM/FITNESS FACILITY, 30 
  OFF. AGNST PUB ORD SENSBLTY &,HIGHWAY/PARKWAY, 2 
  OFF. AGNST PUB ORD SENSBLTY &,HOSPITAL, 269 
  OFF. AGNST PUB ORD SENSBLTY &,HOTEL/MOTEL, 90 
  OFF. AGNST PUB ORD SENSBLTY &,JEWELRY, 17 
  OFF. AGNST PUB ORD SENSBLTY &,LIQUOR STORE, 6 
  OFF. AGNST PUB ORD SENSBLTY &,LOAN COMPANY, 2 
  OFF. AGNST PUB ORD SENSBLTY &,MARINA/PIER, 1 
  OFF. AGNST PUB ORD SENSBLTY &,MOSQUE, 8 
  OFF. AGNST PUB ORD SENSBLTY &,OPEN AREAS  OPEN LOTS , 14 
  OFF. AGNST PUB ORD SENSBLTY &,OTHER, 920 
  OFF. AGNST PUB ORD SENSBLTY &,OTHER HOUSE OF WORSHIP, 12 
  OFF. AGNST PUB ORD SENSBLTY &,PARK/PLAYGROUND, 23 
  OFF. AGNST PUB ORD SENSBLTY &,PARKING LOT/GARAGE  PRIVATE , 30 
  OFF. AGNST PUB ORD SENSBLTY &,PARKING LOT/GARAGE  PUBLIC , 30 
  OFF. AGNST PUB ORD SENSBLTY &,PHOTO/COPY, 3 
  OFF. AGNST PUB ORD SENSBLTY &,PRIVATE/PAROCHIAL SCHOOL, 60 
  OFF. AGNST PUB ORD SENSBLTY &,PUBLIC BUILDING, 216 
  OFF. AGNST PUB ORD SENSBLTY &,PUBLIC SCHOOL, 428 
  OFF. AGNST PUB ORD SENSBLTY &,RESIDENCE - APT. HOUSE, 16591 
  OFF. AGNST PUB ORD SENSBLTY &,RESIDENCE - PUBLIC HOUSING, 2166 
  OFF. AGNST PUB ORD SENSBLTY &,RESIDENCE-HOUSE, 19430 
  OFF. AGNST PUB ORD SENSBLTY &,RESTAURANT/DINER, 297 
  OFF. AGNST PUB ORD SENSBLTY &,SHOE, 10 
  OFF. AGNST PUB ORD SENSBLTY &,SMALL MERCHANT, 149 
  OFF. AGNST PUB ORD SENSBLTY &,SOCIAL CLUB/POLICY, 8 
  OFF. AGNST PUB ORD SENSBLTY &,STORAGE FACILITY, 22 
  OFF. AGNST PUB ORD SENSBLTY &,STORE UNCLASSIFIED, 147 
  OFF. AGNST PUB ORD SENSBLTY &,STREET, 1650 
  OFF. AGNST PUB ORD SENSBLTY &,SYNAGOGUE, 19 
  OFF. AGNST PUB ORD SENSBLTY &,TAXI  LIVERY LICENSED , 10 
  OFF. AGNST PUB ORD SENSBLTY &,TELECOMM. STORE, 27 
  OFF. AGNST PUB ORD SENSBLTY &,TRANSIT - NYC SUBWAY, 1 
  OFF. AGNST PUB ORD SENSBLTY &,TRANSIT FACILITY  OTHER , 7 
  OFF. AGNST PUB ORD SENSBLTY &,TUNNEL, 1 
  OFF. AGNST PUB ORD SENSBLTY &,VARIETY STORE, 17 
  OFF. AGNST PUB ORD SENSBLTY &,VIDEO STORE, 3 
  OFFENSES AGAINST PUBLIC ADMINI,AIRPORT TERMINAL, 71 
  OFFENSES AGAINST PUBLIC ADMINI,BANK, 6 
  OFFENSES AGAINST PUBLIC ADMINI,BAR/NIGHT CLUB, 94 
  OFFENSES AGAINST PUBLIC ADMINI,BEAUTY & NAIL SALON, 25 
  OFFENSES AGAINST PUBLIC ADMINI,BOOK/CARD, 1 
  OFFENSES AGAINST PUBLIC ADMINI,BUS  NYC TRANSIT , 2 
  OFFENSES AGAINST PUBLIC ADMINI,BUS STOP, 9 
  OFFENSES AGAINST PUBLIC ADMINI,BUS TERMINAL, 1 
  OFFENSES AGAINST PUBLIC ADMINI,CANDY STORE, 7 
  OFFENSES AGAINST PUBLIC ADMINI,CHAIN STORE, 28 
  OFFENSES AGAINST PUBLIC ADMINI,CHECK CASHING BUSINESS, 4 
  OFFENSES AGAINST PUBLIC ADMINI,CHURCH, 11 
  OFFENSES AGAINST PUBLIC ADMINI,CLOTHING/BOUTIQUE, 12 
  OFFENSES AGAINST PUBLIC ADMINI,COMMERCIAL BUILDING, 147 
  OFFENSES AGAINST PUBLIC ADMINI,CONSTRUCTION SITE, 2 
  OFFENSES AGAINST PUBLIC ADMINI,DEPARTMENT STORE, 22 
  OFFENSES AGAINST PUBLIC ADMINI,DOCTOR/DENTIST OFFICE, 22 
  OFFENSES AGAINST PUBLIC ADMINI,DRUG STORE, 10 
  OFFENSES AGAINST PUBLIC ADMINI,DRY CLEANER/LAUNDRY, 7 
  OFFENSES AGAINST PUBLIC ADMINI,FACTORY/WAREHOUSE, 5 
  OFFENSES AGAINST PUBLIC ADMINI,FAST FOOD, 43 
  OFFENSES AGAINST PUBLIC ADMINI,FOOD SUPERMARKET, 12 
  OFFENSES AGAINST PUBLIC ADMINI,GAS STATION, 7 
  OFFENSES AGAINST PUBLIC ADMINI,GROCERY/BODEGA, 48 
  OFFENSES AGAINST PUBLIC ADMINI,GYM/FITNESS FACILITY, 7 
  OFFENSES AGAINST PUBLIC ADMINI,HIGHWAY/PARKWAY, 1 
  OFFENSES AGAINST PUBLIC ADMINI,HOSPITAL, 51 
  OFFENSES AGAINST PUBLIC ADMINI,HOTEL/MOTEL, 17 
  OFFENSES AGAINST PUBLIC ADMINI,JEWELRY, 1 
  OFFENSES AGAINST PUBLIC ADMINI,LIQUOR STORE, 3 
  OFFENSES AGAINST PUBLIC ADMINI,LOAN COMPANY, 2 
  OFFENSES AGAINST PUBLIC ADMINI,MOSQUE, 6 
  OFFENSES AGAINST PUBLIC ADMINI,OPEN AREAS  OPEN LOTS , 8 
  OFFENSES AGAINST PUBLIC ADMINI,OTHER, 270 
  OFFENSES AGAINST PUBLIC ADMINI,OTHER HOUSE OF WORSHIP, 2 
  OFFENSES AGAINST PUBLIC ADMINI,PARK/PLAYGROUND, 25 
  OFFENSES AGAINST PUBLIC ADMINI,PARKING LOT/GARAGE  PRIVATE , 22 
  OFFENSES AGAINST PUBLIC ADMINI,PARKING LOT/GARAGE  PUBLIC , 23 
  OFFENSES AGAINST PUBLIC ADMINI,PRIVATE/PAROCHIAL SCHOOL, 14 
  OFFENSES AGAINST PUBLIC ADMINI,PUBLIC BUILDING, 102 
  OFFENSES AGAINST PUBLIC ADMINI,PUBLIC SCHOOL, 134 
  OFFENSES AGAINST PUBLIC ADMINI,RESIDENCE - APT. HOUSE, 3211 
  OFFENSES AGAINST PUBLIC ADMINI,RESIDENCE - PUBLIC HOUSING, 539 
  OFFENSES AGAINST PUBLIC ADMINI,RESIDENCE-HOUSE, 2955 
  OFFENSES AGAINST PUBLIC ADMINI,RESTAURANT/DINER, 65 
  OFFENSES AGAINST PUBLIC ADMINI,SHOE, 2 
  OFFENSES AGAINST PUBLIC ADMINI,SMALL MERCHANT, 7 
  OFFENSES AGAINST PUBLIC ADMINI,SOCIAL CLUB/POLICY, 4 
  OFFENSES AGAINST PUBLIC ADMINI,STORAGE FACILITY, 1 
  OFFENSES AGAINST PUBLIC ADMINI,STORE UNCLASSIFIED, 20 
  OFFENSES AGAINST PUBLIC ADMINI,STREET, 1561 
  OFFENSES AGAINST PUBLIC ADMINI,SYNAGOGUE, 4 
  OFFENSES AGAINST PUBLIC ADMINI,TAXI  LIVERY LICENSED , 1 
  OFFENSES AGAINST PUBLIC ADMINI,TAXI  YELLOW LICENSED , 1 
  OFFENSES AGAINST PUBLIC ADMINI,TELECOMM. STORE, 3 
  OFFENSES AGAINST PUBLIC ADMINI,TRANSIT - NYC SUBWAY, 4 
  OFFENSES AGAINST PUBLIC ADMINI,TRANSIT FACILITY  OTHER , 2 
  OFFENSES AGAINST PUBLIC ADMINI,TUNNEL, 8 
  OFFENSES AGAINST PUBLIC ADMINI,VARIETY STORE, 3 
  OFFENSES AGAINST PUBLIC ADMINI,VIDEO STORE, 2 
  OFFENSES AGAINST PUBLIC SAFETY,AIRPORT TERMINAL, 3 
  OFFENSES AGAINST PUBLIC SAFETY,CLOTHING/BOUTIQUE, 1 
  OFFENSES AGAINST PUBLIC SAFETY,FAST FOOD, 1 
  OFFENSES AGAINST PUBLIC SAFETY,OTHER, 5 
  OFFENSES AGAINST PUBLIC SAFETY,PARKING LOT/GARAGE  PUBLIC , 1 
  OFFENSES AGAINST PUBLIC SAFETY,PRIVATE/PAROCHIAL SCHOOL, 1 
  OFFENSES AGAINST PUBLIC SAFETY,PUBLIC SCHOOL, 1 
  OFFENSES AGAINST PUBLIC SAFETY,RESIDENCE - APT. HOUSE, 1 
  OFFENSES AGAINST PUBLIC SAFETY,RESIDENCE - PUBLIC HOUSING, 2 
  OFFENSES AGAINST PUBLIC SAFETY,RESIDENCE-HOUSE, 5 
  OFFENSES AGAINST PUBLIC SAFETY,SMALL MERCHANT, 2 
  OFFENSES AGAINST PUBLIC SAFETY,STREET, 21 
  OFFENSES AGAINST THE PERSON,AIRPORT TERMINAL, 8 
  OFFENSES AGAINST THE PERSON,ATM, 1 
  OFFENSES AGAINST THE PERSON,BAR/NIGHT CLUB, 24 
  OFFENSES AGAINST THE PERSON,BEAUTY & NAIL SALON, 1 
  OFFENSES AGAINST THE PERSON,BUS  OTHER , 1 
  OFFENSES AGAINST THE PERSON,CANDY STORE, 1 
  OFFENSES AGAINST THE PERSON,CHAIN STORE, 7 
  OFFENSES AGAINST THE PERSON,CHECK CASHING BUSINESS, 1 
  OFFENSES AGAINST THE PERSON,CLOTHING/BOUTIQUE, 2 
  OFFENSES AGAINST THE PERSON,COMMERCIAL BUILDING, 16 
  OFFENSES AGAINST THE PERSON,DOCTOR/DENTIST OFFICE, 1 
  OFFENSES AGAINST THE PERSON,DRY CLEANER/LAUNDRY, 1 
  OFFENSES AGAINST THE PERSON,FAST FOOD, 1 
  OFFENSES AGAINST THE PERSON,FOOD SUPERMARKET, 1 
  OFFENSES AGAINST THE PERSON,GAS STATION, 4 
  OFFENSES AGAINST THE PERSON,GROCERY/BODEGA, 7 
  OFFENSES AGAINST THE PERSON,GYM/FITNESS FACILITY, 1 
  OFFENSES AGAINST THE PERSON,HIGHWAY/PARKWAY, 1 
  OFFENSES AGAINST THE PERSON,HOSPITAL, 7 
  OFFENSES AGAINST THE PERSON,HOTEL/MOTEL, 5 
  OFFENSES AGAINST THE PERSON,MARINA/PIER, 2 
  OFFENSES AGAINST THE PERSON,OPEN AREAS  OPEN LOTS , 2 
  OFFENSES AGAINST THE PERSON,OTHER, 37 
  OFFENSES AGAINST THE PERSON,PARK/PLAYGROUND, 6 
  OFFENSES AGAINST THE PERSON,PARKING LOT/GARAGE  PRIVATE , 8 
  OFFENSES AGAINST THE PERSON,PARKING LOT/GARAGE  PUBLIC , 13 
  OFFENSES AGAINST THE PERSON,PRIVATE/PAROCHIAL SCHOOL, 1 
  OFFENSES AGAINST THE PERSON,PUBLIC BUILDING, 6 
  OFFENSES AGAINST THE PERSON,PUBLIC SCHOOL, 25 
  OFFENSES AGAINST THE PERSON,RESIDENCE - APT. HOUSE, 260 
  OFFENSES AGAINST THE PERSON,RESIDENCE - PUBLIC HOUSING, 76 
  OFFENSES AGAINST THE PERSON,RESIDENCE-HOUSE, 217 
  OFFENSES AGAINST THE PERSON,RESTAURANT/DINER, 12 
  OFFENSES AGAINST THE PERSON,SMALL MERCHANT, 3 
  OFFENSES AGAINST THE PERSON,SOCIAL CLUB/POLICY, 4 
  OFFENSES AGAINST THE PERSON,STORE UNCLASSIFIED, 2 
  OFFENSES AGAINST THE PERSON,STREET, 198 
  OFFENSES AGAINST THE PERSON,TAXI  LIVERY LICENSED , 3 
  OFFENSES AGAINST THE PERSON,TELECOMM. STORE, 1 
  OFFENSES AGAINST THE PERSON,TRANSIT - NYC SUBWAY, 1 
  OFFENSES INVOLVING FRAUD,AIRPORT TERMINAL, 5 
  OFFENSES INVOLVING FRAUD,BANK, 15 
  OFFENSES INVOLVING FRAUD,BAR/NIGHT CLUB, 14 
  OFFENSES INVOLVING FRAUD,BEAUTY & NAIL SALON, 4 
  OFFENSES INVOLVING FRAUD,BRIDGE, 1 
  OFFENSES INVOLVING FRAUD,CANDY STORE, 1 
  OFFENSES INVOLVING FRAUD,CHAIN STORE, 7 
  OFFENSES INVOLVING FRAUD,CHECK CASHING BUSINESS, 11 
  OFFENSES INVOLVING FRAUD,CLOTHING/BOUTIQUE, 32 
  OFFENSES INVOLVING FRAUD,COMMERCIAL BUILDING, 68 
  OFFENSES INVOLVING FRAUD,DEPARTMENT STORE, 12 
  OFFENSES INVOLVING FRAUD,DOCTOR/DENTIST OFFICE, 3 
  OFFENSES INVOLVING FRAUD,DRUG STORE, 6 
  OFFENSES INVOLVING FRAUD,DRY CLEANER/LAUNDRY, 3 
  OFFENSES INVOLVING FRAUD,FACTORY/WAREHOUSE, 1 
  OFFENSES INVOLVING FRAUD,FAST FOOD, 3 
  OFFENSES INVOLVING FRAUD,FOOD SUPERMARKET, 4 
  OFFENSES INVOLVING FRAUD,GAS STATION, 1 
  OFFENSES INVOLVING FRAUD,GROCERY/BODEGA, 8 
  OFFENSES INVOLVING FRAUD,HIGHWAY/PARKWAY, 1 
  OFFENSES INVOLVING FRAUD,JEWELRY, 5 
  OFFENSES INVOLVING FRAUD,OPEN AREAS  OPEN LOTS , 2 
  OFFENSES INVOLVING FRAUD,OTHER, 30 
  OFFENSES INVOLVING FRAUD,PARK/PLAYGROUND, 15 
  OFFENSES INVOLVING FRAUD,PARKING LOT/GARAGE  PRIVATE , 3 
  OFFENSES INVOLVING FRAUD,PARKING LOT/GARAGE  PUBLIC , 14 
  OFFENSES INVOLVING FRAUD,PHOTO/COPY, 1 
  OFFENSES INVOLVING FRAUD,PUBLIC BUILDING, 7 
  OFFENSES INVOLVING FRAUD,PUBLIC SCHOOL, 5 
  OFFENSES INVOLVING FRAUD,RESIDENCE - APT. HOUSE, 25 
  OFFENSES INVOLVING FRAUD,RESIDENCE - PUBLIC HOUSING, 22 
  OFFENSES INVOLVING FRAUD,RESIDENCE-HOUSE, 30 
  OFFENSES INVOLVING FRAUD,RESTAURANT/DINER, 6 
  OFFENSES INVOLVING FRAUD,SMALL MERCHANT, 39 
  OFFENSES INVOLVING FRAUD,STORE UNCLASSIFIED, 11 
  OFFENSES INVOLVING FRAUD,STREET, 186 
  OFFENSES INVOLVING FRAUD,TELECOMM. STORE, 6 
  OFFENSES INVOLVING FRAUD,TUNNEL, 4 
  OFFENSES INVOLVING FRAUD,VARIETY STORE, 28 
  OFFENSES INVOLVING FRAUD,VIDEO STORE, 2 
  OFFENSES RELATED TO CHILDREN,AIRPORT TERMINAL, 1 
  OFFENSES RELATED TO CHILDREN,BAR/NIGHT CLUB, 62 
  OFFENSES RELATED TO CHILDREN,BEAUTY & NAIL SALON, 1 
  OFFENSES RELATED TO CHILDREN,CANDY STORE, 8 
  OFFENSES RELATED TO CHILDREN,COMMERCIAL BUILDING, 6 
  OFFENSES RELATED TO CHILDREN,DRUG STORE, 1 
  OFFENSES RELATED TO CHILDREN,DRY CLEANER/LAUNDRY, 1 
  OFFENSES RELATED TO CHILDREN,FOOD SUPERMARKET, 5 
  OFFENSES RELATED TO CHILDREN,GAS STATION, 1 
  OFFENSES RELATED TO CHILDREN,GROCERY/BODEGA, 343 
  OFFENSES RELATED TO CHILDREN,HOTEL/MOTEL, 2 
  OFFENSES RELATED TO CHILDREN,LIQUOR STORE, 15 
  OFFENSES RELATED TO CHILDREN,OTHER, 9 
  OFFENSES RELATED TO CHILDREN,PARK/PLAYGROUND, 2 
  OFFENSES RELATED TO CHILDREN,PARKING LOT/GARAGE  PRIVATE , 1 
  OFFENSES RELATED TO CHILDREN,RESIDENCE - APT. HOUSE, 11 
  OFFENSES RELATED TO CHILDREN,RESIDENCE - PUBLIC HOUSING, 1 
  OFFENSES RELATED TO CHILDREN,RESIDENCE-HOUSE, 12 
  OFFENSES RELATED TO CHILDREN,RESTAURANT/DINER, 9 
  OFFENSES RELATED TO CHILDREN,SMALL MERCHANT, 3 
  OFFENSES RELATED TO CHILDREN,SOCIAL CLUB/POLICY, 1 
  OFFENSES RELATED TO CHILDREN,STORE UNCLASSIFIED, 2 
  OFFENSES RELATED TO CHILDREN,STREET, 10 
  OTHER OFFENSES RELATED TO THEF,ABANDONED BUILDING, 1 
  OTHER OFFENSES RELATED TO THEF,AIRPORT TERMINAL, 31 
  OTHER OFFENSES RELATED TO THEF,BANK, 2 
  OTHER OFFENSES RELATED TO THEF,BAR/NIGHT CLUB, 105 
  OTHER OFFENSES RELATED TO THEF,BEAUTY & NAIL SALON, 32 
  OTHER OFFENSES RELATED TO THEF,BUS  OTHER , 2 
  OTHER OFFENSES RELATED TO THEF,CHAIN STORE, 6 
  OTHER OFFENSES RELATED TO THEF,CHECK CASHING BUSINESS, 2 
  OTHER OFFENSES RELATED TO THEF,CLOTHING/BOUTIQUE, 1 
  OTHER OFFENSES RELATED TO THEF,COMMERCIAL BUILDING, 46 
  OTHER OFFENSES RELATED TO THEF,CONSTRUCTION SITE, 1 
  OTHER OFFENSES RELATED TO THEF,DEPARTMENT STORE, 3 
  OTHER OFFENSES RELATED TO THEF,DOCTOR/DENTIST OFFICE, 2 
  OTHER OFFENSES RELATED TO THEF,DRUG STORE, 2 
  OTHER OFFENSES RELATED TO THEF,DRY CLEANER/LAUNDRY, 18 
  OTHER OFFENSES RELATED TO THEF,FACTORY/WAREHOUSE, 2 
  OTHER OFFENSES RELATED TO THEF,FAST FOOD, 12 
  OTHER OFFENSES RELATED TO THEF,GAS STATION, 114 
  OTHER OFFENSES RELATED TO THEF,GROCERY/BODEGA, 2 
  OTHER OFFENSES RELATED TO THEF,GYM/FITNESS FACILITY, 2 
  OTHER OFFENSES RELATED TO THEF,HOSPITAL, 4 
  OTHER OFFENSES RELATED TO THEF,HOTEL/MOTEL, 22 
  OTHER OFFENSES RELATED TO THEF,JEWELRY, 2 
  OTHER OFFENSES RELATED TO THEF,OPEN AREAS  OPEN LOTS , 1 
  OTHER OFFENSES RELATED TO THEF,OTHER, 22 
  OTHER OFFENSES RELATED TO THEF,PARKING LOT/GARAGE  PRIVATE , 15 
  OTHER OFFENSES RELATED TO THEF,PARKING LOT/GARAGE  PUBLIC , 11 
  OTHER OFFENSES RELATED TO THEF,PHOTO/COPY, 1 
  OTHER OFFENSES RELATED TO THEF,PUBLIC BUILDING, 3 
  OTHER OFFENSES RELATED TO THEF,PUBLIC SCHOOL, 1 
  OTHER OFFENSES RELATED TO THEF,RESIDENCE - APT. HOUSE, 57 
  OTHER OFFENSES RELATED TO THEF,RESIDENCE - PUBLIC HOUSING, 36 
  OTHER OFFENSES RELATED TO THEF,RESIDENCE-HOUSE, 54 
  OTHER OFFENSES RELATED TO THEF,RESTAURANT/DINER, 149 
  OTHER OFFENSES RELATED TO THEF,SMALL MERCHANT, 12 
  OTHER OFFENSES RELATED TO THEF,SOCIAL CLUB/POLICY, 1 
  OTHER OFFENSES RELATED TO THEF,STORAGE FACILITY, 2 
  OTHER OFFENSES RELATED TO THEF,STORE UNCLASSIFIED, 15 
  OTHER OFFENSES RELATED TO THEF,STREET, 333 
  OTHER OFFENSES RELATED TO THEF,TAXI  LIVERY LICENSED , 86 
  OTHER OFFENSES RELATED TO THEF,TAXI  YELLOW LICENSED , 92 
  OTHER OFFENSES RELATED TO THEF,TAXI/LIVERY  UNLICENSED , 3 
  OTHER OFFENSES RELATED TO THEF,TELECOMM. STORE, 6 
  OTHER OFFENSES RELATED TO THEF,TRANSIT FACILITY  OTHER , 1 
  OTHER OFFENSES RELATED TO THEF,VARIETY STORE, 1 
  OTHER OFFENSES RELATED TO THEF,VIDEO STORE, 1 
  OTHER STATE LAWS  NON PENAL LA,AIRPORT TERMINAL, 1 
  OTHER STATE LAWS  NON PENAL LA,BAR/NIGHT CLUB, 7 
  OTHER STATE LAWS  NON PENAL LA,BEAUTY & NAIL SALON, 4 
  OTHER STATE LAWS  NON PENAL LA,BOOK/CARD, 1 
  OTHER STATE LAWS  NON PENAL LA,CANDY STORE, 1 
  OTHER STATE LAWS  NON PENAL LA,CHAIN STORE, 1 
  OTHER STATE LAWS  NON PENAL LA,COMMERCIAL BUILDING, 4 
  OTHER STATE LAWS  NON PENAL LA,FAST FOOD, 1 
  OTHER STATE LAWS  NON PENAL LA,FOOD SUPERMARKET, 1 
  OTHER STATE LAWS  NON PENAL LA,GROCERY/BODEGA, 29 
  OTHER STATE LAWS  NON PENAL LA,OPEN AREAS  OPEN LOTS , 3 
  OTHER STATE LAWS  NON PENAL LA,OTHER, 11 
  OTHER STATE LAWS  NON PENAL LA,PARK/PLAYGROUND, 3 
  OTHER STATE LAWS  NON PENAL LA,PARKING LOT/GARAGE  PUBLIC , 2 
  OTHER STATE LAWS  NON PENAL LA,PUBLIC BUILDING, 2 
  OTHER STATE LAWS  NON PENAL LA,RESIDENCE - APT. HOUSE, 18 
  OTHER STATE LAWS  NON PENAL LA,RESIDENCE - PUBLIC HOUSING, 23 
  OTHER STATE LAWS  NON PENAL LA,RESIDENCE-HOUSE, 23 
  OTHER STATE LAWS  NON PENAL LA,RESTAURANT/DINER, 1 
  OTHER STATE LAWS  NON PENAL LA,SMALL MERCHANT, 4 
  OTHER STATE LAWS  NON PENAL LA,SOCIAL CLUB/POLICY, 1 
  OTHER STATE LAWS  NON PENAL LA,STORE UNCLASSIFIED, 3 
  OTHER STATE LAWS  NON PENAL LA,STREET, 36 
  OTHER STATE LAWS  NON PENAL LA,VIDEO STORE, 3 
  OTHER STATE LAWS  NON PENAL LAW ,BAR/NIGHT CLUB, 1 
  PETIT LARCENY,ABANDONED BUILDING, 15 
  PETIT LARCENY,AIRPORT TERMINAL, 1037 
  PETIT LARCENY,ATM, 114 
  PETIT LARCENY,BANK, 465 
  PETIT LARCENY,BAR/NIGHT CLUB, 902 
  PETIT LARCENY,BEAUTY & NAIL SALON, 356 
  PETIT LARCENY,BOOK/CARD, 44 
  PETIT LARCENY,BRIDGE, 3 
  PETIT LARCENY,BUS  NYC TRANSIT , 17 
  PETIT LARCENY,BUS  OTHER , 15 
  PETIT LARCENY,BUS STOP, 6 
  PETIT LARCENY,BUS TERMINAL, 11 
  PETIT LARCENY,CANDY STORE, 247 
  PETIT LARCENY,CEMETERY, 34 
  PETIT LARCENY,CHAIN STORE, 10280 
  PETIT LARCENY,CHECK CASHING BUSINESS, 179 
  PETIT LARCENY,CHURCH, 278 
  PETIT LARCENY,CLOTHING/BOUTIQUE, 2370 
  PETIT LARCENY,COMMERCIAL BUILDING, 4928 
  PETIT LARCENY,CONSTRUCTION SITE, 124 
  PETIT LARCENY,DEPARTMENT STORE, 14394 
  PETIT LARCENY,DOCTOR/DENTIST OFFICE, 452 
  PETIT LARCENY,DRUG STORE, 5073 
  PETIT LARCENY,DRY CLEANER/LAUNDRY, 528 
  PETIT LARCENY,FACTORY/WAREHOUSE, 236 
  PETIT LARCENY,FAST FOOD, 730 
  PETIT LARCENY,FOOD SUPERMARKET, 2364 
  PETIT LARCENY,GAS STATION, 860 
  PETIT LARCENY,GROCERY/BODEGA, 2343 
  PETIT LARCENY,GYM/FITNESS FACILITY, 804 
  PETIT LARCENY,HIGHWAY/PARKWAY, 9 
  PETIT LARCENY,HOSPITAL, 463 
  PETIT LARCENY,HOTEL/MOTEL, 575 
  PETIT LARCENY,JEWELRY, 107 
  PETIT LARCENY,LIQUOR STORE, 327 
  PETIT LARCENY,LOAN COMPANY, 9 
  PETIT LARCENY,MARINA/PIER, 37 
  PETIT LARCENY,MOSQUE, 30 
  PETIT LARCENY,OPEN AREAS  OPEN LOTS , 373 
  PETIT LARCENY,OTHER, 3385 
  PETIT LARCENY,OTHER HOUSE OF WORSHIP, 32 
  PETIT LARCENY,PARK/PLAYGROUND, 333 
  PETIT LARCENY,PARKING LOT/GARAGE  PRIVATE , 2268 
  PETIT LARCENY,PARKING LOT/GARAGE  PUBLIC , 2252 
  PETIT LARCENY,PHOTO/COPY, 19 
  PETIT LARCENY,PRIVATE/PAROCHIAL SCHOOL, 182 
  PETIT LARCENY,PUBLIC BUILDING, 490 
  PETIT LARCENY,PUBLIC SCHOOL, 1720 
  PETIT LARCENY,RESIDENCE - APT. HOUSE, 8665 
  PETIT LARCENY,RESIDENCE - PUBLIC HOUSING, 1223 
  PETIT LARCENY,RESIDENCE-HOUSE, 11641 
  PETIT LARCENY,RESTAURANT/DINER, 1297 
  PETIT LARCENY,SHOE, 208 
  PETIT LARCENY,SMALL MERCHANT, 873 
  PETIT LARCENY,SOCIAL CLUB/POLICY, 87 
  PETIT LARCENY,STORAGE FACILITY, 195 
  PETIT LARCENY,STORE UNCLASSIFIED, 1514 
  PETIT LARCENY,STREET, 36358 
  PETIT LARCENY,SYNAGOGUE, 31 
  PETIT LARCENY,TAXI  LIVERY LICENSED , 54 
  PETIT LARCENY,TAXI  YELLOW LICENSED , 54 
  PETIT LARCENY,TAXI/LIVERY  UNLICENSED , 5 
  PETIT LARCENY,TELECOMM. STORE, 516 
  PETIT LARCENY,TRAMWAY, 1 
  PETIT LARCENY,TRANSIT - NYC SUBWAY, 6 
  PETIT LARCENY,TRANSIT FACILITY  OTHER , 40 
  PETIT LARCENY,TUNNEL, 37 
  PETIT LARCENY,VARIETY STORE, 485 
  PETIT LARCENY,VIDEO STORE, 130 
  PETIT LARCENY OF MOTOR VEHICLE,COMMERCIAL BUILDING, 3 
  PETIT LARCENY OF MOTOR VEHICLE,OPEN AREAS  OPEN LOTS , 1 
  PETIT LARCENY OF MOTOR VEHICLE,OTHER, 9 
  PETIT LARCENY OF MOTOR VEHICLE,PARKING LOT/GARAGE  PRIVATE , 8 
  PETIT LARCENY OF MOTOR VEHICLE,PARKING LOT/GARAGE  PUBLIC , 5 
  PETIT LARCENY OF MOTOR VEHICLE,PUBLIC BUILDING, 1 
  PETIT LARCENY OF MOTOR VEHICLE,RESIDENCE - APT. HOUSE, 4 
  PETIT LARCENY OF MOTOR VEHICLE,RESIDENCE - PUBLIC HOUSING, 3 
  PETIT LARCENY OF MOTOR VEHICLE,RESIDENCE-HOUSE, 26 
  PETIT LARCENY OF MOTOR VEHICLE,RESTAURANT/DINER, 1 
  PETIT LARCENY OF MOTOR VEHICLE,STREET, 112 
  PETIT LARCENY OF MOTOR VEHICLE,TUNNEL, 1 
  POSSESSION OF STOLEN PROPERTY,ABANDONED BUILDING, 1 
  POSSESSION OF STOLEN PROPERTY,AIRPORT TERMINAL, 7 
  POSSESSION OF STOLEN PROPERTY,BANK, 7 
  POSSESSION OF STOLEN PROPERTY,BAR/NIGHT CLUB, 28 
  POSSESSION OF STOLEN PROPERTY,BEAUTY & NAIL SALON, 12 
  POSSESSION OF STOLEN PROPERTY,BOOK/CARD, 2 
  POSSESSION OF STOLEN PROPERTY,BRIDGE, 1 
  POSSESSION OF STOLEN PROPERTY,BUS  OTHER , 1 
  POSSESSION OF STOLEN PROPERTY,CANDY STORE, 12 
  POSSESSION OF STOLEN PROPERTY,CHAIN STORE, 212 
  POSSESSION OF STOLEN PROPERTY,CHECK CASHING BUSINESS, 1 
  POSSESSION OF STOLEN PROPERTY,CHURCH, 4 
  POSSESSION OF STOLEN PROPERTY,CLOTHING/BOUTIQUE, 92 
  POSSESSION OF STOLEN PROPERTY,COMMERCIAL BUILDING, 87 
  POSSESSION OF STOLEN PROPERTY,CONSTRUCTION SITE, 1 
  POSSESSION OF STOLEN PROPERTY,DEPARTMENT STORE, 247 
  POSSESSION OF STOLEN PROPERTY,DOCTOR/DENTIST OFFICE, 3 
  POSSESSION OF STOLEN PROPERTY,DRUG STORE, 125 
  POSSESSION OF STOLEN PROPERTY,DRY CLEANER/LAUNDRY, 3 
  POSSESSION OF STOLEN PROPERTY,FACTORY/WAREHOUSE, 9 
  POSSESSION OF STOLEN PROPERTY,FAST FOOD, 6 
  POSSESSION OF STOLEN PROPERTY,FOOD SUPERMARKET, 74 
  POSSESSION OF STOLEN PROPERTY,GAS STATION, 5 
  POSSESSION OF STOLEN PROPERTY,GROCERY/BODEGA, 126 
  POSSESSION OF STOLEN PROPERTY,GYM/FITNESS FACILITY, 6 
  POSSESSION OF STOLEN PROPERTY,HIGHWAY/PARKWAY, 1 
  POSSESSION OF STOLEN PROPERTY,HOSPITAL, 4 
  POSSESSION OF STOLEN PROPERTY,HOTEL/MOTEL, 3 
  POSSESSION OF STOLEN PROPERTY,JEWELRY, 57 
  POSSESSION OF STOLEN PROPERTY,LIQUOR STORE, 6 
  POSSESSION OF STOLEN PROPERTY,LOAN COMPANY, 7 
  POSSESSION OF STOLEN PROPERTY,MARINA/PIER, 1 
  POSSESSION OF STOLEN PROPERTY,OPEN AREAS  OPEN LOTS , 3 
  POSSESSION OF STOLEN PROPERTY,OTHER, 84 
  POSSESSION OF STOLEN PROPERTY,PARK/PLAYGROUND, 8 
  POSSESSION OF STOLEN PROPERTY,PARKING LOT/GARAGE  PRIVATE , 17 
  POSSESSION OF STOLEN PROPERTY,PARKING LOT/GARAGE  PUBLIC , 8 
  POSSESSION OF STOLEN PROPERTY,PHOTO/COPY, 1 
  POSSESSION OF STOLEN PROPERTY,PRIVATE/PAROCHIAL SCHOOL, 2 
  POSSESSION OF STOLEN PROPERTY,PUBLIC BUILDING, 15 
  POSSESSION OF STOLEN PROPERTY,PUBLIC SCHOOL, 50 
  POSSESSION OF STOLEN PROPERTY,RESIDENCE - APT. HOUSE, 76 
  POSSESSION OF STOLEN PROPERTY,RESIDENCE - PUBLIC HOUSING, 17 
  POSSESSION OF STOLEN PROPERTY,RESIDENCE-HOUSE, 159 
  POSSESSION OF STOLEN PROPERTY,RESTAURANT/DINER, 14 
  POSSESSION OF STOLEN PROPERTY,SHOE, 3 
  POSSESSION OF STOLEN PROPERTY,SMALL MERCHANT, 84 
  POSSESSION OF STOLEN PROPERTY,SOCIAL CLUB/POLICY, 2 
  POSSESSION OF STOLEN PROPERTY,STORAGE FACILITY, 1 
  POSSESSION OF STOLEN PROPERTY,STORE UNCLASSIFIED, 65 
  POSSESSION OF STOLEN PROPERTY,STREET, 415 
  POSSESSION OF STOLEN PROPERTY,TAXI/LIVERY  UNLICENSED , 1 
  POSSESSION OF STOLEN PROPERTY,TELECOMM. STORE, 38 
  POSSESSION OF STOLEN PROPERTY,TRANSIT FACILITY  OTHER , 1 
  POSSESSION OF STOLEN PROPERTY,TUNNEL, 1 
  POSSESSION OF STOLEN PROPERTY,VARIETY STORE, 16 
  POSSESSION OF STOLEN PROPERTY,VIDEO STORE, 4 
  PROSTITUTION & RELATED OFFENSES,HOSPITAL, 1 
  PROSTITUTION & RELATED OFFENSES,HOTEL/MOTEL, 1 
  PROSTITUTION & RELATED OFFENSES,OTHER, 5 
  PROSTITUTION & RELATED OFFENSES,RESIDENCE - APT. HOUSE, 6 
  PROSTITUTION & RELATED OFFENSES,RESIDENCE-HOUSE, 5 
  PROSTITUTION & RELATED OFFENSES,STREET, 7 
  SEX CRIMES,ABANDONED BUILDING, 1 
  SEX CRIMES,AIRPORT TERMINAL, 6 
  SEX CRIMES,BANK, 4 
  SEX CRIMES,BAR/NIGHT CLUB, 83 
  SEX CRIMES,BEAUTY & NAIL SALON, 10 
  SEX CRIMES,BOOK/CARD, 2 
  SEX CRIMES,BRIDGE, 1 
  SEX CRIMES,BUS  NYC TRANSIT , 4 
  SEX CRIMES,BUS  OTHER , 5 
  SEX CRIMES,CANDY STORE, 8 
  SEX CRIMES,CHAIN STORE, 34 
  SEX CRIMES,CHURCH, 14 
  SEX CRIMES,CLOTHING/BOUTIQUE, 20 
  SEX CRIMES,COMMERCIAL BUILDING, 93 
  SEX CRIMES,CONSTRUCTION SITE, 1 
  SEX CRIMES,DEPARTMENT STORE, 22 
  SEX CRIMES,DOCTOR/DENTIST OFFICE, 34 
  SEX CRIMES,DRUG STORE, 11 
  SEX CRIMES,DRY CLEANER/LAUNDRY, 14 
  SEX CRIMES,FAST FOOD, 27 
  SEX CRIMES,FOOD SUPERMARKET, 33 
  SEX CRIMES,GAS STATION, 5 
  SEX CRIMES,GROCERY/BODEGA, 45 
  SEX CRIMES,GYM/FITNESS FACILITY, 19 
  SEX CRIMES,HOSPITAL, 85 
  SEX CRIMES,HOTEL/MOTEL, 63 
  SEX CRIMES,JEWELRY, 3 
  SEX CRIMES,MOSQUE, 1 
  SEX CRIMES,OPEN AREAS  OPEN LOTS , 3 
  SEX CRIMES,OTHER, 179 
  SEX CRIMES,OTHER HOUSE OF WORSHIP, 2 
  SEX CRIMES,PARK/PLAYGROUND, 43 
  SEX CRIMES,PARKING LOT/GARAGE  PRIVATE , 15 
  SEX CRIMES,PARKING LOT/GARAGE  PUBLIC , 24 
  SEX CRIMES,PRIVATE/PAROCHIAL SCHOOL, 25 
  SEX CRIMES,PUBLIC BUILDING, 22 
  SEX CRIMES,PUBLIC SCHOOL, 230 
  SEX CRIMES,RESIDENCE - APT. HOUSE, 1895 
  SEX CRIMES,RESIDENCE - PUBLIC HOUSING, 254 
  SEX CRIMES,RESIDENCE-HOUSE, 1577 
  SEX CRIMES,RESTAURANT/DINER, 58 
  SEX CRIMES,SMALL MERCHANT, 20 
  SEX CRIMES,SOCIAL CLUB/POLICY, 9 
  SEX CRIMES,STORAGE FACILITY, 1 
  SEX CRIMES,STORE UNCLASSIFIED, 18 
  SEX CRIMES,STREET, 676 
  SEX CRIMES,TAXI  LIVERY LICENSED , 7 
  SEX CRIMES,TAXI  YELLOW LICENSED , 1 
  SEX CRIMES,TAXI/LIVERY  UNLICENSED , 1 
  SEX CRIMES,TELECOMM. STORE, 1 
  SEX CRIMES,TRANSIT - NYC SUBWAY, 2 
  SEX CRIMES,TRANSIT FACILITY  OTHER , 3 
  SEX CRIMES,TUNNEL, 1 
  SEX CRIMES,VARIETY STORE, 7 
  THEFT OF SERVICES,GAS STATION, 1 
  THEFT OF SERVICES,OTHER, 1 
  THEFT OF SERVICES,RESIDENCE - PUBLIC HOUSING, 1 
  UNAUTHORIZED USE OF A VEHICLE,AIRPORT TERMINAL, 12 
  UNAUTHORIZED USE OF A VEHICLE,BANK, 1 
  UNAUTHORIZED USE OF A VEHICLE,BAR/NIGHT CLUB, 3 
  UNAUTHORIZED USE OF A VEHICLE,BUS STOP, 1 
  UNAUTHORIZED USE OF A VEHICLE,CEMETERY, 2 
  UNAUTHORIZED USE OF A VEHICLE,CHAIN STORE, 69 
  UNAUTHORIZED USE OF A VEHICLE,CHECK CASHING BUSINESS, 1 
  UNAUTHORIZED USE OF A VEHICLE,COMMERCIAL BUILDING, 345 
  UNAUTHORIZED USE OF A VEHICLE,DEPARTMENT STORE, 4 
  UNAUTHORIZED USE OF A VEHICLE,DRY CLEANER/LAUNDRY, 1 
  UNAUTHORIZED USE OF A VEHICLE,FACTORY/WAREHOUSE, 6 
  UNAUTHORIZED USE OF A VEHICLE,FAST FOOD, 1 
  UNAUTHORIZED USE OF A VEHICLE,GAS STATION, 10 
  UNAUTHORIZED USE OF A VEHICLE,GROCERY/BODEGA, 3 
  UNAUTHORIZED USE OF A VEHICLE,GYM/FITNESS FACILITY, 1 
  UNAUTHORIZED USE OF A VEHICLE,HOSPITAL, 2 
  UNAUTHORIZED USE OF A VEHICLE,HOTEL/MOTEL, 10 
  UNAUTHORIZED USE OF A VEHICLE,LOAN COMPANY, 5 
  UNAUTHORIZED USE OF A VEHICLE,OPEN AREAS  OPEN LOTS , 6 
  UNAUTHORIZED USE OF A VEHICLE,OTHER, 185 
  UNAUTHORIZED USE OF A VEHICLE,OTHER HOUSE OF WORSHIP, 1 
  UNAUTHORIZED USE OF A VEHICLE,PARK/PLAYGROUND, 2 
  UNAUTHORIZED USE OF A VEHICLE,PARKING LOT/GARAGE  PRIVATE , 143 
  UNAUTHORIZED USE OF A VEHICLE,PARKING LOT/GARAGE  PUBLIC , 65 
  UNAUTHORIZED USE OF A VEHICLE,PUBLIC BUILDING, 7 
  UNAUTHORIZED USE OF A VEHICLE,RESIDENCE - APT. HOUSE, 148 
  UNAUTHORIZED USE OF A VEHICLE,RESIDENCE - PUBLIC HOUSING, 61 
  UNAUTHORIZED USE OF A VEHICLE,RESIDENCE-HOUSE, 301 
  UNAUTHORIZED USE OF A VEHICLE,RESTAURANT/DINER, 1 
  UNAUTHORIZED USE OF A VEHICLE,SHOE, 1 
  UNAUTHORIZED USE OF A VEHICLE,SMALL MERCHANT, 19 
  UNAUTHORIZED USE OF A VEHICLE,STORAGE FACILITY, 13 
  UNAUTHORIZED USE OF A VEHICLE,STORE UNCLASSIFIED, 58 
  UNAUTHORIZED USE OF A VEHICLE,STREET, 1390 
  UNAUTHORIZED USE OF A VEHICLE,TAXI  LIVERY LICENSED , 7 
  UNAUTHORIZED USE OF A VEHICLE,TAXI  YELLOW LICENSED , 1 
  UNAUTHORIZED USE OF A VEHICLE,TAXI/LIVERY  UNLICENSED , 1 
  UNAUTHORIZED USE OF A VEHICLE,TUNNEL, 1 
  VEHICLE AND TRAFFIC LAWS,AIRPORT TERMINAL, 799 
  VEHICLE AND TRAFFIC LAWS,BEAUTY & NAIL SALON, 1 
  VEHICLE AND TRAFFIC LAWS,BRIDGE, 3 
  VEHICLE AND TRAFFIC LAWS,BUS  NYC TRANSIT , 1 
  VEHICLE AND TRAFFIC LAWS,BUS STOP, 4 
  VEHICLE AND TRAFFIC LAWS,CHAIN STORE, 1 
  VEHICLE AND TRAFFIC LAWS,COMMERCIAL BUILDING, 11 
  VEHICLE AND TRAFFIC LAWS,CONSTRUCTION SITE, 1 
  VEHICLE AND TRAFFIC LAWS,DRUG STORE, 1 
  VEHICLE AND TRAFFIC LAWS,FACTORY/WAREHOUSE, 1 
  VEHICLE AND TRAFFIC LAWS,FAST FOOD, 2 
  VEHICLE AND TRAFFIC LAWS,FOOD SUPERMARKET, 7 
  VEHICLE AND TRAFFIC LAWS,GAS STATION, 8 
  VEHICLE AND TRAFFIC LAWS,GROCERY/BODEGA, 2 
  VEHICLE AND TRAFFIC LAWS,HIGHWAY/PARKWAY, 20 
  VEHICLE AND TRAFFIC LAWS,HOSPITAL, 1 
  VEHICLE AND TRAFFIC LAWS,HOTEL/MOTEL, 1 
  VEHICLE AND TRAFFIC LAWS,MARINA/PIER, 1 
  VEHICLE AND TRAFFIC LAWS,OPEN AREAS  OPEN LOTS , 3 
  VEHICLE AND TRAFFIC LAWS,OTHER, 353 
  VEHICLE AND TRAFFIC LAWS,PARK/PLAYGROUND, 3 
  VEHICLE AND TRAFFIC LAWS,PARKING LOT/GARAGE  PRIVATE , 30 
  VEHICLE AND TRAFFIC LAWS,PARKING LOT/GARAGE  PUBLIC , 64 
  VEHICLE AND TRAFFIC LAWS,PUBLIC BUILDING, 2 
  VEHICLE AND TRAFFIC LAWS,RESIDENCE - APT. HOUSE, 6 
  VEHICLE AND TRAFFIC LAWS,RESIDENCE - PUBLIC HOUSING, 31 
  VEHICLE AND TRAFFIC LAWS,RESIDENCE-HOUSE, 13 
  VEHICLE AND TRAFFIC LAWS,RESTAURANT/DINER, 1 
  VEHICLE AND TRAFFIC LAWS,STORE UNCLASSIFIED, 2 
  VEHICLE AND TRAFFIC LAWS,STREET, 1637 
  VEHICLE AND TRAFFIC LAWS,TAXI  LIVERY LICENSED , 5 
  VEHICLE AND TRAFFIC LAWS,TAXI/LIVERY  UNLICENSED , 1 
  VEHICLE AND TRAFFIC LAWS,TUNNEL, 7 
