 AMTRACK,42 
 CONRAIL,6 
 DEPT OF CORRECTIONS,2421 
 FIRE DEPT  FIRE MARSHAL ,22 
 HEALTH & HOSP CORP,1518 
 LONG ISLAND RAILRD,58 
 METRO NORTH,156 
 N.Y. HOUSING POLICE,172756 
 N.Y. POLICE DEPT,1489785 
 N.Y. STATE PARKS,93 
 N.Y. STATE POLICE,592 
 N.Y. TRANSIT POLICE,334 
 NEW YORK CITY SHERIFF OFFICE,50 
 NYC DEPT ENVIRONMENTAL PROTECTION,4 
 NYC PARKS,13 
 NYS DEPT TAX AND FINANCE,28 
 OTHER,3798 
 POLICE DEPT NYC,2638 
 PORT AUTHORITY,7992 
 SEA GATE POLICE DEPT,13 
 STATN IS RAPID TRANS,28 
 TRI-BORO BRDG TUNNL,2382 
 U.S. PARK POLICE,37 
