1,ADMINISTRATIVE CODE,51
1,AGRICULTURE & MRKTS LAW-UNCLASSIFIED,1
1,ALCOHOLIC BEVERAGE CONTROL LAW,7
1,ANTICIPATORY OFFENSES,1
1,ASSAULT 3 & RELATED OFFENSES,3626
1,BURGLARS TOOLS,21
1,CRIMINAL MISCHIEF & RELATED OF,3181
1,CRIMINAL TRESPASS,1688
1,DANGEROUS DRUGS,2023
1,DANGEROUS WEAPONS,404
1,DISRUPTION OF A RELIGIOUS SERV,1
1,ENDAN WELFARE INCOMP,1
1,FRAUDS,360
1,FRAUDULENT ACCOSTING,72
1,GAMBLING,11
1,INTOXICATED & IMPAIRED DRIVING,264
1,JOSTLING,9
1,NEW YORK CITY HEALTH CODE,1
1,OFF. AGNST PUB ORD SENSBLTY &,2789
1,OFFENSES AGAINST PUBLIC ADMINI,832
1,OFFENSES AGAINST THE PERSON,96
1,OFFENSES INVOLVING FRAUD,135
1,OFFENSES RELATED TO CHILDREN,8
1,OTHER OFFENSES RELATED TO THEF,109
1,OTHER STATE LAWS  NON PENAL LA,40
1,PETIT LARCENY,10587
1,PETIT LARCENY OF MOTOR VEHICLE,10
1,POSSESSION OF STOLEN PROPERTY,180
1,PROSTITUTION & RELATED OFFENSES,4
1,SEX CRIMES,339
1,UNAUTHORIZED USE OF A VEHICLE,74
1,VEHICLE AND TRAFFIC LAWS,209
2,ADMINISTRATIVE CODE,46
2,AGRICULTURE & MRKTS LAW-UNCLASSIFIED,3
2,ALCOHOLIC BEVERAGE CONTROL LAW,7
2,ASSAULT 3 & RELATED OFFENSES,3495
2,BURGLARS TOOLS,24
2,CRIMINAL MISCHIEF & RELATED OF,2652
2,CRIMINAL TRESPASS,1651
2,DANGEROUS DRUGS,2023
2,DANGEROUS WEAPONS,365
2,ESCAPE 3,2
2,FRAUDS,333
2,FRAUDULENT ACCOSTING,48
2,GAMBLING,26
2,INTOXICATED & IMPAIRED DRIVING,266
2,JOSTLING,3
2,NEW YORK CITY HEALTH CODE,1
2,OFF. AGNST PUB ORD SENSBLTY &,2384
2,OFFENSES AGAINST PUBLIC ADMINI,796
2,OFFENSES AGAINST PUBLIC SAFETY,2
2,OFFENSES AGAINST THE PERSON,59
2,OFFENSES INVOLVING FRAUD,159
2,OFFENSES RELATED TO CHILDREN,1
2,OTHER OFFENSES RELATED TO THEF,121
2,OTHER STATE LAWS  NON PENAL LA,46
2,PETIT LARCENY,9071
2,PETIT LARCENY OF MOTOR VEHICLE,5
2,POSSESSION OF STOLEN PROPERTY,151
2,PROSTITUTION & RELATED OFFENSES,3
2,SEX CRIMES,276
2,UNAUTHORIZED USE OF A VEHICLE,51
2,VEHICLE AND TRAFFIC LAWS,192
3,ADMINISTRATIVE CODE,40
3,AGRICULTURE & MRKTS LAW-UNCLASSIFIED,2
3,ALCOHOLIC BEVERAGE CONTROL LAW,10
3,ASSAULT 3 & RELATED OFFENSES,4087
3,BURGLARS TOOLS,24
3,CRIMINAL MISCHIEF & RELATED OF,3199
3,CRIMINAL TRESPASS,1584
3,DANGEROUS DRUGS,2308
3,DANGEROUS WEAPONS,396
3,DISRUPTION OF A RELIGIOUS SERV,1
3,ESCAPE 3,1
3,FRAUDS,360
3,FRAUDULENT ACCOSTING,71
3,GAMBLING,22
3,INTOXICATED & IMPAIRED DRIVING,305
3,JOSTLING,3
3,LOITERING FOR DRUG PURPOSES,1
3,NEW YORK CITY HEALTH CODE,1
3,OFF. AGNST PUB ORD SENSBLTY &,2728
3,OFFENSES AGAINST PUBLIC ADMINI,929
3,OFFENSES AGAINST PUBLIC SAFETY,2
3,OFFENSES AGAINST THE PERSON,86
3,OFFENSES INVOLVING FRAUD,187
3,OFFENSES RELATED TO CHILDREN,7
3,OTHER OFFENSES RELATED TO THEF,122
3,OTHER STATE LAWS  NON PENAL LA,33
3,PETIT LARCENY,10371
3,PETIT LARCENY OF MOTOR VEHICLE,10
3,POSSESSION OF STOLEN PROPERTY,190
3,PROSTITUTION & RELATED OFFENSES,8
3,SEX CRIMES,356
3,UNAUTHORIZED USE OF A VEHICLE,65
3,VEHICLE AND TRAFFIC LAWS,228
4,ADMINISTRATIVE CODE,58
4,AGRICULTURE & MRKTS LAW-UNCLASSIFIED,2
4,ALCOHOLIC BEVERAGE CONTROL LAW,10
4,ANTICIPATORY OFFENSES,2
4,ASSAULT 3 & RELATED OFFENSES,3789
4,BURGLARS TOOLS,22
4,CRIMINAL MISCHIEF & RELATED OF,3275
4,CRIMINAL TRESPASS,1277
4,DANGEROUS DRUGS,2083
4,DANGEROUS WEAPONS,338
4,DISRUPTION OF A RELIGIOUS SERV,3
4,ENDAN WELFARE INCOMP,1
4,FRAUDS,408
4,FRAUDULENT ACCOSTING,52
4,GAMBLING,46
4,INTOXICATED & IMPAIRED DRIVING,309
4,JOSTLING,2
4,NEW YORK CITY HEALTH CODE,2
4,OFF. AGNST PUB ORD SENSBLTY &,2704
4,OFFENSES AGAINST PUBLIC ADMINI,896
4,OFFENSES AGAINST PUBLIC SAFETY,3
4,OFFENSES AGAINST THE PERSON,89
4,OFFENSES INVOLVING FRAUD,168
4,OFFENSES RELATED TO CHILDREN,2
4,OTHER OFFENSES RELATED TO THEF,108
4,OTHER STATE LAWS  NON PENAL LA,43
4,OTHER STATE LAWS  NON PENAL LAW ,1
4,PETIT LARCENY,10194
4,PETIT LARCENY OF MOTOR VEHICLE,10
4,POSSESSION OF STOLEN PROPERTY,187
4,PROSTITUTION & RELATED OFFENSES,11
4,SEX CRIMES,323
4,UNAUTHORIZED USE OF A VEHICLE,57
4,VEHICLE AND TRAFFIC LAWS,205
5,ADMINISTRATIVE CODE,49
5,AGRICULTURE & MRKTS LAW-UNCLASSIFIED,3
5,ALCOHOLIC BEVERAGE CONTROL LAW,5
5,ANTICIPATORY OFFENSES,1
5,ASSAULT 3 & RELATED OFFENSES,4263
5,BURGLARS TOOLS,23
5,CRIMINAL MISCHIEF & RELATED OF,3296
5,CRIMINAL TRESPASS,1098
5,DANGEROUS DRUGS,2203
5,DANGEROUS WEAPONS,340
5,ENDAN WELFARE INCOMP,1
5,ESCAPE 3,1
5,FRAUDS,335
5,FRAUDULENT ACCOSTING,60
5,GAMBLING,50
5,INTOXICATED & IMPAIRED DRIVING,320
5,JOSTLING,6
5,NEW YORK CITY HEALTH CODE,1
5,OFF. AGNST PUB ORD SENSBLTY &,2769
5,OFFENSES AGAINST PUBLIC ADMINI,944
5,OFFENSES AGAINST PUBLIC SAFETY,1
5,OFFENSES AGAINST THE PERSON,92
5,OFFENSES INVOLVING FRAUD,188
5,OFFENSES RELATED TO CHILDREN,4
5,OTHER OFFENSES RELATED TO THEF,120
5,OTHER STATE LAWS  NON PENAL LA,38
5,PETIT LARCENY,11185
5,PETIT LARCENY OF MOTOR VEHICLE,10
5,POSSESSION OF STOLEN PROPERTY,211
5,PROSTITUTION & RELATED OFFENSES,5
5,SEX CRIMES,344
5,UNAUTHORIZED USE OF A VEHICLE,60
5,VEHICLE AND TRAFFIC LAWS,218
6,ADMINISTRATIVE CODE,45
6,AGRICULTURE & MRKTS LAW-UNCLASSIFIED,1
6,ALCOHOLIC BEVERAGE CONTROL LAW,15
6,ANTICIPATORY OFFENSES,1
6,ASSAULT 3 & RELATED OFFENSES,4160
6,BURGLARS TOOLS,11
6,CRIMINAL MISCHIEF & RELATED OF,3418
6,CRIMINAL TRESPASS,850
6,DANGEROUS DRUGS,2166
6,DANGEROUS WEAPONS,331
6,DISRUPTION OF A RELIGIOUS SERV,2
6,ENDAN WELFARE INCOMP,2
6,ESCAPE 3,2
6,FRAUDS,325
6,FRAUDULENT ACCOSTING,45
6,GAMBLING,60
6,INTOXICATED & IMPAIRED DRIVING,283
6,JOSTLING,5
6,OFF. AGNST PUB ORD SENSBLTY &,2495
6,OFFENSES AGAINST PUBLIC ADMINI,904
6,OFFENSES AGAINST PUBLIC SAFETY,7
6,OFFENSES AGAINST THE PERSON,88
6,OFFENSES INVOLVING FRAUD,119
6,OFFENSES RELATED TO CHILDREN,5
6,OTHER OFFENSES RELATED TO THEF,121
6,OTHER STATE LAWS  NON PENAL LA,55
6,PETIT LARCENY,11198
6,PETIT LARCENY OF MOTOR VEHICLE,13
6,POSSESSION OF STOLEN PROPERTY,175
6,PROSTITUTION & RELATED OFFENSES,6
6,SEX CRIMES,353
6,UNAUTHORIZED USE OF A VEHICLE,69
6,VEHICLE AND TRAFFIC LAWS,202
7,ADMINISTRATIVE CODE,63
7,ALCOHOLIC BEVERAGE CONTROL LAW,12
7,ANTICIPATORY OFFENSES,1
7,ASSAULT 3 & RELATED OFFENSES,4238
7,BURGLARS TOOLS,27
7,CRIMINAL MISCHIEF & RELATED OF,3460
7,CRIMINAL TRESPASS,776
7,DANGEROUS DRUGS,2257
7,DANGEROUS WEAPONS,352
7,ESCAPE 3,1
7,FRAUDS,363
7,FRAUDULENT ACCOSTING,79
7,GAMBLING,50
7,INTOXICATED & IMPAIRED DRIVING,286
7,JOSTLING,3
7,NEW YORK CITY HEALTH CODE,3
7,OFF. AGNST PUB ORD SENSBLTY &,2588
7,OFFENSES AGAINST PUBLIC ADMINI,908
7,OFFENSES AGAINST PUBLIC SAFETY,28
7,OFFENSES AGAINST THE PERSON,132
7,OFFENSES INVOLVING FRAUD,160
7,OFFENSES RELATED TO CHILDREN,6
7,OTHER OFFENSES RELATED TO THEF,112
7,OTHER STATE LAWS  NON PENAL LA,53
7,PETIT LARCENY,11795
7,PETIT LARCENY OF MOTOR VEHICLE,10
7,POSSESSION OF STOLEN PROPERTY,188
7,PROSTITUTION & RELATED OFFENSES,4
7,SEX CRIMES,354
7,UNAUTHORIZED USE OF A VEHICLE,81
7,VEHICLE AND TRAFFIC LAWS,174
8,ADMINISTRATIVE CODE,66
8,AGRICULTURE & MRKTS LAW-UNCLASSIFIED,3
8,ALCOHOLIC BEVERAGE CONTROL LAW,3
8,ANTICIPATORY OFFENSES,1
8,ASSAULT 3 & RELATED OFFENSES,4073
8,BURGLARS TOOLS,24
8,CRIMINAL MISCHIEF & RELATED OF,3499
8,CRIMINAL TRESPASS,817
8,DANGEROUS DRUGS,2271
8,DANGEROUS WEAPONS,353
8,ENDAN WELFARE INCOMP,1
8,ESCAPE 3,3
8,FORTUNE TELLING,1
8,FRAUDS,374
8,FRAUDULENT ACCOSTING,76
8,GAMBLING,69
8,INTOXICATED & IMPAIRED DRIVING,262
8,JOSTLING,1
8,NEW YORK CITY HEALTH CODE,2
8,OFF. AGNST PUB ORD SENSBLTY &,2702
8,OFFENSES AGAINST PUBLIC ADMINI,934
8,OFFENSES AGAINST PUBLIC SAFETY,2
8,OFFENSES AGAINST THE PERSON,121
8,OFFENSES INVOLVING FRAUD,115
8,OFFENSES RELATED TO CHILDREN,7
8,OTHER OFFENSES RELATED TO THEF,120
8,OTHER STATE LAWS  NON PENAL LA,38
8,OTHER STATE LAWS  NON PENAL LAW ,1
8,PETIT LARCENY,12080
8,PETIT LARCENY OF MOTOR VEHICLE,11
8,POSSESSION OF STOLEN PROPERTY,221
8,PROSTITUTION & RELATED OFFENSES,8
8,SEX CRIMES,385
8,UNAUTHORIZED USE OF A VEHICLE,77
8,VEHICLE AND TRAFFIC LAWS,194
9,ADMINISTRATIVE CODE,48
9,AGRICULTURE & MRKTS LAW-UNCLASSIFIED,3
9,ALCOHOLIC BEVERAGE CONTROL LAW,7
9,ANTICIPATORY OFFENSES,2
9,ASSAULT 3 & RELATED OFFENSES,3868
9,BURGLARS TOOLS,26
9,CRIMINAL MISCHIEF & RELATED OF,3105
9,CRIMINAL TRESPASS,881
9,DANGEROUS DRUGS,2229
9,DANGEROUS WEAPONS,319
9,ENDAN WELFARE INCOMP,2
9,ESCAPE 3,2
9,FRAUDS,306
9,FRAUDULENT ACCOSTING,65
9,GAMBLING,55
9,INTOXICATED & IMPAIRED DRIVING,269
9,JOSTLING,2
9,NEW YORK CITY HEALTH CODE,1
9,OFF. AGNST PUB ORD SENSBLTY &,2609
9,OFFENSES AGAINST PUBLIC ADMINI,795
9,OFFENSES AGAINST PUBLIC SAFETY,2
9,OFFENSES AGAINST THE PERSON,78
9,OFFENSES INVOLVING FRAUD,120
9,OFFENSES RELATED TO CHILDREN,3
9,OTHER OFFENSES RELATED TO THEF,103
9,OTHER STATE LAWS  NON PENAL LA,38
9,PETIT LARCENY,11134
9,PETIT LARCENY OF MOTOR VEHICLE,9
9,POSSESSION OF STOLEN PROPERTY,182
9,PROSTITUTION & RELATED OFFENSES,6
9,SEX CRIMES,327
9,UNAUTHORIZED USE OF A VEHICLE,65
9,VEHICLE AND TRAFFIC LAWS,177
10,ADMINISTRATIVE CODE,53
10,ALCOHOLIC BEVERAGE CONTROL LAW,8
10,ASSAULT 3 & RELATED OFFENSES,3750
10,BURGLARS TOOLS,24
10,CRIMINAL MISCHIEF & RELATED OF,3267
10,CRIMINAL TRESPASS,1072
10,DANGEROUS DRUGS,2391
10,DANGEROUS WEAPONS,368
10,ENDAN WELFARE INCOMP,3
10,ESCAPE 3,2
10,FRAUDS,332
10,FRAUDULENT ACCOSTING,68
10,GAMBLING,39
10,INTOXICATED & IMPAIRED DRIVING,316
10,JOSTLING,4
10,LOITERING FOR DRUG PURPOSES,1
10,OFF. AGNST PUB ORD SENSBLTY &,2491
10,OFFENSES AGAINST PUBLIC ADMINI,894
10,OFFENSES AGAINST PUBLIC SAFETY,3
10,OFFENSES AGAINST THE PERSON,72
10,OFFENSES INVOLVING FRAUD,190
10,OFFENSES RELATED TO CHILDREN,2
10,OTHER OFFENSES RELATED TO THEF,124
10,OTHER STATE LAWS  NON PENAL LA,48
10,PETIT LARCENY,11301
10,PETIT LARCENY OF MOTOR VEHICLE,6
10,POSSESSION OF STOLEN PROPERTY,191
10,PROSTITUTION & RELATED OFFENSES,6
10,SEX CRIMES,333
10,UNAUTHORIZED USE OF A VEHICLE,60
10,VEHICLE AND TRAFFIC LAWS,213
11,ADMINISTRATIVE CODE,43
11,AGRICULTURE & MRKTS LAW-UNCLASSIFIED,2
11,ALCOHOLIC BEVERAGE CONTROL LAW,10
11,ANTICIPATORY OFFENSES,2
11,ASSAULT 3 & RELATED OFFENSES,3866
11,BURGLARS TOOLS,34
11,CRIMINAL MISCHIEF & RELATED OF,2760
11,CRIMINAL TRESPASS,1168
11,DANGEROUS DRUGS,2051
11,DANGEROUS WEAPONS,348
11,FRAUDS,323
11,FRAUDULENT ACCOSTING,70
11,GAMBLING,23
11,INTOXICATED & IMPAIRED DRIVING,293
11,JOSTLING,5
11,OFF. AGNST PUB ORD SENSBLTY &,2455
11,OFFENSES AGAINST PUBLIC ADMINI,744
11,OFFENSES AGAINST THE PERSON,60
11,OFFENSES INVOLVING FRAUD,159
11,OFFENSES RELATED TO CHILDREN,2
11,OTHER OFFENSES RELATED TO THEF,120
11,OTHER STATE LAWS  NON PENAL LA,34
11,PETIT LARCENY,10583
11,PETIT LARCENY OF MOTOR VEHICLE,2
11,POSSESSION OF STOLEN PROPERTY,181
11,PROSTITUTION & RELATED OFFENSES,4
11,SEX CRIMES,328
11,UNAUTHORIZED USE OF A VEHICLE,56
11,VEHICLE AND TRAFFIC LAWS,186
12,ADMINISTRATIVE CODE,47
12,AGRICULTURE & MRKTS LAW-UNCLASSIFIED,4
12,ALCOHOLIC BEVERAGE CONTROL LAW,8
12,ANTICIPATORY OFFENSES,2
12,ASSAULT 3 & RELATED OFFENSES,3841
12,BURGLARS TOOLS  ,22
12,CRIMINAL MISCHIEF & RELATED OF,2826
12,CRIMINAL TRESPASS,1117
12,DANGEROUS DRUGS,1945
12,DANGEROUS WEAPONS,302
12,FRAUDS,340
12,FRAUDULENT ACCOSTING,67
12,GAMBLING,18
12,INTOXICATED & IMPAIRED DRIVING,241
12,JOSTLING,8
12,LOITERING FOR DRUG PURPOSES,1
12,OFF. AGNST PUB ORD SENSBLTY &,2297
12,OFFENSES AGAINST PUBLIC ADMINI,786
12,OFFENSES AGAINST PUBLIC SAFETY,8
12,OFFENSES AGAINST THE PERSON,58
12,OFFENSES INVOLVING FRAUD,154
12,OFFENSES RELATED TO CHILDREN,3
12,OTHER OFFENSES RELATED TO THEF,105
12,OTHER STATE LAWS  NON PENAL LA,34
12,PETIT LARCENY,10601
12,PETIT LARCENY OF MOTOR VEHICLE,4
12,POSSESSION OF STOLEN PROPERTY,194
12,PROSTITUTION & RELATED OFFENSES,4
12,SEX CRIMES,336
12,UNAUTHORIZED USE OF A VEHICLE,55
12,VEHICLE AND TRAFFIC LAWS,165
