  01,ADMINISTRATIVE CODE, 104 
  01,AGRICULTURE & MRKTS LAW-UNCLASSIFIED, 1 
  01,ALCOHOLIC BEVERAGE CONTROL LAW, 20 
  01,ASSAULT 3 & RELATED OFFENSES, 5525 
  01, BURGLARS TOOLS   13 
  01,CRIMINAL MISCHIEF & RELATED OF, 4855 
  01,CRIMINAL TRESPASS, 1508 
  01,DANGEROUS DRUGS, 3594 
  01,DANGEROUS WEAPONS, 821 
  01,ENDAN WELFARE INCOMP, 1 
  01,FRAUDS, 320 
  01,FRAUDULENT ACCOSTING, 4 
  01,GAMBLING, 10 
  01,INTOXICATED & IMPAIRED DRIVING, 196 
  01,JOSTLING, 1 
  01,LOITERING FOR DRUG PURPOSES, 6 
  01,NEW YORK CITY HEALTH CODE, 1 
  01,OFF. AGNST PUB ORD SENSBLTY &, 3265 
  01,OFFENSES AGAINST PUBLIC ADMINI, 1401 
  01,OFFENSES AGAINST PUBLIC SAFETY, 2 
  01,OFFENSES AGAINST THE PERSON, 82 
  01,OFFENSES INVOLVING FRAUD, 122 
  01,OFFENSES RELATED TO CHILDREN, 26 
  01,OTHER OFFENSES RELATED TO THEF, 74 
  01,OTHER STATE LAWS  NON PENAL LA, 94 
  01,PETIT LARCENY, 6960 
  01,PETIT LARCENY OF MOTOR VEHICLE, 6 
  01,POSSESSION OF STOLEN PROPERTY, 172 
  01,PROSTITUTION & RELATED OFFENSES, 3 
  01,SEX CRIMES, 431 
  01,UNAUTHORIZED USE OF A VEHICLE, 90 
  01,VEHICLE AND TRAFFIC LAWS, 197 
  02,ADMINISTRATIVE CODE, 79 
  02,AGRICULTURE & MRKTS LAW-UNCLASSIFIED, 1 
  02,ALCOHOLIC BEVERAGE CONTROL LAW, 22 
  02,ANTICIPATORY OFFENSES, 1 
  02,ASSAULT 3 & RELATED OFFENSES, 5205 
  02, BURGLARS TOOLS   4 
  02,CRIMINAL MISCHIEF & RELATED OF, 3979 
  02,CRIMINAL TRESPASS, 1339 
  02,DANGEROUS DRUGS, 3385 
  02,DANGEROUS WEAPONS, 760 
  02,DISRUPTION OF A RELIGIOUS SERV, 1 
  02,ESCAPE 3, 1 
  02,FRAUDS, 241 
  02,FRAUDULENT ACCOSTING, 9 
  02,GAMBLING, 12 
  02,INTOXICATED & IMPAIRED DRIVING, 194 
  02,JOSTLING, 2 
  02,OFF. AGNST PUB ORD SENSBLTY &, 2937 
  02,OFFENSES AGAINST PUBLIC ADMINI, 1323 
  02,OFFENSES AGAINST PUBLIC SAFETY, 2 
  02,OFFENSES AGAINST THE PERSON, 79 
  02,OFFENSES INVOLVING FRAUD, 78 
  02,OFFENSES RELATED TO CHILDREN, 15 
  02,OTHER OFFENSES RELATED TO THEF, 72 
  02,OTHER STATE LAWS  NON PENAL LA, 85 
  02,PETIT LARCENY, 5724 
  02,PETIT LARCENY OF MOTOR VEHICLE, 7 
  02,POSSESSION OF STOLEN PROPERTY, 135 
  02,PROSTITUTION & RELATED OFFENSES, 5 
  02,SEX CRIMES, 356 
  02,UNAUTHORIZED USE OF A VEHICLE, 81 
  02,VEHICLE AND TRAFFIC LAWS, 214 
  03,ADMINISTRATIVE CODE, 87 
  03,ALCOHOLIC BEVERAGE CONTROL LAW, 10 
  03,ANTICIPATORY OFFENSES, 1 
  03,ASSAULT 3 & RELATED OFFENSES, 6007 
  03, BURGLARS TOOLS   9 
  03,CRIMINAL MISCHIEF & RELATED OF, 5122 
  03,CRIMINAL TRESPASS, 1355 
  03,DANGEROUS DRUGS, 3588 
  03,DANGEROUS WEAPONS, 768 
  03,ENDAN WELFARE INCOMP, 2 
  03,ESCAPE 3, 2 
  03,FRAUDS, 238 
  03,FRAUDULENT ACCOSTING, 6 
  03,GAMBLING, 22 
  03,INTOXICATED & IMPAIRED DRIVING, 238 
  03,OFF. AGNST PUB ORD SENSBLTY &, 3391 
  03,OFFENSES AGAINST PUBLIC ADMINI, 1556 
  03,OFFENSES AGAINST PUBLIC SAFETY, 4 
  03,OFFENSES AGAINST THE PERSON, 122 
  03,OFFENSES INVOLVING FRAUD, 104 
  03,OFFENSES RELATED TO CHILDREN, 18 
  03,OTHER OFFENSES RELATED TO THEF, 75 
  03,OTHER STATE LAWS  NON PENAL LA, 81 
  03,PETIT LARCENY, 6788 
  03,PETIT LARCENY OF MOTOR VEHICLE, 5 
  03,POSSESSION OF STOLEN PROPERTY, 175 
  03,PROSTITUTION & RELATED OFFENSES, 5 
  03,SEX CRIMES, 438 
  03,UNAUTHORIZED USE OF A VEHICLE, 75 
  03,VEHICLE AND TRAFFIC LAWS, 241 
  04,ADMINISTRATIVE CODE, 73 
  04,AGRICULTURE & MRKTS LAW-UNCLASSIFIED, 1 
  04,ALCOHOLIC BEVERAGE CONTROL LAW, 24 
  04,ASSAULT 3 & RELATED OFFENSES, 5934 
  04, BURGLARS TOOLS   7 
  04,CRIMINAL MISCHIEF & RELATED OF, 5182 
  04,CRIMINAL TRESPASS, 1045 
  04,DANGEROUS DRUGS, 3494 
  04,DANGEROUS WEAPONS, 822 
  04,DISRUPTION OF A RELIGIOUS SERV, 1 
  04,ENDAN WELFARE INCOMP, 1 
  04,ESCAPE 3, 3 
  04,FRAUDS, 206 
  04,FRAUDULENT ACCOSTING, 6 
  04,GAMBLING, 31 
  04,INTOXICATED & IMPAIRED DRIVING, 217 
  04,OFF. AGNST PUB ORD SENSBLTY &, 3234 
  04,OFFENSES AGAINST PUBLIC ADMINI, 1526 
  04,OFFENSES AGAINST PUBLIC SAFETY, 4 
  04,OFFENSES AGAINST THE PERSON, 113 
  04,OFFENSES INVOLVING FRAUD, 103 
  04,OFFENSES RELATED TO CHILDREN, 16 
  04,OTHER OFFENSES RELATED TO THEF, 76 
  04,OTHER STATE LAWS  NON PENAL LA, 64 
  04,PETIT LARCENY, 6917 
  04,PETIT LARCENY OF MOTOR VEHICLE, 2 
  04,POSSESSION OF STOLEN PROPERTY, 150 
  04,PROSTITUTION & RELATED OFFENSES, 3 
  04,SEX CRIMES, 380 
  04,UNAUTHORIZED USE OF A VEHICLE, 88 
  04,VEHICLE AND TRAFFIC LAWS, 200 
  05,ADMINISTRATIVE CODE, 91 
  05,AGRICULTURE & MRKTS LAW-UNCLASSIFIED, 5 
  05,ALCOHOLIC BEVERAGE CONTROL LAW, 28 
  05,ANTICIPATORY OFFENSES, 1 
  05,ASSAULT 3 & RELATED OFFENSES, 6506 
  05, BURGLARS TOOLS   10 
  05,CRIMINAL MISCHIEF & RELATED OF, 5331 
  05,CRIMINAL TRESPASS, 951 
  05,DANGEROUS DRUGS, 3449 
  05,DANGEROUS WEAPONS, 756 
  05,DISRUPTION OF A RELIGIOUS SERV, 1 
  05,ESCAPE 3, 2 
  05,FRAUDS, 192 
  05,FRAUDULENT ACCOSTING, 8 
  05,GAMBLING, 27 
  05,INTOXICATED & IMPAIRED DRIVING, 208 
  05,NEW YORK CITY HEALTH CODE, 1 
  05,OFF. AGNST PUB ORD SENSBLTY &, 3211 
  05,OFFENSES AGAINST PUBLIC ADMINI, 1626 
  05,OFFENSES AGAINST PUBLIC SAFETY, 2 
  05,OFFENSES AGAINST THE PERSON, 130 
  05,OFFENSES INVOLVING FRAUD, 92 
  05,OFFENSES RELATED TO CHILDREN, 11 
  05,OTHER OFFENSES RELATED TO THEF, 68 
  05,OTHER STATE LAWS  NON PENAL LA, 67 
  05,PETIT LARCENY, 7747 
  05,PETIT LARCENY OF MOTOR VEHICLE, 4 
  05,POSSESSION OF STOLEN PROPERTY, 167 
  05,PROSTITUTION & RELATED OFFENSES, 3 
  05,SEX CRIMES, 391 
  05,UNAUTHORIZED USE OF A VEHICLE, 98 
  05,VEHICLE AND TRAFFIC LAWS, 243 
  06,ADMINISTRATIVE CODE, 94 
  06,AGRICULTURE & MRKTS LAW-UNCLASSIFIED, 2 
  06,ALCOHOLIC BEVERAGE CONTROL LAW, 16 
  06,ASSAULT 3 & RELATED OFFENSES, 6239 
  06, BURGLARS TOOLS   9 
  06,CRIMINAL MISCHIEF & RELATED OF, 5238 
  06,CRIMINAL TRESPASS, 786 
  06,DANGEROUS DRUGS, 3216 
  06,DANGEROUS WEAPONS, 690 
  06,ENDAN WELFARE INCOMP, 1 
  06,ESCAPE 3, 1 
  06,FRAUDS, 211 
  06,FRAUDULENT ACCOSTING, 6 
  06,GAMBLING, 29 
  06,INTOXICATED & IMPAIRED DRIVING, 179 
  06,NEW YORK CITY HEALTH CODE, 1 
  06,OFF. AGNST PUB ORD SENSBLTY &, 3237 
  06,OFFENSES AGAINST PUBLIC ADMINI, 1553 
  06,OFFENSES AGAINST PUBLIC SAFETY, 9 
  06,OFFENSES AGAINST THE PERSON, 110 
  06,OFFENSES INVOLVING FRAUD, 83 
  06,OFFENSES RELATED TO CHILDREN, 18 
  06,OTHER OFFENSES RELATED TO THEF, 77 
  06,OTHER STATE LAWS  NON PENAL LA, 66 
  06,OTHER STATE LAWS  NON PENAL LAW , 2 
  06,PETIT LARCENY, 7670 
  06,PETIT LARCENY OF MOTOR VEHICLE, 5 
  06,POSSESSION OF STOLEN PROPERTY, 148 
  06,PROSTITUTION & RELATED OFFENSES, 5 
  06,SEX CRIMES, 418 
  06,UNAUTHORIZED USE OF A VEHICLE, 103 
  06,VEHICLE AND TRAFFIC LAWS, 201 
  07,ADMINISTRATIVE CODE, 115 
  07,AGRICULTURE & MRKTS LAW-UNCLASSIFIED, 2 
  07,ALCOHOLIC BEVERAGE CONTROL LAW, 26 
  07,ASSAULT 3 & RELATED OFFENSES, 6525 
  07, BURGLARS TOOLS   13 
  07,CRIMINAL MISCHIEF & RELATED OF, 5242 
  07,CRIMINAL TRESPASS, 691 
  07,DANGEROUS DRUGS, 3285 
  07,DANGEROUS WEAPONS, 663 
  07,ESCAPE 3, 2 
  07,FRAUDS, 200 
  07,FRAUDULENT ACCOSTING, 5 
  07,GAMBLING, 39 
  07,INTOXICATED & IMPAIRED DRIVING, 191 
  07,JOSTLING, 1 
  07,OFF. AGNST PUB ORD SENSBLTY &, 3238 
  07,OFFENSES AGAINST PUBLIC ADMINI, 1688 
  07,OFFENSES AGAINST PUBLIC SAFETY, 66 
  07,OFFENSES AGAINST THE PERSON, 243 
  07,OFFENSES INVOLVING FRAUD, 90 
  07,OFFENSES RELATED TO CHILDREN, 11 
  07,OTHER OFFENSES RELATED TO THEF, 82 
  07,OTHER STATE LAWS  NON PENAL LA, 67 
  07,PETIT LARCENY, 7848 
  07,PETIT LARCENY OF MOTOR VEHICLE, 9 
  07,POSSESSION OF STOLEN PROPERTY, 166 
  07,PROSTITUTION & RELATED OFFENSES, 2 
  07,SEX CRIMES, 377 
  07,UNAUTHORIZED USE OF A VEHICLE, 108 
  07,VEHICLE AND TRAFFIC LAWS, 203 
  08,ADMINISTRATIVE CODE, 112 
  08,AGRICULTURE & MRKTS LAW-UNCLASSIFIED, 5 
  08,ALCOHOLIC BEVERAGE CONTROL LAW, 16 
  08,ANTICIPATORY OFFENSES, 2 
  08,ASSAULT 3 & RELATED OFFENSES, 6420 
  08, BURGLARS TOOLS   8 
  08,CRIMINAL MISCHIEF & RELATED OF, 5388 
  08,CRIMINAL TRESPASS, 802 
  08,DANGEROUS DRUGS, 3824 
  08,DANGEROUS WEAPONS, 764 
  08,ENDAN WELFARE INCOMP, 1 
  08,ESCAPE 3, 4 
  08,FRAUDS, 198 
  08,FRAUDULENT ACCOSTING, 10 
  08,GAMBLING, 43 
  08,INTOXICATED & IMPAIRED DRIVING, 190 
  08,OFF. AGNST PUB ORD SENSBLTY &, 3240 
  08,OFFENSES AGAINST MARRIAGE UNCL, 1 
  08,OFFENSES AGAINST PUBLIC ADMINI, 1612 
  08,OFFENSES AGAINST PUBLIC SAFETY, 1 
  08,OFFENSES AGAINST THE PERSON, 125 
  08,OFFENSES INVOLVING FRAUD, 97 
  08,OFFENSES RELATED TO CHILDREN, 22 
  08,OTHER OFFENSES RELATED TO THEF, 77 
  08,OTHER STATE LAWS  NON PENAL LA, 81 
  08,PETIT LARCENY, 8104 
  08,PETIT LARCENY OF MOTOR VEHICLE, 12 
  08,POSSESSION OF STOLEN PROPERTY, 136 
  08,PROSTITUTION & RELATED OFFENSES, 2 
  08,SEX CRIMES, 411 
  08,UNAUTHORIZED USE OF A VEHICLE, 114 
  08,VEHICLE AND TRAFFIC LAWS, 229 
  09,ADMINISTRATIVE CODE, 107 
  09,AGRICULTURE & MRKTS LAW-UNCLASSIFIED, 6 
  09,ALCOHOLIC BEVERAGE CONTROL LAW, 11 
  09,ANTICIPATORY OFFENSES, 1 
  09,ASSAULT 3 & RELATED OFFENSES, 5936 
  09, BURGLARS TOOLS   9 
  09,CRIMINAL MISCHIEF & RELATED OF, 4950 
  09,CRIMINAL TRESPASS, 724 
  09,DANGEROUS DRUGS, 3715 
  09,DANGEROUS WEAPONS, 683 
  09,ENDAN WELFARE INCOMP, 1 
  09,ESCAPE 3, 4 
  09,FRAUDS, 203 
  09,FRAUDULENT ACCOSTING, 10 
  09,GAMBLING, 49 
  09,INTOXICATED & IMPAIRED DRIVING, 182 
  09,JOSTLING, 3 
  09,OFF. AGNST PUB ORD SENSBLTY &, 3200 
  09,OFFENSES AGAINST PUBLIC ADMINI, 1597 
  09,OFFENSES AGAINST PUBLIC SAFETY, 3 
  09,OFFENSES AGAINST THE PERSON, 108 
  09,OFFENSES INVOLVING FRAUD, 86 
  09,OFFENSES RELATED TO CHILDREN, 15 
  09,OTHER OFFENSES RELATED TO THEF, 56 
  09,OTHER STATE LAWS  NON PENAL LA, 65 
  09,PETIT LARCENY, 7879 
  09,PETIT LARCENY OF MOTOR VEHICLE, 7 
  09,POSSESSION OF STOLEN PROPERTY, 162 
  09,PROSTITUTION & RELATED OFFENSES, 1 
  09,SEX CRIMES, 402 
  09,UNAUTHORIZED USE OF A VEHICLE, 86 
  09,VEHICLE AND TRAFFIC LAWS, 237 
  10,ADMINISTRATIVE CODE, 111 
  10,AGRICULTURE & MRKTS LAW-UNCLASSIFIED, 3 
  10,ALCOHOLIC BEVERAGE CONTROL LAW, 10 
  10,ANTICIPATORY OFFENSES, 2 
  10,ASSAULT 3 & RELATED OFFENSES, 5849 
  10, BURGLARS TOOLS   13 
  10,CRIMINAL MISCHIEF & RELATED OF, 5076 
  10,CRIMINAL TRESPASS, 989 
  10,DANGEROUS DRUGS, 3634 
  10,DANGEROUS WEAPONS, 798 
  10,ENDAN WELFARE INCOMP, 1 
  10,ESCAPE 3, 3 
  10,FRAUDS, 203 
  10,FRAUDULENT ACCOSTING, 9 
  10,GAMBLING, 39 
  10,INTOXICATED & IMPAIRED DRIVING, 193 
  10,LOITERING FOR DRUG PURPOSES, 2 
  10,OFF. AGNST PUB ORD SENSBLTY &, 3151 
  10,OFFENSES AGAINST PUBLIC ADMINI, 1606 
  10,OFFENSES AGAINST PUBLIC SAFETY, 5 
  10,OFFENSES AGAINST THE PERSON, 92 
  10,OFFENSES INVOLVING FRAUD, 78 
  10,OFFENSES RELATED TO CHILDREN, 21 
  10,OTHER OFFENSES RELATED TO THEF, 73 
  10,OTHER STATE LAWS  NON PENAL LA, 78 
  10,PETIT LARCENY, 8200 
  10,PETIT LARCENY OF MOTOR VEHICLE, 11 
  10,POSSESSION OF STOLEN PROPERTY, 133 
  10,PROSTITUTION & RELATED OFFENSES, 3 
  10,SEX CRIMES, 405 
  10,UNAUTHORIZED USE OF A VEHICLE, 101 
  10,VEHICLE AND TRAFFIC LAWS, 227 
  11,ADMINISTRATIVE CODE, 99 
  11,AGRICULTURE & MRKTS LAW-UNCLASSIFIED, 6 
  11,ALCOHOLIC BEVERAGE CONTROL LAW, 23 
  11,ASSAULT 3 & RELATED OFFENSES, 5651 
  11, BURGLARS TOOLS   7 
  11,CRIMINAL MISCHIEF & RELATED OF, 4685 
  11,CRIMINAL TRESPASS, 989 
  11,DANGEROUS DRUGS, 3093 
  11,DANGEROUS WEAPONS, 684 
  11,ENDAN WELFARE INCOMP, 1 
  11,ESCAPE 3, 3 
  11,FRAUDS, 170 
  11,FRAUDULENT ACCOSTING, 6 
  11,GAMBLING, 22 
  11,INTOXICATED & IMPAIRED DRIVING, 210 
  11,JOSTLING, 1 
  11,NEW YORK CITY HEALTH CODE, 1 
  11,OFF. AGNST PUB ORD SENSBLTY &, 3017 
  11,OFFENSES AGAINST PUBLIC ADMINI, 1397 
  11,OFFENSES AGAINST PUBLIC SAFETY, 1 
  11,OFFENSES AGAINST THE PERSON, 94 
  11,OFFENSES INVOLVING FRAUD, 101 
  11,OFFENSES RELATED TO CHILDREN, 13 
  11,OTHER OFFENSES RELATED TO THEF, 85 
  11,OTHER STATE LAWS  NON PENAL LA, 50 
  11,PETIT LARCENY, 7375 
  11,PETIT LARCENY OF MOTOR VEHICLE, 7 
  11,POSSESSION OF STOLEN PROPERTY, 139 
  11,PROSTITUTION & RELATED OFFENSES, 3 
  11,SEX CRIMES, 389 
  11,UNAUTHORIZED USE OF A VEHICLE, 98 
  11,VEHICLE AND TRAFFIC LAWS, 182 
  12,ADMINISTRATIVE CODE, 101 
  12,AGRICULTURE & MRKTS LAW-UNCLASSIFIED, 7 
  12,ALCOHOLIC BEVERAGE CONTROL LAW, 16 
  12,ASSAULT 3 & RELATED OFFENSES, 5338 
  12, BURGLARS TOOLS   8 
  12,CRIMINAL MISCHIEF & RELATED OF, 4642 
  12,CRIMINAL TRESPASS, 970 
  12,DANGEROUS DRUGS, 2791 
  12,DANGEROUS WEAPONS, 610 
  12,ENDAN WELFARE INCOMP, 1 
  12,FRAUDS, 181 
  12,FRAUDULENT ACCOSTING, 4 
  12,GAMBLING, 13 
  12,INTOXICATED & IMPAIRED DRIVING, 182 
  12,LOITERING FOR DRUG PURPOSES, 1 
  12,OFF. AGNST PUB ORD SENSBLTY &, 2855 
  12,OFFENSES AGAINST PUBLIC ADMINI, 1376 
  12,OFFENSES AGAINST THE PERSON, 79 
  12,OFFENSES INVOLVING FRAUD, 87 
  12,OFFENSES RELATED TO CHILDREN, 9 
  12,OTHER OFFENSES RELATED TO THEF, 65 
  12,OTHER STATE LAWS  NON PENAL LA, 65 
  12,PETIT LARCENY, 7245 
  12,PETIT LARCENY OF MOTOR VEHICLE, 4 
  12,POSSESSION OF STOLEN PROPERTY, 171 
  12,PROSTITUTION & RELATED OFFENSES, 3 
  12,SEX CRIMES, 337 
  12,UNAUTHORIZED USE OF A VEHICLE, 87 
  12,VEHICLE AND TRAFFIC LAWS, 173 
